/*
 Navicat Premium Data Transfer

 Source Server         : mysql5.7
 Source Server Type    : MySQL
 Source Server Version : 50720
 Source Host           : localhost:3306
 Source Schema         : hr

 Target Server Type    : MySQL
 Target Server Version : 50720
 File Encoding         : 65001

 Date: 17/04/2021 22:29:20
*/

SET NAMES utf8mb4;
SET FOREIGN_KEY_CHECKS = 0;

-- ----------------------------
-- Table structure for adjustsalary
-- ----------------------------
DROP TABLE IF EXISTS `adjustsalary`;
CREATE TABLE `adjustsalary`  (
  `id` int(11) NOT NULL AUTO_INCREMENT,
  `eid` int(11) NULL DEFAULT NULL,
  `asDate` date NULL DEFAULT NULL COMMENT '调薪日期',
  `beforeSalary` int(11) NULL DEFAULT NULL COMMENT '调前薪资',
  `afterSalary` int(11) NULL DEFAULT NULL COMMENT '调后薪资',
  `reason` varchar(255) CHARACTER SET utf8 COLLATE utf8_general_ci NULL DEFAULT NULL COMMENT '调薪原因',
  `remark` varchar(255) CHARACTER SET utf8 COLLATE utf8_general_ci NULL DEFAULT NULL COMMENT '备注',
  PRIMARY KEY (`id`) USING BTREE,
  INDEX `pid`(`eid`) USING BTREE,
  CONSTRAINT `adjustsalary_ibfk_1` FOREIGN KEY (`eid`) REFERENCES `employee` (`id`) ON DELETE RESTRICT ON UPDATE RESTRICT
) ENGINE = InnoDB AUTO_INCREMENT = 3 CHARACTER SET = utf8 COLLATE = utf8_general_ci ROW_FORMAT = Dynamic;

-- ----------------------------
-- Records of adjustsalary
-- ----------------------------
INSERT INTO `adjustsalary` VALUES (1, 1, '2021-02-28', 12000, 25000, '能力突出', NULL);
INSERT INTO `adjustsalary` VALUES (2, 2, '2021-03-21', 13000, 12000, '上班迟到', NULL);

-- ----------------------------
-- Table structure for appraise
-- ----------------------------
DROP TABLE IF EXISTS `appraise`;
CREATE TABLE `appraise`  (
  `id` int(11) NOT NULL AUTO_INCREMENT,
  `eid` int(11) NULL DEFAULT NULL,
  `appDate` date NULL DEFAULT NULL COMMENT '考评日期',
  `appResult` varchar(32) CHARACTER SET utf8 COLLATE utf8_general_ci NULL DEFAULT NULL COMMENT '考评结果',
  `appContent` varchar(255) CHARACTER SET utf8 COLLATE utf8_general_ci NULL DEFAULT NULL COMMENT '考评内容',
  `remark` varchar(255) CHARACTER SET utf8 COLLATE utf8_general_ci NULL DEFAULT NULL COMMENT '备注',
  PRIMARY KEY (`id`) USING BTREE,
  INDEX `pid`(`eid`) USING BTREE,
  CONSTRAINT `appraise_ibfk_1` FOREIGN KEY (`eid`) REFERENCES `employee` (`id`) ON DELETE RESTRICT ON UPDATE RESTRICT
) ENGINE = InnoDB AUTO_INCREMENT = 3 CHARACTER SET = utf8 COLLATE = utf8_general_ci ROW_FORMAT = Dynamic;

-- ----------------------------
-- Records of appraise
-- ----------------------------
INSERT INTO `appraise` VALUES (1, 1, '2021-02-28', '优秀', '入职培训', '非常优秀');
INSERT INTO `appraise` VALUES (2, 2, '2021-02-28', '合格', '岗位培训', '能力合格，能够在公司创造价值');

-- ----------------------------
-- Table structure for department
-- ----------------------------
DROP TABLE IF EXISTS `department`;
CREATE TABLE `department`  (
  `id` int(11) NOT NULL AUTO_INCREMENT,
  `name` varchar(32) CHARACTER SET utf8 COLLATE utf8_general_ci NULL DEFAULT NULL COMMENT '部门名称',
  `parentId` int(11) NULL DEFAULT NULL,
  `depPath` varchar(255) CHARACTER SET utf8 COLLATE utf8_general_ci NULL DEFAULT NULL,
  `enabled` tinyint(1) NULL DEFAULT 1,
  `isParent` tinyint(1) NULL DEFAULT 0,
  PRIMARY KEY (`id`) USING BTREE
) ENGINE = InnoDB AUTO_INCREMENT = 94 CHARACTER SET = utf8 COLLATE = utf8_general_ci ROW_FORMAT = Dynamic;

-- ----------------------------
-- Records of department
-- ----------------------------
INSERT INTO `department` VALUES (1, '总公司', -1, '.1', 1, 1);
INSERT INTO `department` VALUES (4, '分公司', 1, '.1.4', 1, 1);
INSERT INTO `department` VALUES (5, '总务部', 4, '.1.4.5', 1, 1);
INSERT INTO `department` VALUES (8, '财务部', 5, '.1.4.5.8', 1, 0);
INSERT INTO `department` VALUES (78, '市场部', 5, '.1.4.5.78', 1, 1);
INSERT INTO `department` VALUES (81, '华北市场部', 78, '.1.4.5.78.81', 0, 1);
INSERT INTO `department` VALUES (82, '华南市场部', 78, '.1.4.5.78.82', 1, 0);
INSERT INTO `department` VALUES (85, '石家庄市场部', 81, '.1.4.5.78.81.85', 1, 0);
INSERT INTO `department` VALUES (86, '西北市场部', 78, '.1.4.5.78.86', 1, 1);
INSERT INTO `department` VALUES (87, '西安市场', 86, '.1.4.5.78.86.87', 1, 1);
INSERT INTO `department` VALUES (89, '莲湖区市场', 87, '.1.4.5.78.86.87.89', 0, 0);
INSERT INTO `department` VALUES (91, '技术部', 5, '.1.4.5.91', 0, 0);
INSERT INTO `department` VALUES (92, '运维部', 5, '.1.4.5.92', 1, 1);
INSERT INTO `department` VALUES (93, '运维1部', 92, '.1.4.5.92.93', 0, 0);

-- ----------------------------
-- Table structure for employee
-- ----------------------------
DROP TABLE IF EXISTS `employee`;
CREATE TABLE `employee`  (
  `id` int(11) NOT NULL AUTO_INCREMENT COMMENT '员工编号',
  `name` varchar(10) CHARACTER SET utf8 COLLATE utf8_general_ci NULL DEFAULT NULL COMMENT '员工姓名',
  `gender` char(4) CHARACTER SET utf8 COLLATE utf8_general_ci NULL DEFAULT NULL COMMENT '性别',
  `birthday` date NULL DEFAULT NULL COMMENT '出生日期',
  `idCard` char(18) CHARACTER SET utf8 COLLATE utf8_general_ci NULL DEFAULT NULL COMMENT '身份证号',
  `wedlock` enum('已婚','未婚','离异') CHARACTER SET utf8 COLLATE utf8_general_ci NULL DEFAULT NULL COMMENT '婚姻状况',
  `nationId` int(8) NULL DEFAULT NULL COMMENT '民族',
  `nativePlace` varchar(20) CHARACTER SET utf8 COLLATE utf8_general_ci NULL DEFAULT NULL COMMENT '籍贯',
  `politicId` int(8) NULL DEFAULT NULL COMMENT '政治面貌',
  `email` varchar(20) CHARACTER SET utf8 COLLATE utf8_general_ci NULL DEFAULT NULL COMMENT '邮箱',
  `phone` varchar(11) CHARACTER SET utf8 COLLATE utf8_general_ci NULL DEFAULT NULL COMMENT '电话号码',
  `address` varchar(64) CHARACTER SET utf8 COLLATE utf8_general_ci NULL DEFAULT NULL COMMENT '联系地址',
  `departmentId` int(11) NULL DEFAULT NULL COMMENT '所属部门',
  `jobLevelId` int(11) NULL DEFAULT NULL COMMENT '职称ID',
  `posId` int(11) NULL DEFAULT NULL COMMENT '职位ID',
  `engageForm` varchar(8) CHARACTER SET utf8 COLLATE utf8_general_ci NULL DEFAULT NULL COMMENT '聘用形式',
  `tiptopDegree` enum('博士','硕士','本科','大专','高中','初中','小学','其他') CHARACTER SET utf8 COLLATE utf8_general_ci NULL DEFAULT NULL COMMENT '最高学历',
  `specialty` varchar(32) CHARACTER SET utf8 COLLATE utf8_general_ci NULL DEFAULT NULL COMMENT '所属专业',
  `school` varchar(32) CHARACTER SET utf8 COLLATE utf8_general_ci NULL DEFAULT NULL COMMENT '毕业院校',
  `beginDate` date NULL DEFAULT NULL COMMENT '入职日期',
  `workState` enum('在职','离职') CHARACTER SET utf8 COLLATE utf8_general_ci NULL DEFAULT '在职' COMMENT '在职状态',
  `workID` char(8) CHARACTER SET utf8 COLLATE utf8_general_ci NULL DEFAULT NULL COMMENT '工号',
  `contractTerm` double NULL DEFAULT NULL COMMENT '合同期限',
  `conversionTime` date NULL DEFAULT NULL COMMENT '转正日期',
  `notWorkDate` date NULL DEFAULT NULL COMMENT '离职日期',
  `beginContract` date NULL DEFAULT NULL COMMENT '合同起始日期',
  `endContract` date NULL DEFAULT NULL COMMENT '合同终止日期',
  `workAge` int(11) NULL DEFAULT NULL COMMENT '工龄',
  PRIMARY KEY (`id`) USING BTREE,
  INDEX `departmentId`(`departmentId`) USING BTREE,
  INDEX `jobId`(`jobLevelId`) USING BTREE,
  INDEX `dutyId`(`posId`) USING BTREE,
  INDEX `nationId`(`nationId`) USING BTREE,
  INDEX `politicId`(`politicId`) USING BTREE,
  INDEX `workID_key`(`workID`) USING BTREE,
  CONSTRAINT `employee_ibfk_1` FOREIGN KEY (`departmentId`) REFERENCES `department` (`id`) ON DELETE RESTRICT ON UPDATE RESTRICT,
  CONSTRAINT `employee_ibfk_2` FOREIGN KEY (`jobLevelId`) REFERENCES `joblevel` (`id`) ON DELETE RESTRICT ON UPDATE RESTRICT,
  CONSTRAINT `employee_ibfk_3` FOREIGN KEY (`posId`) REFERENCES `position` (`id`) ON DELETE RESTRICT ON UPDATE RESTRICT,
  CONSTRAINT `employee_ibfk_4` FOREIGN KEY (`nationId`) REFERENCES `nation` (`id`) ON DELETE RESTRICT ON UPDATE RESTRICT,
  CONSTRAINT `employee_ibfk_5` FOREIGN KEY (`politicId`) REFERENCES `politicsstatus` (`id`) ON DELETE RESTRICT ON UPDATE RESTRICT
) ENGINE = InnoDB AUTO_INCREMENT = 2914 CHARACTER SET = utf8 COLLATE = utf8_general_ci ROW_FORMAT = Dynamic;

-- ----------------------------
-- Records of employee
-- ----------------------------
INSERT INTO `employee` VALUES (1, 'boluo', '男', '2021-03-28', '421288198902011211', '已婚', 1, '成都', 3, 'boluo@hotmail.com', '11111111111', '成都', 1, 10, 30, NULL, NULL, NULL, NULL, NULL, NULL, '00000001', NULL, NULL, NULL, NULL, NULL, NULL);
INSERT INTO `employee` VALUES (2, '陈静', '女', '1989-02-01', '421288198902011234', '已婚', 1, '海南', 1, 'chenjing@qq.com', '18795556693', '海南省海口市美兰区', 91, 12, 29, '劳动合同', '高中', '市场营销', '武汉大学', '2015-06-09', '在职', '00000002', 3, '2015-09-10', NULL, '2015-06-09', '2018-06-08', NULL);
INSERT INTO `employee` VALUES (3, '赵琳浩', '男', '1993-03-04', '610122199303041456', '未婚', 1, '陕西', 3, 'zhao@qq.com', '15698887795', '陕西省西安市莲湖区', 91, 12, 33, '劳动合同', '博士', '电子工程', '哈尔滨理工大学', '2018-01-01', '在职', '00000003', 3.5, '2018-04-01', NULL, '2018-01-01', '2021-07-14', NULL);
INSERT INTO `employee` VALUES (4, '鹿存亮', '男', '1990-01-02', '610122199001031456', '已婚', 2, '陕西', 2, 'zhao@qq.com', '15612347795', '陕西省西安市莲湖区', 92, 12, 34, '劳动合同', '高中', '电子工程', '哈尔滨理工大学', '2017-12-31', '在职', '00000056', 3.5, '2018-03-31', NULL, '2017-12-31', '2021-07-13', NULL);
INSERT INTO `employee` VALUES (5, '姚森', '男', '1991-02-05', '610122199102058952', '已婚', 1, '河南', 3, 'yaosen@qq.com', '14785559936', '河南洛阳人民大道58号', 92, 15, 34, '劳动合同', '硕士', '室内装修设计', '西北大学', '2017-01-02', '在职', '00000005', 7, '2017-04-02', NULL, '2017-01-02', '2024-01-17', NULL);
INSERT INTO `employee` VALUES (6, '云星', '女', '1993-01-05', '610122199301054789', '已婚', 1, '陕西西安', 1, 'yunxing@qq.com', '15644442252', '陕西西安新城区', 92, 16, 34, '劳务合同', '硕士', '通信工程', '西安电子科技学校', '2018-01-01', '在职', '00000006', 5.25, '2018-04-01', NULL, '2018-01-01', '2023-04-13', NULL);
INSERT INTO `employee` VALUES (7, '贾旭明', '男', '1993-11-11', '610122199311111234', '已婚', 1, '广东广州', 4, 'jiaxuming@qq.com', '15644441234', '广东省广州市天河区冼村路', 78, 15, 33, '劳务合同', '初中', '通信工程', '西北大学', '2018-01-01', '在职', '00000007', 5.25, '2018-04-01', NULL, '2018-01-01', '2023-04-13', NULL);
INSERT INTO `employee` VALUES (8, '张黎明', '男', '1991-02-01', '610144199102014569', '已婚', 1, '广东', 6, 'zhangliming@qq.com', '18979994478', '广东珠海', 91, 15, 33, '劳动合同', '高中', '考古', '清华大学', '2018-01-01', '在职', '00000008', 7, '2018-04-01', NULL, '2018-01-01', '2025-01-30', NULL);
INSERT INTO `employee` VALUES (9, '薛磊', '男', '1992-07-01', '610144199207017895', '已婚', 1, '陕西西安', 13, 'xuelei@qq.com', '15648887741', '西安市雁塔区', 92, 14, 34, '劳动合同', '初中', '无', '华胥中学', '2018-01-01', '在职', '00000009', 6, '2018-04-01', NULL, '2018-01-01', '2024-01-17', NULL);
INSERT INTO `employee` VALUES (10, '张洁', '女', '1990-10-07', '420177199010093652', '未婚', 1, '海南', 5, 'zhangjie@qq.com', '13695557742', '海口市美兰区', 92, 16, 34, '劳动合同', '高中', '无', '海南侨中', '2017-12-30', '在职', '00000056', 1, '2018-01-29', NULL, '2017-12-30', '2018-12-30', NULL);
INSERT INTO `employee` VALUES (12, '陈静2', '女', '1989-02-01', '421288198902011234', '已婚', 1, '海南', 1, 'chenjing@qq.com', '18795556693', '海南省海口市美兰区', 82, 12, 30, '劳动合同', '高中', '市场营销', '武汉大学', '2015-06-09', '在职', '00000012', 3, '2015-09-10', NULL, '2015-06-09', '2018-06-08', NULL);
INSERT INTO `employee` VALUES (13, '赵琳浩2', '男', '1993-03-04', '610122199303041456', '未婚', 1, '陕西', 3, 'zhao@qq.com', '15698887795', '陕西省西安市莲湖区', 91, 12, 33, '劳动合同', '博士', '电子工程', '哈尔滨理工大学', '2018-01-01', '在职', '00000013', 3.5, '2018-04-01', NULL, '2018-01-01', '2021-07-14', NULL);
INSERT INTO `employee` VALUES (14, '鹿存亮2', '男', '1990-01-03', '610122199001031456', '已婚', 1, '陕西', 3, 'zhao@qq.com', '15612347795', '陕西省西安市莲湖区', 92, 12, 34, '劳动合同', '高中', '电子工程', '哈尔滨理工大学', '2018-01-01', '在职', '00000014', 3.5, '2018-04-01', NULL, '2018-01-01', '2021-07-14', NULL);
INSERT INTO `employee` VALUES (15, '姚森2', '男', '1991-02-05', '610122199102058952', '已婚', 1, '河南', 3, 'yaosen@qq.com', '14785559936', '河南洛阳人民大道58号', 92, 15, 34, '劳动合同', '初中', '室内装修设计', '西北大学', '2017-01-02', '在职', '00000015', 7, '2017-04-02', NULL, '2017-01-02', '2024-01-17', NULL);
INSERT INTO `employee` VALUES (16, '云星2', '女', '1993-01-05', '610122199301054789', '已婚', 1, '陕西西安', 1, 'yunxing@qq.com', '15644442252', '陕西西安新城区', 92, 16, 34, '劳务合同', '硕士', '通信工程', '西安电子科技学校', '2018-01-01', '在职', '00000016', 5.25, '2018-04-01', NULL, '2018-01-01', '2023-04-13', NULL);
INSERT INTO `employee` VALUES (17, '贾旭明2', '男', '1993-11-11', '610122199311111234', '已婚', 1, '广东广州', 4, 'jiaxuming@qq.com', '15644441234', '广东省广州市天河区冼村路', 78, 15, 33, '劳务合同', '初中', '通信工程', '西北大学', '2018-01-01', '在职', '00000017', 5.25, '2018-04-01', NULL, '2018-01-01', '2023-04-13', NULL);
INSERT INTO `employee` VALUES (18, '王一亭', '男', '1991-02-01', '610144199102014569', '已婚', 1, '广东', 6, 'zhangliming@qq.com', '18979994478', '广东珠海', 91, 15, 33, '劳动合同', '高中', '考古', '清华大学', '2018-01-01', '在职', '00000018', 7, '2018-04-01', NULL, '2018-01-01', '2025-01-30', NULL);
INSERT INTO `employee` VALUES (19, '薛磊2', '男', '1992-07-01', '610144199207017895', '已婚', 1, '陕西西安', 13, 'xuelei@qq.com', '15648887741', '西安市雁塔区', 92, 14, 34, '劳动合同', '初中', '无', '华胥中学', '2018-01-01', '在职', '00000019', 1, '2018-04-01', NULL, '2018-01-01', '2019-01-01', NULL);
INSERT INTO `employee` VALUES (20, '张洁2', '女', '1990-10-09', '420177199010093652', '未婚', 1, '海南', 5, 'zhangjie@qq.com', '13695557742', '海口市美兰区', 92, 16, 34, '劳动合同', '高中', '无', '海南侨中', '2018-01-01', '在职', '00000020', 1, '2018-01-31', NULL, '2018-01-01', '2019-01-01', NULL);
INSERT INTO `employee` VALUES (22, '陈静3', '女', '1989-02-01', '421288198902011234', '已婚', 1, '海南', 1, 'chenjing@qq.com', '18795556693', '海南省海口市美兰区', 82, 12, 30, '劳动合同', '高中', '市场营销', '武汉大学', '2015-06-09', '在职', '00000022', 3, '2015-09-10', NULL, '2015-06-09', '2018-06-08', NULL);
INSERT INTO `employee` VALUES (24, '鹿存亮3', '男', '1990-01-03', '610122199001031456', '已婚', 1, '陕西', 3, 'zhao@qq.com', '15612347795', '陕西省西安市莲湖区', 92, 12, 34, '劳动合同', '高中', '电子工程', '哈尔滨理工大学', '2018-01-01', '在职', '00000024', 3.5, '2018-04-01', NULL, '2018-01-01', '2021-07-14', NULL);
INSERT INTO `employee` VALUES (25, '姚森3', '男', '1991-02-05', '610122199102058952', '已婚', 1, '河南', 3, 'yaosen@qq.com', '14785559936', '河南洛阳人民大道58号', 92, 15, 34, '劳动合同', '初中', '室内装修设计', '西北大学', '2017-01-02', '在职', '00000025', 7, '2017-04-02', NULL, '2017-01-02', '2024-01-17', NULL);
INSERT INTO `employee` VALUES (26, '云星3', '女', '1993-01-05', '610122199301054789', '已婚', 1, '陕西西安', 1, 'yunxing@qq.com', '15644442252', '陕西西安新城区', 92, 16, 34, '劳务合同', '硕士', '通信工程', '西安电子科技学校', '2018-01-01', '在职', '00000026', 5.25, '2018-04-01', NULL, '2018-01-01', '2023-04-13', NULL);
INSERT INTO `employee` VALUES (27, '贾旭明3', '男', '1993-11-11', '610122199311111234', '已婚', 1, '广东广州', 4, 'jiaxuming@qq.com', '15644441234', '广东省广州市天河区冼村路', 78, 15, 33, '劳务合同', '初中', '通信工程', '西北大学', '2018-01-01', '在职', '00000027', 5.25, '2018-04-01', NULL, '2018-01-01', '2023-04-13', NULL);
INSERT INTO `employee` VALUES (28, '张黎明3', '男', '1991-02-01', '610144199102014569', '已婚', 1, '广东', 6, 'zhangliming@qq.com', '18979994478', '广东珠海', 91, 15, 33, '劳动合同', '高中', '考古', '清华大学', '2018-01-01', '在职', '00000028', 7, '2018-04-01', NULL, '2018-01-01', '2025-01-30', NULL);
INSERT INTO `employee` VALUES (29, '薛磊3', '男', '1992-07-01', '610144199207017895', '已婚', 1, '陕西西安', 13, 'xuelei@qq.com', '15648887741', '西安市雁塔区', 92, 14, 34, '劳动合同', '初中', '无', '华胥中学', '2018-01-01', '在职', '00000029', 6, '2018-04-01', NULL, '2018-01-01', '2024-01-17', NULL);
INSERT INTO `employee` VALUES (32, '陈静4', '女', '1989-02-01', '421288198902011234', '已婚', 1, '海南', 1, 'chenjing@qq.com', '18795556693', '海南省海口市美兰区', 82, 12, 30, '劳动合同', '高中', '市场营销', '武汉大学', '2015-06-09', '在职', '00000032', 3, '2015-09-10', NULL, '2015-06-09', '2018-06-08', NULL);
INSERT INTO `employee` VALUES (33, '赵琳浩4', '男', '1993-03-04', '610122199303041456', '未婚', 1, '陕西', 3, 'zhao@qq.com', '15698887795', '陕西省西安市莲湖区', 91, 12, 33, '劳动合同', '博士', '电子工程', '哈尔滨理工大学', '2018-01-01', '在职', '00000033', 3.5, '2018-04-01', NULL, '2018-01-01', '2021-07-14', NULL);
INSERT INTO `employee` VALUES (34, '鹿存亮4', '男', '1990-01-03', '610122199001031456', '已婚', 1, '陕西', 3, 'zhao@qq.com', '15612347795', '陕西省西安市莲湖区', 92, 12, 34, '劳动合同', '高中', '电子工程', '哈尔滨理工大学', '2018-01-01', '在职', '00000034', 3.5, '2018-04-01', NULL, '2018-01-01', '2021-07-14', NULL);
INSERT INTO `employee` VALUES (35, '姚森4', '男', '1991-02-05', '610122199102058952', '已婚', 1, '河南', 3, 'yaosen@qq.com', '14785559936', '河南洛阳人民大道58号', 92, 15, 34, '劳动合同', '初中', '室内装修设计', '西北大学', '2017-01-02', '在职', '00000035', 7, '2017-04-02', NULL, '2017-01-02', '2024-01-17', NULL);
INSERT INTO `employee` VALUES (36, '云星4', '女', '1993-01-05', '610122199301054789', '已婚', 1, '陕西西安', 1, 'yunxing@qq.com', '15644442252', '陕西西安新城区', 92, 16, 34, '劳务合同', '硕士', '通信工程', '西安电子科技学校', '2018-01-01', '在职', '00000036', 5.25, '2018-04-01', NULL, '2018-01-01', '2023-04-13', NULL);
INSERT INTO `employee` VALUES (37, '贾旭明4', '男', '1993-11-11', '610122199311111234', '已婚', 1, '广东广州', 4, 'jiaxuming@qq.com', '15644441234', '广东省广州市天河区冼村路', 78, 15, 33, '劳务合同', '初中', '通信工程', '西北大学', '2018-01-01', '在职', '00000037', 5.25, '2018-04-01', NULL, '2018-01-01', '2023-04-13', NULL);
INSERT INTO `employee` VALUES (38, '张黎明2', '男', '1991-02-01', '610144199102014569', '已婚', 1, '广东', 6, 'zhangliming@qq.com', '18979994478', '广东珠海', 91, 15, 33, '劳动合同', '高中', '考古', '清华大学', '2018-01-01', '在职', '00000038', 7, '2018-04-01', NULL, '2018-01-01', '2025-01-30', NULL);
INSERT INTO `employee` VALUES (39, '薛磊4', '男', '1992-07-01', '610144199207017895', '已婚', 1, '陕西西安', 13, 'xuelei@qq.com', '15648887741', '西安市雁塔区', 92, 14, 34, '劳动合同', '初中', '无', '华胥中学', '2018-01-01', '在职', '00000039', 6, '2018-04-01', NULL, '2018-01-01', '2024-01-17', NULL);
INSERT INTO `employee` VALUES (40, '张洁4', '女', '1990-10-09', '420177199010093652', '未婚', 1, '海南', 5, 'zhangjie@qq.com', '13695557742', '海口市美兰区', 92, 16, 34, '劳动合同', '高中', '无', '海南侨中', '2018-01-01', '在职', '00000040', 1, '2018-01-31', NULL, '2018-01-01', '2019-01-01', NULL);
INSERT INTO `employee` VALUES (42, '陈静5', '女', '1989-02-01', '421288198902011234', '已婚', 1, '海南', 1, 'chenjing@qq.com', '18795556693', '海南省海口市美兰区', 82, 12, 30, '劳动合同', '高中', '市场营销', '武汉大学', '2015-06-09', '在职', '00000042', 3, '2015-09-10', NULL, '2015-06-09', '2018-06-08', NULL);
INSERT INTO `employee` VALUES (43, '赵琳浩5', '男', '1993-03-04', '610122199303041456', '未婚', 1, '陕西', 3, 'zhao@qq.com', '15698887795', '陕西省西安市莲湖区', 91, 12, 33, '劳动合同', '博士', '电子工程', '哈尔滨理工大学', '2018-01-01', '在职', '00000043', 3.5, '2018-04-01', NULL, '2018-01-01', '2021-07-14', NULL);
INSERT INTO `employee` VALUES (44, '鹿存亮5', '男', '1990-01-03', '610122199001031456', '已婚', 1, '陕西', 3, 'zhao@qq.com', '15612347795', '陕西省西安市莲湖区', 92, 12, 34, '劳动合同', '高中', '电子工程', '哈尔滨理工大学', '2018-01-01', '在职', '00000044', 3.5, '2018-04-01', NULL, '2018-01-01', '2021-07-14', NULL);
INSERT INTO `employee` VALUES (45, '姚森5', '男', '1991-02-05', '610122199102058952', '已婚', 1, '河南', 3, 'yaosen@qq.com', '14785559936', '河南洛阳人民大道58号', 92, 15, 34, '劳动合同', '初中', '室内装修设计', '西北大学', '2017-01-02', '在职', '00000045', 7, '2017-04-02', NULL, '2017-01-02', '2024-01-17', NULL);
INSERT INTO `employee` VALUES (46, '云星5', '女', '1993-01-05', '610122199301054789', '已婚', 1, '陕西西安', 1, 'yunxing@qq.com', '15644442252', '陕西西安新城区', 92, 16, 34, '劳务合同', '硕士', '通信工程', '西安电子科技学校', '2018-01-01', '在职', '00000046', 5.25, '2018-04-01', NULL, '2018-01-01', '2023-04-13', NULL);
INSERT INTO `employee` VALUES (47, '贾旭明5', '男', '1993-11-11', '610122199311111234', '已婚', 1, '广东广州', 4, 'jiaxuming@qq.com', '15644441234', '广东省广州市天河区冼村路', 78, 15, 33, '劳务合同', '初中', '通信工程', '西北大学', '2018-01-01', '在职', '00000047', 5.25, '2018-04-01', NULL, '2018-01-01', '2023-04-13', NULL);
INSERT INTO `employee` VALUES (48, '张黎明5', '男', '1991-02-01', '610144199102014569', '已婚', 1, '广东', 6, 'zhangliming@qq.com', '18979994478', '广东珠海', 91, 15, 33, '劳动合同', '高中', '考古', '清华大学', '2018-01-01', '在职', '00000048', 7, '2018-04-01', NULL, '2018-01-01', '2025-01-30', NULL);
INSERT INTO `employee` VALUES (49, '薛磊5', '男', '1992-07-01', '610144199207017895', '已婚', 1, '陕西西安', 13, 'xuelei@qq.com', '15648887741', '西安市雁塔区', 92, 14, 34, '劳动合同', '初中', '无', '华胥中学', '2018-01-01', '在职', '00000049', 6, '2018-04-01', NULL, '2018-01-01', '2024-01-17', NULL);
INSERT INTO `employee` VALUES (50, '张洁5', '女', '1990-10-09', '420177199010093652', '未婚', 1, '海南', 5, 'zhangjie@qq.com', '13695557742', '海口市美兰区', 92, 16, 34, '劳动合同', '高中', '无', '海南侨中', '2018-01-01', '在职', '00000050', 1, '2018-01-31', NULL, '2018-01-01', '2019-01-01', NULL);
INSERT INTO `employee` VALUES (52, '陈静6', '女', '1989-02-01', '421288198902011234', '已婚', 1, '海南', 1, 'chenjing@qq.com', '18795556693', '海南省海口市美兰区', 82, 12, 30, '劳动合同', '高中', '市场营销', '武汉大学', '2015-06-09', '在职', '00000052', 3, '2015-09-10', NULL, '2015-06-09', '2018-06-08', NULL);
INSERT INTO `employee` VALUES (53, '赵琳浩6', '男', '1993-03-04', '610122199303041456', '未婚', 1, '陕西', 3, 'zhao@qq.com', '15698887795', '陕西省西安市莲湖区', 91, 12, 33, '劳动合同', '博士', '电子工程', '哈尔滨理工大学', '2018-01-01', '在职', '00000053', 3.5, '2018-04-01', NULL, '2018-01-01', '2021-07-14', NULL);
INSERT INTO `employee` VALUES (54, '鹿存亮6', '男', '1990-01-03', '610122199001031456', '已婚', 1, '陕西', 3, 'zhao@qq.com', '15612347795', '陕西省西安市莲湖区', 92, 12, 34, '劳动合同', '高中', '电子工程', '哈尔滨理工大学', '2018-01-01', '在职', '00000054', 3.5, '2018-04-01', NULL, '2018-01-01', '2021-07-14', NULL);
INSERT INTO `employee` VALUES (55, '姚森6', '男', '1991-02-05', '610122199102058952', '已婚', 1, '河南', 3, 'yaosen@qq.com', '14785559936', '河南洛阳人民大道58号', 92, 15, 34, '劳动合同', '初中', '室内装修设计', '西北大学', '2017-01-02', '在职', '00000055', 7, '2017-04-02', NULL, '2017-01-02', '2024-01-17', NULL);
INSERT INTO `employee` VALUES (56, '云星6', '女', '1993-01-05', '610122199301054789', '已婚', 1, '陕西西安', 1, 'yunxing@qq.com', '15644442252', '陕西西安新城区', 92, 16, 34, '劳务合同', '硕士', '通信工程', '西安电子科技学校', '2018-01-01', '在职', '00000056', 5.25, '2018-04-01', NULL, '2018-01-01', '2023-04-13', NULL);
INSERT INTO `employee` VALUES (1352, '陈静', '女', '1989-02-01', '421288198902011234', '已婚', 1, '海南', 1, 'chenjing@qq.com', '18795556693', '海南省海口市美兰区', 82, 12, 30, '劳动合同', '高中', '市场营销', '武汉大学', '2015-06-09', '在职', '00000002', 3, NULL, NULL, '2015-06-09', '2018-06-08', NULL);
INSERT INTO `employee` VALUES (1353, '赵琳浩', '男', '1993-03-04', '610122199303041456', '未婚', 1, '陕西', 3, 'zhao@qq.com', '15698887795', '陕西省西安市莲湖区', 91, 12, 33, '劳动合同', '博士', '电子工程', '哈尔滨理工大学', '2018-01-01', '在职', '00000003', 3.5, NULL, NULL, '2018-01-01', '2021-07-14', NULL);
INSERT INTO `employee` VALUES (1354, '鹿存亮', '男', '1990-01-03', '610122199001031456', '已婚', 1, '陕西', 3, 'zhao@qq.com', '15612347795', '陕西省西安市莲湖区', 92, 12, 34, '劳动合同', '高中', '电子工程', '哈尔滨理工大学', '2018-01-01', '在职', '00000004', 3.5, NULL, NULL, '2018-01-01', '2021-07-14', NULL);
INSERT INTO `employee` VALUES (1355, '姚森', '男', '1991-02-05', '610122199102058952', '已婚', 1, '河南', 3, 'yaosen@qq.com', '14785559936', '河南洛阳人民大道58号', 92, 15, 34, '劳动合同', '初中', '室内装修设计', '西北大学', '2017-01-02', '在职', '00000005', 7, NULL, NULL, '2017-01-02', '2024-01-17', NULL);
INSERT INTO `employee` VALUES (1357, '贾旭明', '男', '1993-11-11', '610122199311111234', '已婚', 1, '广东广州', 4, 'jiaxuming@qq.com', '15644441234', '广东省广州市天河区冼村路', 78, 15, 33, '劳务合同', '初中', '通信工程', '西北大学', '2018-01-01', '在职', '00000007', 5.25, NULL, NULL, '2018-01-01', '2023-04-13', NULL);
INSERT INTO `employee` VALUES (1358, '张黎明', '男', '1991-02-01', '610144199102014569', '已婚', 1, '广东', 6, 'zhangliming@qq.com', '18979994478', '广东珠海', 91, 15, 33, '劳动合同', '高中', '考古', '清华大学', '2018-01-01', '在职', '00000008', 7, NULL, NULL, '2018-01-01', '2025-01-30', NULL);
INSERT INTO `employee` VALUES (1359, '薛磊', '男', '1992-07-01', '610144199207017895', '已婚', 1, '陕西西安', 13, 'xuelei@qq.com', '15648887741', '西安市雁塔区', 92, 14, 34, '劳动合同', '初中', '无', '华胥中学', '2018-01-01', '在职', '00000009', 6, NULL, NULL, '2018-01-01', '2024-01-17', NULL);
INSERT INTO `employee` VALUES (1362, '陈静2', '女', '1989-02-01', '421288198902011234', '已婚', 1, '海南', 1, 'chenjing@qq.com', '18795556693', '海南省海口市美兰区', 82, 12, 30, '劳动合同', '高中', '市场营销', '武汉大学', '2015-06-09', '在职', '00000012', 3, NULL, NULL, '2015-06-09', '2018-06-08', NULL);
INSERT INTO `employee` VALUES (1363, '赵琳浩2', '男', '1993-03-04', '610122199303041456', '未婚', 1, '陕西', 3, 'zhao@qq.com', '15698887795', '陕西省西安市莲湖区', 91, 12, 33, '劳动合同', '博士', '电子工程', '哈尔滨理工大学', '2018-01-01', '在职', '00000013', 3.5, NULL, NULL, '2018-01-01', '2021-07-14', NULL);
INSERT INTO `employee` VALUES (1364, '鹿存亮2', '男', '1990-01-03', '610122199001031456', '已婚', 1, '陕西', 3, 'zhao@qq.com', '15612347795', '陕西省西安市莲湖区', 92, 12, 34, '劳动合同', '高中', '电子工程', '哈尔滨理工大学', '2018-01-01', '在职', '00000014', 3.5, NULL, NULL, '2018-01-01', '2021-07-14', NULL);
INSERT INTO `employee` VALUES (1365, '姚森2', '男', '1991-02-05', '610122199102058952', '已婚', 1, '河南', 3, 'yaosen@qq.com', '14785559936', '河南洛阳人民大道58号', 92, 15, 34, '劳动合同', '初中', '室内装修设计', '西北大学', '2017-01-02', '在职', '00000015', 7, NULL, NULL, '2017-01-02', '2024-01-17', NULL);
INSERT INTO `employee` VALUES (1366, '云星2', '女', '1993-01-05', '610122199301054789', '已婚', 1, '陕西西安', 1, 'yunxing@qq.com', '15644442252', '陕西西安新城区', 92, 16, 34, '劳务合同', '硕士', '通信工程', '西安电子科技学校', '2018-01-01', '在职', '00000016', 5.25, NULL, NULL, '2018-01-01', '2023-04-13', NULL);
INSERT INTO `employee` VALUES (1367, '贾旭明2', '男', '1993-11-11', '610122199311111234', '已婚', 1, '广东广州', 4, 'jiaxuming@qq.com', '15644441234', '广东省广州市天河区冼村路', 78, 15, 33, '劳务合同', '初中', '通信工程', '西北大学', '2018-01-01', '在职', '00000017', 5.25, NULL, NULL, '2018-01-01', '2023-04-13', NULL);
INSERT INTO `employee` VALUES (1368, '王一亭', '男', '1991-02-01', '610144199102014569', '已婚', 1, '广东', 6, 'zhangliming@qq.com', '18979994478', '广东珠海', 91, 15, 33, '劳动合同', '高中', '考古', '清华大学', '2018-01-01', '在职', '00000018', 7, NULL, NULL, '2018-01-01', '2025-01-30', NULL);
INSERT INTO `employee` VALUES (1369, '薛磊2', '男', '1992-07-01', '610144199207017895', '已婚', 1, '陕西西安', 13, 'xuelei@qq.com', '15648887741', '西安市雁塔区', 92, 14, 34, '劳动合同', '初中', '无', '华胥中学', '2018-01-01', '在职', '00000019', 1, NULL, NULL, '2018-01-01', '2019-01-01', NULL);
INSERT INTO `employee` VALUES (1370, '张洁2', '女', '1990-10-09', '420177199010093652', '未婚', 1, '海南', 5, 'zhangjie@qq.com', '13695557742', '海口市美兰区', 92, 16, 34, '劳动合同', '高中', '无', '海南侨中', '2018-01-01', '在职', '00000020', 1, NULL, NULL, '2018-01-01', '2019-01-01', NULL);
INSERT INTO `employee` VALUES (1372, '陈静3', '女', '1989-02-01', '421288198902011234', '已婚', 1, '海南', 1, 'chenjing@qq.com', '18795556693', '海南省海口市美兰区', 82, 12, 30, '劳动合同', '高中', '市场营销', '武汉大学', '2015-06-09', '在职', '00000022', 3, NULL, NULL, '2015-06-09', '2018-06-08', NULL);
INSERT INTO `employee` VALUES (1373, '鹿存亮3', '男', '1990-01-03', '610122199001031456', '已婚', 1, '陕西', 3, 'zhao@qq.com', '15612347795', '陕西省西安市莲湖区', 92, 12, 34, '劳动合同', '高中', '电子工程', '哈尔滨理工大学', '2018-01-01', '在职', '00000024', 3.5, NULL, NULL, '2018-01-01', '2021-07-14', NULL);
INSERT INTO `employee` VALUES (1374, '姚森3', '男', '1991-02-05', '610122199102058952', '已婚', 1, '河南', 3, 'yaosen@qq.com', '14785559936', '河南洛阳人民大道58号', 92, 15, 34, '劳动合同', '初中', '室内装修设计', '西北大学', '2017-01-02', '在职', '00000025', 7, NULL, NULL, '2017-01-02', '2024-01-17', NULL);
INSERT INTO `employee` VALUES (1375, '云星3', '女', '1993-01-05', '610122199301054789', '已婚', 1, '陕西西安', 1, 'yunxing@qq.com', '15644442252', '陕西西安新城区', 92, 16, 34, '劳务合同', '硕士', '通信工程', '西安电子科技学校', '2018-01-01', '在职', '00000026', 5.25, NULL, NULL, '2018-01-01', '2023-04-13', NULL);
INSERT INTO `employee` VALUES (1376, '贾旭明3', '男', '1993-11-11', '610122199311111234', '已婚', 1, '广东广州', 4, 'jiaxuming@qq.com', '15644441234', '广东省广州市天河区冼村路', 78, 15, 33, '劳务合同', '初中', '通信工程', '西北大学', '2018-01-01', '在职', '00000027', 5.25, NULL, NULL, '2018-01-01', '2023-04-13', NULL);
INSERT INTO `employee` VALUES (1377, '张黎明3', '男', '1991-02-01', '610144199102014569', '已婚', 1, '广东', 6, 'zhangliming@qq.com', '18979994478', '广东珠海', 91, 15, 33, '劳动合同', '高中', '考古', '清华大学', '2018-01-01', '在职', '00000028', 7, NULL, NULL, '2018-01-01', '2025-01-30', NULL);
INSERT INTO `employee` VALUES (1378, '薛磊3', '男', '1992-07-01', '610144199207017895', '已婚', 1, '陕西西安', 13, 'xuelei@qq.com', '15648887741', '西安市雁塔区', 92, 14, 34, '劳动合同', '初中', '无', '华胥中学', '2018-01-01', '在职', '00000029', 6, NULL, NULL, '2018-01-01', '2024-01-17', NULL);
INSERT INTO `employee` VALUES (1380, '陈静4', '女', '1989-02-01', '421288198902011234', '已婚', 1, '海南', 1, 'chenjing@qq.com', '18795556693', '海南省海口市美兰区', 82, 12, 30, '劳动合同', '高中', '市场营销', '武汉大学', '2015-06-09', '在职', '00000032', 3, NULL, NULL, '2015-06-09', '2018-06-08', NULL);
INSERT INTO `employee` VALUES (1381, '赵琳浩4', '男', '1993-03-04', '610122199303041456', '未婚', 1, '陕西', 3, 'zhao@qq.com', '15698887795', '陕西省西安市莲湖区', 91, 12, 33, '劳动合同', '博士', '电子工程', '哈尔滨理工大学', '2018-01-01', '在职', '00000033', 3.5, NULL, NULL, '2018-01-01', '2021-07-14', NULL);
INSERT INTO `employee` VALUES (1382, '鹿存亮4', '男', '1990-01-03', '610122199001031456', '已婚', 1, '陕西', 3, 'zhao@qq.com', '15612347795', '陕西省西安市莲湖区', 92, 12, 34, '劳动合同', '高中', '电子工程', '哈尔滨理工大学', '2018-01-01', '在职', '00000034', 3.5, NULL, NULL, '2018-01-01', '2021-07-14', NULL);
INSERT INTO `employee` VALUES (1383, '姚森4', '男', '1991-02-05', '610122199102058952', '已婚', 1, '河南', 3, 'yaosen@qq.com', '14785559936', '河南洛阳人民大道58号', 92, 15, 34, '劳动合同', '初中', '室内装修设计', '西北大学', '2017-01-02', '在职', '00000035', 7, NULL, NULL, '2017-01-02', '2024-01-17', NULL);
INSERT INTO `employee` VALUES (1384, '云星4', '女', '1993-01-05', '610122199301054789', '已婚', 1, '陕西西安', 1, 'yunxing@qq.com', '15644442252', '陕西西安新城区', 92, 16, 34, '劳务合同', '硕士', '通信工程', '西安电子科技学校', '2018-01-01', '在职', '00000036', 5.25, NULL, NULL, '2018-01-01', '2023-04-13', NULL);
INSERT INTO `employee` VALUES (1385, '贾旭明4', '男', '1993-11-11', '610122199311111234', '已婚', 1, '广东广州', 4, 'jiaxuming@qq.com', '15644441234', '广东省广州市天河区冼村路', 78, 15, 33, '劳务合同', '初中', '通信工程', '西北大学', '2018-01-01', '在职', '00000037', 5.25, NULL, NULL, '2018-01-01', '2023-04-13', NULL);
INSERT INTO `employee` VALUES (1412, '林昭亮', '男', '1990-01-01', '610122199809091234', '已婚', 1, '广东', 13, '584991843@qq.com', '16767776654', '广东深圳', 91, 15, 33, '劳动合同', '大专', '计算机软件', '广东职业技术学院', '2018-01-01', '在职', '00000039', 5, '2018-04-01', NULL, '2018-01-01', '2023-01-01', NULL);
INSERT INTO `employee` VALUES (1422, '陈静', '女', '1989-02-01', '421288198902011234', '已婚', 1, '海南', 1, 'chenjing@qq.com', '18795556693', '海南省海口市美兰区', 8, 12, 30, '劳动合同', '高中', '市场营销', '武汉大学', '2015-06-09', '在职', '00000002', 3, NULL, NULL, '2015-06-09', '2018-06-08', NULL);
INSERT INTO `employee` VALUES (1423, '赵琳浩', '男', '1993-03-04', '610122199303041456', '未婚', 1, '陕西', 3, 'zhao@qq.com', '15698887795', '陕西省西安市莲湖区', 91, 12, 33, '劳动合同', '博士', '电子工程', '哈尔滨理工大学', '2018-01-01', '在职', '00000003', 3.5, NULL, NULL, '2018-01-01', '2021-07-14', NULL);
INSERT INTO `employee` VALUES (1424, '鹿存亮', '男', '1990-01-03', '610122199001031456', '已婚', 1, '陕西', 3, 'zhao@qq.com', '15612347795', '陕西省西安市莲湖区', 92, 12, 34, '劳动合同', '高中', '电子工程', '哈尔滨理工大学', '2018-01-01', '在职', '00000004', 3.5, NULL, NULL, '2018-01-01', '2021-07-14', NULL);
INSERT INTO `employee` VALUES (1425, '姚森', '男', '1991-02-05', '610122199102058952', '已婚', 1, '河南', 3, 'yaosen@qq.com', '14785559936', '河南洛阳人民大道58号', 92, 15, 34, '劳动合同', '硕士', '室内装修设计', '西北大学', '2017-01-02', '在职', '00000005', 7, NULL, NULL, '2017-01-02', '2024-01-17', NULL);
INSERT INTO `employee` VALUES (1426, '云星', '女', '1993-01-05', '610122199301054789', '已婚', 1, '陕西西安', 1, 'yunxing@qq.com', '15644442252', '陕西西安新城区', 92, 16, 34, '劳务合同', '硕士', '通信工程', '西安电子科技学校', '2018-01-01', '在职', '00000006', 5.25, NULL, NULL, '2018-01-01', '2023-04-13', NULL);
INSERT INTO `employee` VALUES (1427, '贾旭明', '男', '1993-11-11', '610122199311111234', '已婚', 1, '广东广州', 4, 'jiaxuming@qq.com', '15644441234', '广东省广州市天河区冼村路', 78, 15, 33, '劳务合同', '初中', '通信工程', '西北大学', '2018-01-01', '在职', '00000007', 5.25, NULL, NULL, '2018-01-01', '2023-04-13', NULL);
INSERT INTO `employee` VALUES (1428, '张黎明', '男', '1991-02-01', '610144199102014569', '已婚', 1, '广东', 6, 'zhangliming@qq.com', '18979994478', '广东珠海', 91, 15, 33, '劳动合同', '高中', '考古', '清华大学', '2018-01-01', '在职', '00000008', 7, NULL, NULL, '2018-01-01', '2025-01-30', NULL);
INSERT INTO `employee` VALUES (1429, '薛磊', '男', '1992-07-01', '610144199207017895', '已婚', 1, '陕西西安', 13, 'xuelei@qq.com', '15648887741', '西安市雁塔区', 92, 14, 34, '劳动合同', '初中', '无', '华胥中学', '2018-01-01', '在职', '00000009', 6, NULL, NULL, '2018-01-01', '2024-01-17', NULL);
INSERT INTO `employee` VALUES (1430, '张洁', '女', '1990-10-09', '420177199010093652', '未婚', 1, '海南', 5, 'zhangjie@qq.com', '13695557742', '海口市美兰区', 92, 16, 34, '劳动合同', '高中', '无', '海南侨中', '2018-01-01', '在职', '00000010', 1, NULL, NULL, '2018-01-01', '2019-01-01', NULL);
INSERT INTO `employee` VALUES (1432, '陈静2', '女', '1989-02-01', '421288198902011234', '已婚', 1, '海南', 1, 'chenjing@qq.com', '18795556693', '海南省海口市美兰区', 82, 12, 30, '劳动合同', '高中', '市场营销', '武汉大学', '2015-06-09', '在职', '00000012', 3, NULL, NULL, '2015-06-09', '2018-06-08', NULL);
INSERT INTO `employee` VALUES (1433, '赵琳浩2', '男', '1993-03-04', '610122199303041456', '未婚', 1, '陕西', 3, 'zhao@qq.com', '15698887795', '陕西省西安市莲湖区', 91, 12, 33, '劳动合同', '博士', '电子工程', '哈尔滨理工大学', '2018-01-01', '在职', '00000013', 3.5, NULL, NULL, '2018-01-01', '2021-07-14', NULL);
INSERT INTO `employee` VALUES (1434, '鹿存亮2', '男', '1990-01-03', '610122199001031456', '已婚', 1, '陕西', 3, 'zhao@qq.com', '15612347795', '陕西省西安市莲湖区', 92, 12, 34, '劳动合同', '高中', '电子工程', '哈尔滨理工大学', '2018-01-01', '在职', '00000014', 3.5, NULL, NULL, '2018-01-01', '2021-07-14', NULL);
INSERT INTO `employee` VALUES (1435, '姚森2', '男', '1991-02-05', '610122199102058952', '已婚', 1, '河南', 3, 'yaosen@qq.com', '14785559936', '河南洛阳人民大道58号', 92, 15, 34, '劳动合同', '初中', '室内装修设计', '西北大学', '2017-01-02', '在职', '00000015', 7, NULL, NULL, '2017-01-02', '2024-01-17', NULL);
INSERT INTO `employee` VALUES (1436, '云星2', '女', '1993-01-05', '610122199301054789', '已婚', 1, '陕西西安', 1, 'yunxing@qq.com', '15644442252', '陕西西安新城区', 92, 16, 34, '劳务合同', '硕士', '通信工程', '西安电子科技学校', '2018-01-01', '在职', '00000016', 5.25, NULL, NULL, '2018-01-01', '2023-04-13', NULL);
INSERT INTO `employee` VALUES (1437, '贾旭明2', '男', '1993-11-11', '610122199311111234', '已婚', 1, '广东广州', 4, 'jiaxuming@qq.com', '15644441234', '广东省广州市天河区冼村路', 78, 15, 33, '劳务合同', '初中', '通信工程', '西北大学', '2018-01-01', '在职', '00000017', 5.25, NULL, NULL, '2018-01-01', '2023-04-13', NULL);
INSERT INTO `employee` VALUES (1438, '王一亭', '男', '1991-02-01', '610144199102014569', '已婚', 1, '广东', 6, 'zhangliming@qq.com', '18979994478', '广东珠海', 91, 15, 33, '劳动合同', '高中', '考古', '清华大学', '2018-01-01', '在职', '00000018', 7, NULL, NULL, '2018-01-01', '2025-01-30', NULL);
INSERT INTO `employee` VALUES (1439, '薛磊2', '男', '1992-07-01', '610144199207017895', '已婚', 1, '陕西西安', 13, 'xuelei@qq.com', '15648887741', '西安市雁塔区', 92, 14, 34, '劳动合同', '初中', '无', '华胥中学', '2018-01-01', '在职', '00000019', 1, NULL, NULL, '2018-01-01', '2019-01-01', NULL);
INSERT INTO `employee` VALUES (1440, '张洁2', '女', '1990-10-09', '420177199010093652', '未婚', 1, '海南', 5, 'zhangjie@qq.com', '13695557742', '海口市美兰区', 92, 16, 34, '劳动合同', '高中', '无', '海南侨中', '2018-01-01', '在职', '00000020', 1, NULL, NULL, '2018-01-01', '2019-01-01', NULL);
INSERT INTO `employee` VALUES (1442, '陈静3', '女', '1989-02-01', '421288198902011234', '已婚', 1, '海南', 1, 'chenjing@qq.com', '18795556693', '海南省海口市美兰区', 82, 12, 30, '劳动合同', '高中', '市场营销', '武汉大学', '2015-06-09', '在职', '00000022', 3, NULL, NULL, '2015-06-09', '2018-06-08', NULL);
INSERT INTO `employee` VALUES (1443, '鹿存亮3', '男', '1990-01-03', '610122199001031456', '已婚', 1, '陕西', 3, 'zhao@qq.com', '15612347795', '陕西省西安市莲湖区', 92, 12, 34, '劳动合同', '高中', '电子工程', '哈尔滨理工大学', '2018-01-01', '在职', '00000024', 3.5, NULL, NULL, '2018-01-01', '2021-07-14', NULL);
INSERT INTO `employee` VALUES (1444, '姚森3', '男', '1991-02-05', '610122199102058952', '已婚', 1, '河南', 3, 'yaosen@qq.com', '14785559936', '河南洛阳人民大道58号', 92, 15, 34, '劳动合同', '初中', '室内装修设计', '西北大学', '2017-01-02', '在职', '00000025', 7, NULL, NULL, '2017-01-02', '2024-01-17', NULL);
INSERT INTO `employee` VALUES (1445, '云星3', '女', '1993-01-05', '610122199301054789', '已婚', 1, '陕西西安', 1, 'yunxing@qq.com', '15644442252', '陕西西安新城区', 92, 16, 34, '劳务合同', '硕士', '通信工程', '西安电子科技学校', '2018-01-01', '在职', '00000026', 5.25, NULL, NULL, '2018-01-01', '2023-04-13', NULL);
INSERT INTO `employee` VALUES (1446, '贾旭明3', '男', '1993-11-11', '610122199311111234', '已婚', 1, '广东广州', 4, 'jiaxuming@qq.com', '15644441234', '广东省广州市天河区冼村路', 78, 15, 33, '劳务合同', '初中', '通信工程', '西北大学', '2018-01-01', '在职', '00000027', 5.25, NULL, NULL, '2018-01-01', '2023-04-13', NULL);
INSERT INTO `employee` VALUES (1447, '张黎明3', '男', '1991-02-01', '610144199102014569', '已婚', 1, '广东', 6, 'zhangliming@qq.com', '18979994478', '广东珠海', 91, 15, 33, '劳动合同', '高中', '考古', '清华大学', '2018-01-01', '在职', '00000028', 7, NULL, NULL, '2018-01-01', '2025-01-30', NULL);
INSERT INTO `employee` VALUES (1448, '薛磊3', '男', '1992-07-01', '610144199207017895', '已婚', 1, '陕西西安', 13, 'xuelei@qq.com', '15648887741', '西安市雁塔区', 92, 14, 34, '劳动合同', '初中', '无', '华胥中学', '2018-01-01', '在职', '00000029', 6, NULL, NULL, '2018-01-01', '2024-01-17', NULL);
INSERT INTO `employee` VALUES (1450, '陈静4', '女', '1989-02-01', '421288198902011234', '已婚', 1, '海南', 1, 'chenjing@qq.com', '18795556693', '海南省海口市美兰区', 82, 12, 30, '劳动合同', '高中', '市场营销', '武汉大学', '2015-06-09', '在职', '00000032', 3, NULL, NULL, '2015-06-09', '2018-06-08', NULL);
INSERT INTO `employee` VALUES (1451, '赵琳浩4', '男', '1993-03-04', '610122199303041456', '未婚', 1, '陕西', 3, 'zhao@qq.com', '15698887795', '陕西省西安市莲湖区', 91, 12, 33, '劳动合同', '博士', '电子工程', '哈尔滨理工大学', '2018-01-01', '在职', '00000033', 3.5, NULL, NULL, '2018-01-01', '2021-07-14', NULL);
INSERT INTO `employee` VALUES (1452, '鹿存亮4', '男', '1990-01-03', '610122199001031456', '已婚', 1, '陕西', 3, 'zhao@qq.com', '15612347795', '陕西省西安市莲湖区', 92, 12, 34, '劳动合同', '高中', '电子工程', '哈尔滨理工大学', '2018-01-01', '在职', '00000034', 3.5, NULL, NULL, '2018-01-01', '2021-07-14', NULL);
INSERT INTO `employee` VALUES (1453, '姚森4', '男', '1991-02-05', '610122199102058952', '已婚', 1, '河南', 3, 'yaosen@qq.com', '14785559936', '河南洛阳人民大道58号', 92, 15, 34, '劳动合同', '初中', '室内装修设计', '西北大学', '2017-01-02', '在职', '00000035', 7, NULL, NULL, '2017-01-02', '2024-01-17', NULL);
INSERT INTO `employee` VALUES (1454, '云星4', '女', '1993-01-05', '610122199301054789', '已婚', 1, '陕西西安', 1, 'yunxing@qq.com', '15644442252', '陕西西安新城区', 92, 16, 34, '劳务合同', '硕士', '通信工程', '西安电子科技学校', '2018-01-01', '在职', '00000036', 5.25, NULL, NULL, '2018-01-01', '2023-04-13', NULL);
INSERT INTO `employee` VALUES (1455, '贾旭明4', '男', '1993-11-11', '610122199311111234', '已婚', 1, '广东广州', 4, 'jiaxuming@qq.com', '15644441234', '广东省广州市天河区冼村路', 78, 15, 33, '劳务合同', '初中', '通信工程', '西北大学', '2018-01-01', '在职', '00000037', 5.25, NULL, NULL, '2018-01-01', '2023-04-13', NULL);
INSERT INTO `employee` VALUES (1456, '张黎明2', '男', '1991-02-01', '610144199102014569', '已婚', 1, '广东', 6, 'zhangliming@qq.com', '18979994478', '广东珠海', 91, 15, 33, '劳动合同', '高中', '考古', '清华大学', '2018-01-01', '在职', '00000038', 7, NULL, NULL, '2018-01-01', '2025-01-30', NULL);
INSERT INTO `employee` VALUES (1457, '薛磊4', '男', '1992-07-01', '610144199207017895', '已婚', 1, '陕西西安', 13, 'xuelei@qq.com', '15648887741', '西安市雁塔区', 92, 14, 34, '劳动合同', '初中', '无', '华胥中学', '2018-01-01', '在职', '00000039', 6, NULL, NULL, '2018-01-01', '2024-01-17', NULL);
INSERT INTO `employee` VALUES (1458, '张洁4', '女', '1990-10-09', '420177199010093652', '未婚', 1, '海南', 5, 'zhangjie@qq.com', '13695557742', '海口市美兰区', 92, 16, 34, '劳动合同', '高中', '无', '海南侨中', '2018-01-01', '在职', '00000040', 1, NULL, NULL, '2018-01-01', '2019-01-01', NULL);
INSERT INTO `employee` VALUES (1460, '陈静5', '女', '1989-02-01', '421288198902011234', '已婚', 1, '海南', 1, 'chenjing@qq.com', '18795556693', '海南省海口市美兰区', 82, 12, 30, '劳动合同', '高中', '市场营销', '武汉大学', '2015-06-09', '在职', '00000042', 3, NULL, NULL, '2015-06-09', '2018-06-08', NULL);
INSERT INTO `employee` VALUES (1461, '赵琳浩5', '男', '1993-03-04', '610122199303041456', '未婚', 1, '陕西', 3, 'zhao@qq.com', '15698887795', '陕西省西安市莲湖区', 91, 12, 33, '劳动合同', '博士', '电子工程', '哈尔滨理工大学', '2018-01-01', '在职', '00000043', 3.5, NULL, NULL, '2018-01-01', '2021-07-14', NULL);
INSERT INTO `employee` VALUES (1462, '鹿存亮5', '男', '1990-01-03', '610122199001031456', '已婚', 1, '陕西', 3, 'zhao@qq.com', '15612347795', '陕西省西安市莲湖区', 92, 12, 34, '劳动合同', '高中', '电子工程', '哈尔滨理工大学', '2018-01-01', '在职', '00000044', 3.5, NULL, NULL, '2018-01-01', '2021-07-14', NULL);
INSERT INTO `employee` VALUES (1463, '姚森5', '男', '1991-02-05', '610122199102058952', '已婚', 1, '河南', 3, 'yaosen@qq.com', '14785559936', '河南洛阳人民大道58号', 92, 15, 34, '劳动合同', '初中', '室内装修设计', '西北大学', '2017-01-02', '在职', '00000045', 7, NULL, NULL, '2017-01-02', '2024-01-17', NULL);
INSERT INTO `employee` VALUES (1464, '云星5', '女', '1993-01-05', '610122199301054789', '已婚', 1, '陕西西安', 1, 'yunxing@qq.com', '15644442252', '陕西西安新城区', 92, 16, 34, '劳务合同', '硕士', '通信工程', '西安电子科技学校', '2018-01-01', '在职', '00000046', 5.25, NULL, NULL, '2018-01-01', '2023-04-13', NULL);
INSERT INTO `employee` VALUES (1465, '贾旭明5', '男', '1993-11-11', '610122199311111234', '已婚', 1, '广东广州', 4, 'jiaxuming@qq.com', '15644441234', '广东省广州市天河区冼村路', 78, 15, 33, '劳务合同', '初中', '通信工程', '西北大学', '2018-01-01', '在职', '00000047', 5.25, NULL, NULL, '2018-01-01', '2023-04-13', NULL);
INSERT INTO `employee` VALUES (1466, '张黎明5', '男', '1991-02-01', '610144199102014569', '已婚', 1, '广东', 6, 'zhangliming@qq.com', '18979994478', '广东珠海', 91, 15, 33, '劳动合同', '高中', '考古', '清华大学', '2018-01-01', '在职', '00000048', 7, NULL, NULL, '2018-01-01', '2025-01-30', NULL);
INSERT INTO `employee` VALUES (1467, '薛磊5', '男', '1992-07-01', '610144199207017895', '已婚', 1, '陕西西安', 13, 'xuelei@qq.com', '15648887741', '西安市雁塔区', 92, 14, 34, '劳动合同', '初中', '无', '华胥中学', '2018-01-01', '在职', '00000049', 6, NULL, NULL, '2018-01-01', '2024-01-17', NULL);
INSERT INTO `employee` VALUES (1468, '张洁5', '女', '1990-10-09', '420177199010093652', '未婚', 1, '海南', 5, 'zhangjie@qq.com', '13695557742', '海口市美兰区', 92, 16, 34, '劳动合同', '高中', '无', '海南侨中', '2018-01-01', '在职', '00000050', 1, NULL, NULL, '2018-01-01', '2019-01-01', NULL);
INSERT INTO `employee` VALUES (1470, '陈静6', '女', '1989-02-01', '421288198902011234', '已婚', 1, '海南', 1, 'chenjing@qq.com', '18795556693', '海南省海口市美兰区', 82, 12, 30, '劳动合同', '高中', '市场营销', '武汉大学', '2015-06-09', '在职', '00000052', 3, NULL, NULL, '2015-06-09', '2018-06-08', NULL);
INSERT INTO `employee` VALUES (1471, '赵琳浩6', '男', '1993-03-04', '610122199303041456', '未婚', 1, '陕西', 3, 'zhao@qq.com', '15698887795', '陕西省西安市莲湖区', 91, 12, 33, '劳动合同', '博士', '电子工程', '哈尔滨理工大学', '2018-01-01', '在职', '00000053', 3.5, NULL, NULL, '2018-01-01', '2021-07-14', NULL);
INSERT INTO `employee` VALUES (1472, '鹿存亮6', '男', '1990-01-03', '610122199001031456', '已婚', 1, '陕西', 3, 'zhao@qq.com', '15612347795', '陕西省西安市莲湖区', 92, 12, 34, '劳动合同', '高中', '电子工程', '哈尔滨理工大学', '2018-01-01', '在职', '00000054', 3.5, NULL, NULL, '2018-01-01', '2021-07-14', NULL);
INSERT INTO `employee` VALUES (1473, '姚森6', '男', '1991-02-05', '610122199102058952', '已婚', 1, '河南', 3, 'yaosen@qq.com', '14785559936', '河南洛阳人民大道58号', 92, 15, 34, '劳动合同', '初中', '室内装修设计', '西北大学', '2017-01-02', '在职', '00000055', 7, NULL, NULL, '2017-01-02', '2024-01-17', NULL);
INSERT INTO `employee` VALUES (1474, '云星6', '女', '1993-01-05', '610122199301054789', '已婚', 1, '陕西西安', 1, 'yunxing@qq.com', '15644442252', '陕西西安新城区', 92, 16, 34, '劳务合同', '硕士', '通信工程', '西安电子科技学校', '2018-01-01', '在职', '00000056', 5.25, NULL, NULL, '2018-01-01', '2023-04-13', NULL);
INSERT INTO `employee` VALUES (1476, '陈静', '女', '1989-02-01', '421288198902011234', '已婚', 1, '海南', 1, 'chenjing@qq.com', '18795556693', '海南省海口市美兰区', 82, 12, 30, '劳动合同', '高中', '市场营销', '武汉大学', '2015-06-09', '在职', '00000002', 3, NULL, NULL, '2015-06-09', '2018-06-08', NULL);
INSERT INTO `employee` VALUES (1477, '赵琳浩', '男', '1993-03-04', '610122199303041456', '未婚', 1, '陕西', 3, 'zhao@qq.com', '15698887795', '陕西省西安市莲湖区', 91, 12, 33, '劳动合同', '博士', '电子工程', '哈尔滨理工大学', '2018-01-01', '在职', '00000003', 3.5, NULL, NULL, '2018-01-01', '2021-07-14', NULL);
INSERT INTO `employee` VALUES (1478, '鹿存亮', '男', '1990-01-03', '610122199001031456', '已婚', 1, '陕西', 3, 'zhao@qq.com', '15612347795', '陕西省西安市莲湖区', 92, 12, 34, '劳动合同', '高中', '电子工程', '哈尔滨理工大学', '2018-01-01', '在职', '00000004', 3.5, NULL, NULL, '2018-01-01', '2021-07-14', NULL);
INSERT INTO `employee` VALUES (1479, '姚森', '男', '1991-02-05', '610122199102058952', '已婚', 1, '河南', 3, 'yaosen@qq.com', '14785559936', '河南洛阳人民大道58号', 92, 15, 34, '劳动合同', '初中', '室内装修设计', '西北大学', '2017-01-02', '在职', '00000005', 7, NULL, NULL, '2017-01-02', '2024-01-17', NULL);
INSERT INTO `employee` VALUES (1480, '贾旭明', '男', '1993-11-11', '610122199311111234', '已婚', 1, '广东广州', 4, 'jiaxuming@qq.com', '15644441234', '广东省广州市天河区冼村路', 78, 15, 33, '劳务合同', '初中', '通信工程', '西北大学', '2018-01-01', '在职', '00000007', 5.25, NULL, NULL, '2018-01-01', '2023-04-13', NULL);
INSERT INTO `employee` VALUES (1481, '张黎明', '男', '1991-02-01', '610144199102014569', '已婚', 1, '广东', 6, 'zhangliming@qq.com', '18979994478', '广东珠海', 91, 15, 33, '劳动合同', '高中', '考古', '清华大学', '2018-01-01', '在职', '00000008', 7, NULL, NULL, '2018-01-01', '2025-01-30', NULL);
INSERT INTO `employee` VALUES (1482, '薛磊', '男', '1992-07-01', '610144199207017895', '已婚', 1, '陕西西安', 13, 'xuelei@qq.com', '15648887741', '西安市雁塔区', 92, 14, 34, '劳动合同', '初中', '无', '华胥中学', '2018-01-01', '在职', '00000009', 6, NULL, NULL, '2018-01-01', '2024-01-17', NULL);
INSERT INTO `employee` VALUES (1485, '陈静2', '女', '1989-02-01', '421288198902011234', '已婚', 1, '海南', 1, 'chenjing@qq.com', '18795556693', '海南省海口市美兰区', 82, 12, 30, '劳动合同', '高中', '市场营销', '武汉大学', '2015-06-09', '在职', '00000012', 3, NULL, NULL, '2015-06-09', '2018-06-08', NULL);
INSERT INTO `employee` VALUES (1486, '赵琳浩2', '男', '1993-03-04', '610122199303041456', '未婚', 1, '陕西', 3, 'zhao@qq.com', '15698887795', '陕西省西安市莲湖区', 91, 12, 33, '劳动合同', '博士', '电子工程', '哈尔滨理工大学', '2018-01-01', '在职', '00000013', 3.5, NULL, NULL, '2018-01-01', '2021-07-14', NULL);
INSERT INTO `employee` VALUES (1487, '鹿存亮2', '男', '1990-01-03', '610122199001031456', '已婚', 1, '陕西', 3, 'zhao@qq.com', '15612347795', '陕西省西安市莲湖区', 92, 12, 34, '劳动合同', '高中', '电子工程', '哈尔滨理工大学', '2018-01-01', '在职', '00000014', 3.5, NULL, NULL, '2018-01-01', '2021-07-14', NULL);
INSERT INTO `employee` VALUES (1488, '姚森2', '男', '1991-02-05', '610122199102058952', '已婚', 1, '河南', 3, 'yaosen@qq.com', '14785559936', '河南洛阳人民大道58号', 92, 15, 34, '劳动合同', '初中', '室内装修设计', '西北大学', '2017-01-02', '在职', '00000015', 7, NULL, NULL, '2017-01-02', '2024-01-17', NULL);
INSERT INTO `employee` VALUES (1489, '云星2', '女', '1993-01-05', '610122199301054789', '已婚', 1, '陕西西安', 1, 'yunxing@qq.com', '15644442252', '陕西西安新城区', 92, 16, 34, '劳务合同', '硕士', '通信工程', '西安电子科技学校', '2018-01-01', '在职', '00000016', 5.25, NULL, NULL, '2018-01-01', '2023-04-13', NULL);
INSERT INTO `employee` VALUES (1490, '贾旭明2', '男', '1993-11-11', '610122199311111234', '已婚', 1, '广东广州', 4, 'jiaxuming@qq.com', '15644441234', '广东省广州市天河区冼村路', 78, 15, 33, '劳务合同', '初中', '通信工程', '西北大学', '2018-01-01', '在职', '00000017', 5.25, NULL, NULL, '2018-01-01', '2023-04-13', NULL);
INSERT INTO `employee` VALUES (1491, '王一亭', '男', '1991-02-01', '610144199102014569', '已婚', 1, '广东', 6, 'zhangliming@qq.com', '18979994478', '广东珠海', 91, 15, 33, '劳动合同', '高中', '考古', '清华大学', '2018-01-01', '在职', '00000018', 7, NULL, NULL, '2018-01-01', '2025-01-30', NULL);
INSERT INTO `employee` VALUES (1492, '薛磊2', '男', '1992-07-01', '610144199207017895', '已婚', 1, '陕西西安', 13, 'xuelei@qq.com', '15648887741', '西安市雁塔区', 92, 14, 34, '劳动合同', '初中', '无', '华胥中学', '2018-01-01', '在职', '00000019', 1, NULL, NULL, '2018-01-01', '2019-01-01', NULL);
INSERT INTO `employee` VALUES (1493, '张洁2', '女', '1990-10-09', '420177199010093652', '未婚', 1, '海南', 5, 'zhangjie@qq.com', '13695557742', '海口市美兰区', 92, 16, 34, '劳动合同', '高中', '无', '海南侨中', '2018-01-01', '在职', '00000020', 1, NULL, NULL, '2018-01-01', '2019-01-01', NULL);
INSERT INTO `employee` VALUES (1495, '陈静3', '女', '1989-02-01', '421288198902011234', '已婚', 1, '海南', 1, 'chenjing@qq.com', '18795556693', '海南省海口市美兰区', 82, 12, 30, '劳动合同', '高中', '市场营销', '武汉大学', '2015-06-09', '在职', '00000022', 3, NULL, NULL, '2015-06-09', '2018-06-08', NULL);
INSERT INTO `employee` VALUES (1496, '鹿存亮3', '男', '1990-01-03', '610122199001031456', '已婚', 1, '陕西', 3, 'zhao@qq.com', '15612347795', '陕西省西安市莲湖区', 92, 12, 34, '劳动合同', '高中', '电子工程', '哈尔滨理工大学', '2018-01-01', '在职', '00000024', 3.5, NULL, NULL, '2018-01-01', '2021-07-14', NULL);
INSERT INTO `employee` VALUES (1497, '姚森3', '男', '1991-02-05', '610122199102058952', '已婚', 1, '河南', 3, 'yaosen@qq.com', '14785559936', '河南洛阳人民大道58号', 92, 15, 34, '劳动合同', '初中', '室内装修设计', '西北大学', '2017-01-02', '在职', '00000025', 7, NULL, NULL, '2017-01-02', '2024-01-17', NULL);
INSERT INTO `employee` VALUES (1498, '云星3', '女', '1993-01-05', '610122199301054789', '已婚', 1, '陕西西安', 1, 'yunxing@qq.com', '15644442252', '陕西西安新城区', 92, 16, 34, '劳务合同', '硕士', '通信工程', '西安电子科技学校', '2018-01-01', '在职', '00000026', 5.25, NULL, NULL, '2018-01-01', '2023-04-13', NULL);
INSERT INTO `employee` VALUES (1499, '贾旭明3', '男', '1993-11-11', '610122199311111234', '已婚', 1, '广东广州', 4, 'jiaxuming@qq.com', '15644441234', '广东省广州市天河区冼村路', 78, 15, 33, '劳务合同', '初中', '通信工程', '西北大学', '2018-01-01', '在职', '00000027', 5.25, NULL, NULL, '2018-01-01', '2023-04-13', NULL);
INSERT INTO `employee` VALUES (1500, '张黎明3', '男', '1991-02-01', '610144199102014569', '已婚', 1, '广东', 6, 'zhangliming@qq.com', '18979994478', '广东珠海', 91, 15, 33, '劳动合同', '高中', '考古', '清华大学', '2018-01-01', '在职', '00000028', 7, NULL, NULL, '2018-01-01', '2025-01-30', NULL);
INSERT INTO `employee` VALUES (1501, '薛磊3', '男', '1992-07-01', '610144199207017895', '已婚', 1, '陕西西安', 13, 'xuelei@qq.com', '15648887741', '西安市雁塔区', 92, 14, 34, '劳动合同', '初中', '无', '华胥中学', '2018-01-01', '在职', '00000029', 6, NULL, NULL, '2018-01-01', '2024-01-17', NULL);
INSERT INTO `employee` VALUES (1503, '陈静4', '女', '1989-02-01', '421288198902011234', '已婚', 1, '海南', 1, 'chenjing@qq.com', '18795556693', '海南省海口市美兰区', 82, 12, 30, '劳动合同', '高中', '市场营销', '武汉大学', '2015-06-09', '在职', '00000032', 3, NULL, NULL, '2015-06-09', '2018-06-08', NULL);
INSERT INTO `employee` VALUES (1504, '赵琳浩4', '男', '1993-03-04', '610122199303041456', '未婚', 1, '陕西', 3, 'zhao@qq.com', '15698887795', '陕西省西安市莲湖区', 91, 12, 33, '劳动合同', '博士', '电子工程', '哈尔滨理工大学', '2018-01-01', '在职', '00000033', 3.5, NULL, NULL, '2018-01-01', '2021-07-14', NULL);
INSERT INTO `employee` VALUES (1505, '鹿存亮4', '男', '1990-01-03', '610122199001031456', '已婚', 1, '陕西', 3, 'zhao@qq.com', '15612347795', '陕西省西安市莲湖区', 92, 12, 34, '劳动合同', '高中', '电子工程', '哈尔滨理工大学', '2018-01-01', '在职', '00000034', 3.5, NULL, NULL, '2018-01-01', '2021-07-14', NULL);
INSERT INTO `employee` VALUES (1506, '姚森4', '男', '1991-02-05', '610122199102058952', '已婚', 1, '河南', 3, 'yaosen@qq.com', '14785559936', '河南洛阳人民大道58号', 92, 15, 34, '劳动合同', '初中', '室内装修设计', '西北大学', '2017-01-02', '在职', '00000035', 7, NULL, NULL, '2017-01-02', '2024-01-17', NULL);
INSERT INTO `employee` VALUES (1507, '云星4', '女', '1993-01-05', '610122199301054789', '已婚', 1, '陕西西安', 1, 'yunxing@qq.com', '15644442252', '陕西西安新城区', 92, 16, 34, '劳务合同', '硕士', '通信工程', '西安电子科技学校', '2018-01-01', '在职', '00000036', 5.25, NULL, NULL, '2018-01-01', '2023-04-13', NULL);
INSERT INTO `employee` VALUES (1508, '贾旭明4', '男', '1993-11-11', '610122199311111234', '已婚', 1, '广东广州', 4, 'jiaxuming@qq.com', '15644441234', '广东省广州市天河区冼村路', 78, 15, 33, '劳务合同', '初中', '通信工程', '西北大学', '2018-01-01', '在职', '00000037', 5.25, NULL, NULL, '2018-01-01', '2023-04-13', NULL);
INSERT INTO `employee` VALUES (1509, '谢工', '女', '1970-01-01', '618177197001011234', '离异', 1, '江苏', 1, '584991843@qq.com', '18558887788', '北京', 91, 12, 29, '劳动合同', '本科', '计算机软件', '南华大学', '2018-01-01', '在职', '00000038', 5, NULL, NULL, '2018-01-01', '2023-01-01', NULL);
INSERT INTO `employee` VALUES (1510, '林昭亮', '男', '1990-01-01', '610122199809091234', '已婚', 1, '广东', 13, '584991843@qq.com', '16767776654', '广东深圳', 91, 15, 33, '劳动合同', '大专', '计算机软件', '广东职业技术学院', '2018-01-01', '在职', '00000039', 5, NULL, NULL, '2018-01-01', '2023-01-01', NULL);
INSERT INTO `employee` VALUES (1531, '陈静', '女', '1989-02-01', '421288198902011234', '已婚', 1, '海南', 1, 'chenjing@qq.com', '18795556693', '海南省海口市美兰区', 91, 12, 29, '劳动合同', '高中', '市场营销', '武汉大学', '2015-06-09', '在职', '00000002', 3, '2015-09-10', NULL, '2015-06-09', '2018-06-08', NULL);
INSERT INTO `employee` VALUES (1532, '赵琳浩', '男', '1993-03-04', '610122199303041456', '未婚', 1, '陕西', 3, 'zhao@qq.com', '15698887795', '陕西省西安市莲湖区', 91, 12, 33, '劳动合同', '博士', '电子工程', '哈尔滨理工大学', '2018-01-01', '在职', '00000003', 3.5, '2018-04-01', NULL, '2018-01-01', '2021-07-14', NULL);
INSERT INTO `employee` VALUES (1533, '鹿存亮', '男', '1990-01-03', '610122199001031456', '已婚', 1, '陕西', 3, 'zhao@qq.com', '15612347795', '陕西省西安市莲湖区', 92, 12, 34, '劳动合同', '高中', '电子工程', '哈尔滨理工大学', '2018-01-01', '在职', '00000004', 3.5, '2018-04-01', NULL, '2018-01-01', '2021-07-14', NULL);
INSERT INTO `employee` VALUES (1534, '姚森', '男', '1991-02-05', '610122199102058952', '已婚', 1, '河南', 3, 'yaosen@qq.com', '14785559936', '河南洛阳人民大道58号', 92, 15, 34, '劳动合同', '硕士', '室内装修设计', '西北大学', '2017-01-02', '在职', '00000005', 7, '2017-04-02', NULL, '2017-01-02', '2024-01-17', NULL);
INSERT INTO `employee` VALUES (1535, '云星', '女', '1993-01-05', '610122199301054789', '已婚', 1, '陕西西安', 1, 'yunxing@qq.com', '15644442252', '陕西西安新城区', 92, 16, 34, '劳务合同', '硕士', '通信工程', '西安电子科技学校', '2018-01-01', '在职', '00000006', 5.25, '2018-04-01', NULL, '2018-01-01', '2023-04-13', NULL);
INSERT INTO `employee` VALUES (1536, '贾旭明', '男', '1993-11-11', '610122199311111234', '已婚', 1, '广东广州', 4, 'jiaxuming@qq.com', '15644441234', '广东省广州市天河区冼村路', 78, 15, 33, '劳务合同', '初中', '通信工程', '西北大学', '2018-01-01', '在职', '00000007', 5.25, '2018-04-01', NULL, '2018-01-01', '2023-04-13', NULL);
INSERT INTO `employee` VALUES (1537, '张黎明', '男', '1991-02-01', '610144199102014569', '已婚', 1, '广东', 6, 'zhangliming@qq.com', '18979994478', '广东珠海', 91, 15, 33, '劳动合同', '高中', '考古', '清华大学', '2018-01-01', '在职', '00000008', 7, '2018-04-01', NULL, '2018-01-01', '2025-01-30', NULL);
INSERT INTO `employee` VALUES (1538, '薛磊', '男', '1992-07-01', '610144199207017895', '已婚', 1, '陕西西安', 13, 'xuelei@qq.com', '15648887741', '西安市雁塔区', 92, 14, 34, '劳动合同', '初中', '无', '华胥中学', '2018-01-01', '在职', '00000009', 6, '2018-04-01', NULL, '2018-01-01', '2024-01-17', NULL);
INSERT INTO `employee` VALUES (1539, '张洁', '女', '1990-10-09', '420177199010093652', '未婚', 1, '海南', 5, 'zhangjie@qq.com', '13695557742', '海口市美兰区', 92, 16, 34, '劳动合同', '高中', '无', '海南侨中', '2018-01-01', '在职', '00000010', 1, '2018-01-31', NULL, '2018-01-01', '2019-01-01', NULL);
INSERT INTO `employee` VALUES (1541, '陈静2', '女', '1989-02-01', '421288198902011234', '已婚', 1, '海南', 1, 'chenjing@qq.com', '18795556693', '海南省海口市美兰区', 82, 12, 30, '劳动合同', '高中', '市场营销', '武汉大学', '2015-06-09', '在职', '00000012', 3, '2015-09-10', NULL, '2015-06-09', '2018-06-08', NULL);
INSERT INTO `employee` VALUES (1542, '赵琳浩2', '男', '1993-03-04', '610122199303041456', '未婚', 1, '陕西', 3, 'zhao@qq.com', '15698887795', '陕西省西安市莲湖区', 91, 12, 33, '劳动合同', '博士', '电子工程', '哈尔滨理工大学', '2018-01-01', '在职', '00000013', 3.5, '2018-04-01', NULL, '2018-01-01', '2021-07-14', NULL);
INSERT INTO `employee` VALUES (1543, '鹿存亮2', '男', '1990-01-03', '610122199001031456', '已婚', 1, '陕西', 3, 'zhao@qq.com', '15612347795', '陕西省西安市莲湖区', 92, 12, 34, '劳动合同', '高中', '电子工程', '哈尔滨理工大学', '2018-01-01', '在职', '00000014', 3.5, '2018-04-01', NULL, '2018-01-01', '2021-07-14', NULL);
INSERT INTO `employee` VALUES (1544, '姚森2', '男', '1991-02-05', '610122199102058952', '已婚', 1, '河南', 3, 'yaosen@qq.com', '14785559936', '河南洛阳人民大道58号', 92, 15, 34, '劳动合同', '初中', '室内装修设计', '西北大学', '2017-01-02', '在职', '00000015', 7, '2017-04-02', NULL, '2017-01-02', '2024-01-17', NULL);
INSERT INTO `employee` VALUES (1545, '云星2', '女', '1993-01-05', '610122199301054789', '已婚', 1, '陕西西安', 1, 'yunxing@qq.com', '15644442252', '陕西西安新城区', 92, 16, 34, '劳务合同', '硕士', '通信工程', '西安电子科技学校', '2018-01-01', '在职', '00000016', 5.25, '2018-04-01', NULL, '2018-01-01', '2023-04-13', NULL);
INSERT INTO `employee` VALUES (1546, '贾旭明2', '男', '1993-11-11', '610122199311111234', '已婚', 1, '广东广州', 4, 'jiaxuming@qq.com', '15644441234', '广东省广州市天河区冼村路', 78, 15, 33, '劳务合同', '初中', '通信工程', '西北大学', '2018-01-01', '在职', '00000017', 5.25, '2018-04-01', NULL, '2018-01-01', '2023-04-13', NULL);
INSERT INTO `employee` VALUES (1547, '王一亭', '男', '1991-02-01', '610144199102014569', '已婚', 1, '广东', 6, 'zhangliming@qq.com', '18979994478', '广东珠海', 91, 15, 33, '劳动合同', '高中', '考古', '清华大学', '2018-01-01', '在职', '00000018', 7, '2018-04-01', NULL, '2018-01-01', '2025-01-30', NULL);
INSERT INTO `employee` VALUES (1548, '薛磊2', '男', '1992-07-01', '610144199207017895', '已婚', 1, '陕西西安', 13, 'xuelei@qq.com', '15648887741', '西安市雁塔区', 92, 14, 34, '劳动合同', '初中', '无', '华胥中学', '2018-01-01', '在职', '00000019', 1, '2018-04-01', NULL, '2018-01-01', '2019-01-01', NULL);
INSERT INTO `employee` VALUES (1549, '张洁2', '女', '1990-10-09', '420177199010093652', '未婚', 1, '海南', 5, 'zhangjie@qq.com', '13695557742', '海口市美兰区', 92, 16, 34, '劳动合同', '高中', '无', '海南侨中', '2018-01-01', '在职', '00000020', 1, '2018-01-31', NULL, '2018-01-01', '2019-01-01', NULL);
INSERT INTO `employee` VALUES (1551, '陈静3', '女', '1989-02-01', '421288198902011234', '已婚', 1, '海南', 1, 'chenjing@qq.com', '18795556693', '海南省海口市美兰区', 82, 12, 30, '劳动合同', '高中', '市场营销', '武汉大学', '2015-06-09', '在职', '00000022', 3, '2015-09-10', NULL, '2015-06-09', '2018-06-08', NULL);
INSERT INTO `employee` VALUES (1552, '鹿存亮3', '男', '1990-01-03', '610122199001031456', '已婚', 1, '陕西', 3, 'zhao@qq.com', '15612347795', '陕西省西安市莲湖区', 92, 12, 34, '劳动合同', '高中', '电子工程', '哈尔滨理工大学', '2018-01-01', '在职', '00000024', 3.5, '2018-04-01', NULL, '2018-01-01', '2021-07-14', NULL);
INSERT INTO `employee` VALUES (1553, '姚森3', '男', '1991-02-05', '610122199102058952', '已婚', 1, '河南', 3, 'yaosen@qq.com', '14785559936', '河南洛阳人民大道58号', 92, 15, 34, '劳动合同', '初中', '室内装修设计', '西北大学', '2017-01-02', '在职', '00000025', 7, '2017-04-02', NULL, '2017-01-02', '2024-01-17', NULL);
INSERT INTO `employee` VALUES (1554, '云星3', '女', '1993-01-05', '610122199301054789', '已婚', 1, '陕西西安', 1, 'yunxing@qq.com', '15644442252', '陕西西安新城区', 92, 16, 34, '劳务合同', '硕士', '通信工程', '西安电子科技学校', '2018-01-01', '在职', '00000026', 5.25, '2018-04-01', NULL, '2018-01-01', '2023-04-13', NULL);
INSERT INTO `employee` VALUES (1555, '贾旭明3', '男', '1993-11-11', '610122199311111234', '已婚', 1, '广东广州', 4, 'jiaxuming@qq.com', '15644441234', '广东省广州市天河区冼村路', 78, 15, 33, '劳务合同', '初中', '通信工程', '西北大学', '2018-01-01', '在职', '00000027', 5.25, '2018-04-01', NULL, '2018-01-01', '2023-04-13', NULL);
INSERT INTO `employee` VALUES (1556, '张黎明3', '男', '1991-02-01', '610144199102014569', '已婚', 1, '广东', 6, 'zhangliming@qq.com', '18979994478', '广东珠海', 91, 15, 33, '劳动合同', '高中', '考古', '清华大学', '2018-01-01', '在职', '00000028', 7, '2018-04-01', NULL, '2018-01-01', '2025-01-30', NULL);
INSERT INTO `employee` VALUES (1557, '薛磊3', '男', '1992-07-01', '610144199207017895', '已婚', 1, '陕西西安', 13, 'xuelei@qq.com', '15648887741', '西安市雁塔区', 92, 14, 34, '劳动合同', '初中', '无', '华胥中学', '2018-01-01', '在职', '00000029', 6, '2018-04-01', NULL, '2018-01-01', '2024-01-17', NULL);
INSERT INTO `employee` VALUES (1559, '陈静4', '女', '1989-02-01', '421288198902011234', '已婚', 1, '海南', 1, 'chenjing@qq.com', '18795556693', '海南省海口市美兰区', 82, 12, 30, '劳动合同', '高中', '市场营销', '武汉大学', '2015-06-09', '在职', '00000032', 3, '2015-09-10', NULL, '2015-06-09', '2018-06-08', NULL);
INSERT INTO `employee` VALUES (1560, '赵琳浩4', '男', '1993-03-04', '610122199303041456', '未婚', 1, '陕西', 3, 'zhao@qq.com', '15698887795', '陕西省西安市莲湖区', 91, 12, 33, '劳动合同', '博士', '电子工程', '哈尔滨理工大学', '2018-01-01', '在职', '00000033', 3.5, '2018-04-01', NULL, '2018-01-01', '2021-07-14', NULL);
INSERT INTO `employee` VALUES (1561, '鹿存亮4', '男', '1990-01-03', '610122199001031456', '已婚', 1, '陕西', 3, 'zhao@qq.com', '15612347795', '陕西省西安市莲湖区', 92, 12, 34, '劳动合同', '高中', '电子工程', '哈尔滨理工大学', '2018-01-01', '在职', '00000034', 3.5, '2018-04-01', NULL, '2018-01-01', '2021-07-14', NULL);
INSERT INTO `employee` VALUES (1562, '姚森4', '男', '1991-02-05', '610122199102058952', '已婚', 1, '河南', 3, 'yaosen@qq.com', '14785559936', '河南洛阳人民大道58号', 92, 15, 34, '劳动合同', '初中', '室内装修设计', '西北大学', '2017-01-02', '在职', '00000035', 7, '2017-04-02', NULL, '2017-01-02', '2024-01-17', NULL);
INSERT INTO `employee` VALUES (1563, '云星4', '女', '1993-01-05', '610122199301054789', '已婚', 1, '陕西西安', 1, 'yunxing@qq.com', '15644442252', '陕西西安新城区', 92, 16, 34, '劳务合同', '硕士', '通信工程', '西安电子科技学校', '2018-01-01', '在职', '00000036', 5.25, '2018-04-01', NULL, '2018-01-01', '2023-04-13', NULL);
INSERT INTO `employee` VALUES (1564, '贾旭明4', '男', '1993-11-11', '610122199311111234', '已婚', 1, '广东广州', 4, 'jiaxuming@qq.com', '15644441234', '广东省广州市天河区冼村路', 78, 15, 33, '劳务合同', '初中', '通信工程', '西北大学', '2018-01-01', '在职', '00000037', 5.25, '2018-04-01', NULL, '2018-01-01', '2023-04-13', NULL);
INSERT INTO `employee` VALUES (1565, '张黎明2', '男', '1991-02-01', '610144199102014569', '已婚', 1, '广东', 6, 'zhangliming@qq.com', '18979994478', '广东珠海', 91, 15, 33, '劳动合同', '高中', '考古', '清华大学', '2018-01-01', '在职', '00000038', 7, '2018-04-01', NULL, '2018-01-01', '2025-01-30', NULL);
INSERT INTO `employee` VALUES (1566, '薛磊4', '男', '1992-07-01', '610144199207017895', '已婚', 1, '陕西西安', 13, 'xuelei@qq.com', '15648887741', '西安市雁塔区', 92, 14, 34, '劳动合同', '初中', '无', '华胥中学', '2018-01-01', '在职', '00000039', 6, '2018-04-01', NULL, '2018-01-01', '2024-01-17', NULL);
INSERT INTO `employee` VALUES (1567, '张洁4', '女', '1990-10-09', '420177199010093652', '未婚', 1, '海南', 5, 'zhangjie@qq.com', '13695557742', '海口市美兰区', 92, 16, 34, '劳动合同', '高中', '无', '海南侨中', '2018-01-01', '在职', '00000040', 1, '2018-01-31', NULL, '2018-01-01', '2019-01-01', NULL);
INSERT INTO `employee` VALUES (1569, '陈静5', '女', '1989-02-01', '421288198902011234', '已婚', 1, '海南', 1, 'chenjing@qq.com', '18795556693', '海南省海口市美兰区', 82, 12, 30, '劳动合同', '高中', '市场营销', '武汉大学', '2015-06-09', '在职', '00000042', 3, '2015-09-10', NULL, '2015-06-09', '2018-06-08', NULL);
INSERT INTO `employee` VALUES (1570, '赵琳浩5', '男', '1993-03-04', '610122199303041456', '未婚', 1, '陕西', 3, 'zhao@qq.com', '15698887795', '陕西省西安市莲湖区', 91, 12, 33, '劳动合同', '博士', '电子工程', '哈尔滨理工大学', '2018-01-01', '在职', '00000043', 3.5, '2018-04-01', NULL, '2018-01-01', '2021-07-14', NULL);
INSERT INTO `employee` VALUES (1571, '鹿存亮5', '男', '1990-01-03', '610122199001031456', '已婚', 1, '陕西', 3, 'zhao@qq.com', '15612347795', '陕西省西安市莲湖区', 92, 12, 34, '劳动合同', '高中', '电子工程', '哈尔滨理工大学', '2018-01-01', '在职', '00000044', 3.5, '2018-04-01', NULL, '2018-01-01', '2021-07-14', NULL);
INSERT INTO `employee` VALUES (1572, '姚森5', '男', '1991-02-05', '610122199102058952', '已婚', 1, '河南', 3, 'yaosen@qq.com', '14785559936', '河南洛阳人民大道58号', 92, 15, 34, '劳动合同', '初中', '室内装修设计', '西北大学', '2017-01-02', '在职', '00000045', 7, '2017-04-02', NULL, '2017-01-02', '2024-01-17', NULL);
INSERT INTO `employee` VALUES (1573, '云星5', '女', '1993-01-05', '610122199301054789', '已婚', 1, '陕西西安', 1, 'yunxing@qq.com', '15644442252', '陕西西安新城区', 92, 16, 34, '劳务合同', '硕士', '通信工程', '西安电子科技学校', '2018-01-01', '在职', '00000046', 5.25, '2018-04-01', NULL, '2018-01-01', '2023-04-13', NULL);
INSERT INTO `employee` VALUES (1574, '贾旭明5', '男', '1993-11-11', '610122199311111234', '已婚', 1, '广东广州', 4, 'jiaxuming@qq.com', '15644441234', '广东省广州市天河区冼村路', 78, 15, 33, '劳务合同', '初中', '通信工程', '西北大学', '2018-01-01', '在职', '00000047', 5.25, '2018-04-01', NULL, '2018-01-01', '2023-04-13', NULL);
INSERT INTO `employee` VALUES (1575, '张黎明5', '男', '1991-02-01', '610144199102014569', '已婚', 1, '广东', 6, 'zhangliming@qq.com', '18979994478', '广东珠海', 91, 15, 33, '劳动合同', '高中', '考古', '清华大学', '2018-01-01', '在职', '00000048', 7, '2018-04-01', NULL, '2018-01-01', '2025-01-30', NULL);
INSERT INTO `employee` VALUES (1576, '薛磊5', '男', '1992-07-01', '610144199207017895', '已婚', 1, '陕西西安', 13, 'xuelei@qq.com', '15648887741', '西安市雁塔区', 92, 14, 34, '劳动合同', '初中', '无', '华胥中学', '2018-01-01', '在职', '00000049', 6, '2018-04-01', NULL, '2018-01-01', '2024-01-17', NULL);
INSERT INTO `employee` VALUES (1577, '张洁5', '女', '1990-10-09', '420177199010093652', '未婚', 1, '海南', 5, 'zhangjie@qq.com', '13695557742', '海口市美兰区', 92, 16, 34, '劳动合同', '高中', '无', '海南侨中', '2018-01-01', '在职', '00000050', 1, '2018-01-31', NULL, '2018-01-01', '2019-01-01', NULL);
INSERT INTO `employee` VALUES (1579, '陈静6', '女', '1989-02-01', '421288198902011234', '已婚', 1, '海南', 1, 'chenjing@qq.com', '18795556693', '海南省海口市美兰区', 82, 12, 30, '劳动合同', '高中', '市场营销', '武汉大学', '2015-06-09', '在职', '00000052', 3, '2015-09-10', NULL, '2015-06-09', '2018-06-08', NULL);
INSERT INTO `employee` VALUES (1580, '赵琳浩6', '男', '1993-03-04', '610122199303041456', '未婚', 1, '陕西', 3, 'zhao@qq.com', '15698887795', '陕西省西安市莲湖区', 91, 12, 33, '劳动合同', '博士', '电子工程', '哈尔滨理工大学', '2018-01-01', '在职', '00000053', 3.5, '2018-04-01', NULL, '2018-01-01', '2021-07-14', NULL);
INSERT INTO `employee` VALUES (1581, '鹿存亮6', '男', '1990-01-03', '610122199001031456', '已婚', 1, '陕西', 3, 'zhao@qq.com', '15612347795', '陕西省西安市莲湖区', 92, 12, 34, '劳动合同', '高中', '电子工程', '哈尔滨理工大学', '2018-01-01', '在职', '00000054', 3.5, '2018-04-01', NULL, '2018-01-01', '2021-07-14', NULL);
INSERT INTO `employee` VALUES (1582, '姚森6', '男', '1991-02-05', '610122199102058952', '已婚', 1, '河南', 3, 'yaosen@qq.com', '14785559936', '河南洛阳人民大道58号', 92, 15, 34, '劳动合同', '初中', '室内装修设计', '西北大学', '2017-01-02', '在职', '00000055', 7, '2017-04-02', NULL, '2017-01-02', '2024-01-17', NULL);
INSERT INTO `employee` VALUES (1583, '云星6', '女', '1993-01-05', '610122199301054789', '已婚', 1, '陕西西安', 1, 'yunxing@qq.com', '15644442252', '陕西西安新城区', 92, 16, 34, '劳务合同', '硕士', '通信工程', '西安电子科技学校', '2018-01-01', '在职', '00000056', 5.25, '2018-04-01', NULL, '2018-01-01', '2023-04-13', NULL);
INSERT INTO `employee` VALUES (1585, '陈静', '女', '1989-02-01', '421288198902011234', '已婚', 1, '海南', 1, 'chenjing@qq.com', '18795556693', '海南省海口市美兰区', 82, 12, 30, '劳动合同', '高中', '市场营销', '武汉大学', '2015-06-09', '在职', '00000002', 3, NULL, NULL, '2015-06-09', '2018-06-08', NULL);
INSERT INTO `employee` VALUES (1586, '赵琳浩', '男', '1993-03-04', '610122199303041456', '未婚', 1, '陕西', 3, 'zhao@qq.com', '15698887795', '陕西省西安市莲湖区', 91, 12, 33, '劳动合同', '博士', '电子工程', '哈尔滨理工大学', '2018-01-01', '在职', '00000003', 3.5, NULL, NULL, '2018-01-01', '2021-07-14', NULL);
INSERT INTO `employee` VALUES (1587, '鹿存亮', '男', '1990-01-03', '610122199001031456', '已婚', 1, '陕西', 3, 'zhao@qq.com', '15612347795', '陕西省西安市莲湖区', 92, 12, 34, '劳动合同', '高中', '电子工程', '哈尔滨理工大学', '2018-01-01', '在职', '00000004', 3.5, NULL, NULL, '2018-01-01', '2021-07-14', NULL);
INSERT INTO `employee` VALUES (1588, '姚森', '男', '1991-02-05', '610122199102058952', '已婚', 1, '河南', 3, 'yaosen@qq.com', '14785559936', '河南洛阳人民大道58号', 92, 15, 34, '劳动合同', '初中', '室内装修设计', '西北大学', '2017-01-02', '在职', '00000005', 7, NULL, NULL, '2017-01-02', '2024-01-17', NULL);
INSERT INTO `employee` VALUES (1589, '贾旭明', '男', '1993-11-11', '610122199311111234', '已婚', 1, '广东广州', 4, 'jiaxuming@qq.com', '15644441234', '广东省广州市天河区冼村路', 78, 15, 33, '劳务合同', '初中', '通信工程', '西北大学', '2018-01-01', '在职', '00000007', 5.25, NULL, NULL, '2018-01-01', '2023-04-13', NULL);
INSERT INTO `employee` VALUES (1590, '张黎明', '男', '1991-02-01', '610144199102014569', '已婚', 1, '广东', 6, 'zhangliming@qq.com', '18979994478', '广东珠海', 91, 15, 33, '劳动合同', '高中', '考古', '清华大学', '2018-01-01', '在职', '00000008', 7, NULL, NULL, '2018-01-01', '2025-01-30', NULL);
INSERT INTO `employee` VALUES (1591, '薛磊', '男', '1992-07-01', '610144199207017895', '已婚', 1, '陕西西安', 13, 'xuelei@qq.com', '15648887741', '西安市雁塔区', 92, 14, 34, '劳动合同', '初中', '无', '华胥中学', '2018-01-01', '在职', '00000009', 6, NULL, NULL, '2018-01-01', '2024-01-17', NULL);
INSERT INTO `employee` VALUES (1592, '张洁', '女', '1990-10-09', '420177199010093652', '未婚', 1, '海南', 5, 'zhangjie@qq.com', '13695557742', '海口市美兰区', 92, 16, 34, '劳动合同', '高中', '无', '海南侨中', '2018-01-01', '在职', '00000010', 1, NULL, NULL, '2018-01-01', '2019-01-01', NULL);
INSERT INTO `employee` VALUES (1594, '陈静2', '女', '1989-02-01', '421288198902011234', '已婚', 1, '海南', 1, 'chenjing@qq.com', '18795556693', '海南省海口市美兰区', 82, 12, 30, '劳动合同', '高中', '市场营销', '武汉大学', '2015-06-09', '在职', '00000012', 3, NULL, NULL, '2015-06-09', '2018-06-08', NULL);
INSERT INTO `employee` VALUES (1595, '赵琳浩2', '男', '1993-03-04', '610122199303041456', '未婚', 1, '陕西', 3, 'zhao@qq.com', '15698887795', '陕西省西安市莲湖区', 91, 12, 33, '劳动合同', '博士', '电子工程', '哈尔滨理工大学', '2018-01-01', '在职', '00000013', 3.5, NULL, NULL, '2018-01-01', '2021-07-14', NULL);
INSERT INTO `employee` VALUES (1596, '鹿存亮2', '男', '1990-01-03', '610122199001031456', '已婚', 1, '陕西', 3, 'zhao@qq.com', '15612347795', '陕西省西安市莲湖区', 92, 12, 34, '劳动合同', '高中', '电子工程', '哈尔滨理工大学', '2018-01-01', '在职', '00000014', 3.5, NULL, NULL, '2018-01-01', '2021-07-14', NULL);
INSERT INTO `employee` VALUES (1597, '姚森2', '男', '1991-02-05', '610122199102058952', '已婚', 1, '河南', 3, 'yaosen@qq.com', '14785559936', '河南洛阳人民大道58号', 92, 15, 34, '劳动合同', '初中', '室内装修设计', '西北大学', '2017-01-02', '在职', '00000015', 7, NULL, NULL, '2017-01-02', '2024-01-17', NULL);
INSERT INTO `employee` VALUES (1598, '云星2', '女', '1993-01-05', '610122199301054789', '已婚', 1, '陕西西安', 1, 'yunxing@qq.com', '15644442252', '陕西西安新城区', 92, 16, 34, '劳务合同', '硕士', '通信工程', '西安电子科技学校', '2018-01-01', '在职', '00000016', 5.25, NULL, NULL, '2018-01-01', '2023-04-13', NULL);
INSERT INTO `employee` VALUES (1599, '贾旭明2', '男', '1993-11-11', '610122199311111234', '已婚', 1, '广东广州', 4, 'jiaxuming@qq.com', '15644441234', '广东省广州市天河区冼村路', 78, 15, 33, '劳务合同', '初中', '通信工程', '西北大学', '2018-01-01', '在职', '00000017', 5.25, NULL, NULL, '2018-01-01', '2023-04-13', NULL);
INSERT INTO `employee` VALUES (1600, '王一亭', '男', '1991-02-01', '610144199102014569', '已婚', 1, '广东', 6, 'zhangliming@qq.com', '18979994478', '广东珠海', 91, 15, 33, '劳动合同', '高中', '考古', '清华大学', '2018-01-01', '在职', '00000018', 7, NULL, NULL, '2018-01-01', '2025-01-30', NULL);
INSERT INTO `employee` VALUES (1601, '薛磊2', '男', '1992-07-01', '610144199207017895', '已婚', 1, '陕西西安', 13, 'xuelei@qq.com', '15648887741', '西安市雁塔区', 92, 14, 34, '劳动合同', '初中', '无', '华胥中学', '2018-01-01', '在职', '00000019', 1, NULL, NULL, '2018-01-01', '2019-01-01', NULL);
INSERT INTO `employee` VALUES (1604, '陈静3', '女', '1989-02-01', '421288198902011234', '已婚', 1, '海南', 1, 'chenjing@qq.com', '18795556693', '海南省海口市美兰区', 82, 12, 30, '劳动合同', '高中', '市场营销', '武汉大学', '2015-06-09', '在职', '00000022', 3, NULL, NULL, '2015-06-09', '2018-06-08', NULL);
INSERT INTO `employee` VALUES (1605, '鹿存亮3', '男', '1990-01-03', '610122199001031456', '已婚', 1, '陕西', 3, 'zhao@qq.com', '15612347795', '陕西省西安市莲湖区', 92, 12, 34, '劳动合同', '高中', '电子工程', '哈尔滨理工大学', '2018-01-01', '在职', '00000024', 3.5, NULL, NULL, '2018-01-01', '2021-07-14', NULL);
INSERT INTO `employee` VALUES (1606, '姚森3', '男', '1991-02-05', '610122199102058952', '已婚', 1, '河南', 3, 'yaosen@qq.com', '14785559936', '河南洛阳人民大道58号', 92, 15, 34, '劳动合同', '初中', '室内装修设计', '西北大学', '2017-01-02', '在职', '00000025', 7, NULL, NULL, '2017-01-02', '2024-01-17', NULL);
INSERT INTO `employee` VALUES (1607, '云星3', '女', '1993-01-05', '610122199301054789', '已婚', 1, '陕西西安', 1, 'yunxing@qq.com', '15644442252', '陕西西安新城区', 92, 16, 34, '劳务合同', '硕士', '通信工程', '西安电子科技学校', '2018-01-01', '在职', '00000026', 5.25, NULL, NULL, '2018-01-01', '2023-04-13', NULL);
INSERT INTO `employee` VALUES (1608, '贾旭明3', '男', '1993-11-11', '610122199311111234', '已婚', 1, '广东广州', 4, 'jiaxuming@qq.com', '15644441234', '广东省广州市天河区冼村路', 78, 15, 33, '劳务合同', '初中', '通信工程', '西北大学', '2018-01-01', '在职', '00000027', 5.25, NULL, NULL, '2018-01-01', '2023-04-13', NULL);
INSERT INTO `employee` VALUES (1609, '张黎明3', '男', '1991-02-01', '610144199102014569', '已婚', 1, '广东', 6, 'zhangliming@qq.com', '18979994478', '广东珠海', 91, 15, 33, '劳动合同', '高中', '考古', '清华大学', '2018-01-01', '在职', '00000028', 7, NULL, NULL, '2018-01-01', '2025-01-30', NULL);
INSERT INTO `employee` VALUES (1610, '薛磊3', '男', '1992-07-01', '610144199207017895', '已婚', 1, '陕西西安', 13, 'xuelei@qq.com', '15648887741', '西安市雁塔区', 92, 14, 34, '劳动合同', '初中', '无', '华胥中学', '2018-01-01', '在职', '00000029', 6, NULL, NULL, '2018-01-01', '2024-01-17', NULL);
INSERT INTO `employee` VALUES (1612, '陈静4', '女', '1989-02-01', '421288198902011234', '已婚', 1, '海南', 1, 'chenjing@qq.com', '18795556693', '海南省海口市美兰区', 82, 12, 30, '劳动合同', '高中', '市场营销', '武汉大学', '2015-06-09', '在职', '00000032', 3, NULL, NULL, '2015-06-09', '2018-06-08', NULL);
INSERT INTO `employee` VALUES (1613, '赵琳浩4', '男', '1993-03-04', '610122199303041456', '未婚', 1, '陕西', 3, 'zhao@qq.com', '15698887795', '陕西省西安市莲湖区', 91, 12, 33, '劳动合同', '博士', '电子工程', '哈尔滨理工大学', '2018-01-01', '在职', '00000033', 3.5, NULL, NULL, '2018-01-01', '2021-07-14', NULL);
INSERT INTO `employee` VALUES (1614, '鹿存亮4', '男', '1990-01-03', '610122199001031456', '已婚', 1, '陕西', 3, 'zhao@qq.com', '15612347795', '陕西省西安市莲湖区', 92, 12, 34, '劳动合同', '高中', '电子工程', '哈尔滨理工大学', '2018-01-01', '在职', '00000034', 3.5, NULL, NULL, '2018-01-01', '2021-07-14', NULL);
INSERT INTO `employee` VALUES (1615, '姚森4', '男', '1991-02-05', '610122199102058952', '已婚', 1, '河南', 3, 'yaosen@qq.com', '14785559936', '河南洛阳人民大道58号', 92, 15, 34, '劳动合同', '初中', '室内装修设计', '西北大学', '2017-01-02', '在职', '00000035', 7, NULL, NULL, '2017-01-02', '2024-01-17', NULL);
INSERT INTO `employee` VALUES (1616, '云星4', '女', '1993-01-05', '610122199301054789', '已婚', 1, '陕西西安', 1, 'yunxing@qq.com', '15644442252', '陕西西安新城区', 92, 16, 34, '劳务合同', '硕士', '通信工程', '西安电子科技学校', '2018-01-01', '在职', '00000036', 5.25, NULL, NULL, '2018-01-01', '2023-04-13', NULL);
INSERT INTO `employee` VALUES (1617, '贾旭明4', '男', '1993-11-11', '610122199311111234', '已婚', 1, '广东广州', 4, 'jiaxuming@qq.com', '15644441234', '广东省广州市天河区冼村路', 78, 15, 33, '劳务合同', '初中', '通信工程', '西北大学', '2018-01-01', '在职', '00000037', 5.25, NULL, NULL, '2018-01-01', '2023-04-13', NULL);
INSERT INTO `employee` VALUES (1618, '谢工', '女', '1970-01-01', '618177197001011234', '离异', 1, '江苏', 1, '584991843@qq.com', '18558887788', '北京', 91, 12, 29, '劳动合同', '本科', '计算机软件', '南华大学', '2018-01-01', '在职', '00000038', 5, '2019-01-01', NULL, '2018-01-01', '2023-01-01', NULL);
INSERT INTO `employee` VALUES (1619, '林昭亮', '男', '1990-01-01', '610122199809091234', '已婚', 1, '广东', 13, '584991843@qq.com', '16767776654', '广东深圳', 91, 15, 33, '劳动合同', '大专', '计算机软件', '广东职业技术学院', '2018-01-01', '在职', '00000039', 5, '2018-04-01', NULL, '2018-01-01', '2023-01-01', NULL);
INSERT INTO `employee` VALUES (1629, '陈静', '女', '1989-02-01', '421288198902011234', '已婚', 1, '海南', 1, 'chenjing@qq.com', '18795556693', '海南省海口市美兰区', 8, 12, 30, '劳动合同', '高中', '市场营销', '武汉大学', '2015-06-09', '在职', '00000002', 3, NULL, NULL, '2015-06-09', '2018-06-08', NULL);
INSERT INTO `employee` VALUES (1630, '赵琳浩', '男', '1993-03-04', '610122199303041456', '未婚', 1, '陕西', 3, 'zhao@qq.com', '15698887795', '陕西省西安市莲湖区', 91, 12, 33, '劳动合同', '博士', '电子工程', '哈尔滨理工大学', '2018-01-01', '在职', '00000003', 3.5, NULL, NULL, '2018-01-01', '2021-07-14', NULL);
INSERT INTO `employee` VALUES (1631, '鹿存亮', '男', '1990-01-03', '610122199001031456', '已婚', 1, '陕西', 3, 'zhao@qq.com', '15612347795', '陕西省西安市莲湖区', 92, 12, 34, '劳动合同', '高中', '电子工程', '哈尔滨理工大学', '2018-01-01', '在职', '00000004', 3.5, NULL, NULL, '2018-01-01', '2021-07-14', NULL);
INSERT INTO `employee` VALUES (1632, '姚森', '男', '1991-02-05', '610122199102058952', '已婚', 1, '河南', 3, 'yaosen@qq.com', '14785559936', '河南洛阳人民大道58号', 92, 15, 34, '劳动合同', '硕士', '室内装修设计', '西北大学', '2017-01-02', '在职', '00000005', 7, NULL, NULL, '2017-01-02', '2024-01-17', NULL);
INSERT INTO `employee` VALUES (1633, '云星', '女', '1993-01-05', '610122199301054789', '已婚', 1, '陕西西安', 1, 'yunxing@qq.com', '15644442252', '陕西西安新城区', 92, 16, 34, '劳务合同', '硕士', '通信工程', '西安电子科技学校', '2018-01-01', '在职', '00000006', 5.25, NULL, NULL, '2018-01-01', '2023-04-13', NULL);
INSERT INTO `employee` VALUES (1634, '贾旭明', '男', '1993-11-11', '610122199311111234', '已婚', 1, '广东广州', 4, 'jiaxuming@qq.com', '15644441234', '广东省广州市天河区冼村路', 78, 15, 33, '劳务合同', '初中', '通信工程', '西北大学', '2018-01-01', '在职', '00000007', 5.25, NULL, NULL, '2018-01-01', '2023-04-13', NULL);
INSERT INTO `employee` VALUES (1635, '张黎明', '男', '1991-02-01', '610144199102014569', '已婚', 1, '广东', 6, 'zhangliming@qq.com', '18979994478', '广东珠海', 91, 15, 33, '劳动合同', '高中', '考古', '清华大学', '2018-01-01', '在职', '00000008', 7, NULL, NULL, '2018-01-01', '2025-01-30', NULL);
INSERT INTO `employee` VALUES (1636, '薛磊', '男', '1992-07-01', '610144199207017895', '已婚', 1, '陕西西安', 13, 'xuelei@qq.com', '15648887741', '西安市雁塔区', 92, 14, 34, '劳动合同', '初中', '无', '华胥中学', '2018-01-01', '在职', '00000009', 6, NULL, NULL, '2018-01-01', '2024-01-17', NULL);
INSERT INTO `employee` VALUES (1637, '张洁', '女', '1990-10-09', '420177199010093652', '未婚', 1, '海南', 5, 'zhangjie@qq.com', '13695557742', '海口市美兰区', 92, 16, 34, '劳动合同', '高中', '无', '海南侨中', '2018-01-01', '在职', '00000010', 1, NULL, NULL, '2018-01-01', '2019-01-01', NULL);
INSERT INTO `employee` VALUES (1639, '陈静2', '女', '1989-02-01', '421288198902011234', '已婚', 1, '海南', 1, 'chenjing@qq.com', '18795556693', '海南省海口市美兰区', 82, 12, 30, '劳动合同', '高中', '市场营销', '武汉大学', '2015-06-09', '在职', '00000012', 3, NULL, NULL, '2015-06-09', '2018-06-08', NULL);
INSERT INTO `employee` VALUES (1640, '赵琳浩2', '男', '1993-03-04', '610122199303041456', '未婚', 1, '陕西', 3, 'zhao@qq.com', '15698887795', '陕西省西安市莲湖区', 91, 12, 33, '劳动合同', '博士', '电子工程', '哈尔滨理工大学', '2018-01-01', '在职', '00000013', 3.5, NULL, NULL, '2018-01-01', '2021-07-14', NULL);
INSERT INTO `employee` VALUES (1641, '鹿存亮2', '男', '1990-01-03', '610122199001031456', '已婚', 1, '陕西', 3, 'zhao@qq.com', '15612347795', '陕西省西安市莲湖区', 92, 12, 34, '劳动合同', '高中', '电子工程', '哈尔滨理工大学', '2018-01-01', '在职', '00000014', 3.5, NULL, NULL, '2018-01-01', '2021-07-14', NULL);
INSERT INTO `employee` VALUES (1642, '姚森2', '男', '1991-02-05', '610122199102058952', '已婚', 1, '河南', 3, 'yaosen@qq.com', '14785559936', '河南洛阳人民大道58号', 92, 15, 34, '劳动合同', '初中', '室内装修设计', '西北大学', '2017-01-02', '在职', '00000015', 7, NULL, NULL, '2017-01-02', '2024-01-17', NULL);
INSERT INTO `employee` VALUES (1643, '云星2', '女', '1993-01-05', '610122199301054789', '已婚', 1, '陕西西安', 1, 'yunxing@qq.com', '15644442252', '陕西西安新城区', 92, 16, 34, '劳务合同', '硕士', '通信工程', '西安电子科技学校', '2018-01-01', '在职', '00000016', 5.25, NULL, NULL, '2018-01-01', '2023-04-13', NULL);
INSERT INTO `employee` VALUES (1644, '贾旭明2', '男', '1993-11-11', '610122199311111234', '已婚', 1, '广东广州', 4, 'jiaxuming@qq.com', '15644441234', '广东省广州市天河区冼村路', 78, 15, 33, '劳务合同', '初中', '通信工程', '西北大学', '2018-01-01', '在职', '00000017', 5.25, NULL, NULL, '2018-01-01', '2023-04-13', NULL);
INSERT INTO `employee` VALUES (1645, '王一亭', '男', '1991-02-01', '610144199102014569', '已婚', 1, '广东', 6, 'zhangliming@qq.com', '18979994478', '广东珠海', 91, 15, 33, '劳动合同', '高中', '考古', '清华大学', '2018-01-01', '在职', '00000018', 7, NULL, NULL, '2018-01-01', '2025-01-30', NULL);
INSERT INTO `employee` VALUES (1646, '薛磊2', '男', '1992-07-01', '610144199207017895', '已婚', 1, '陕西西安', 13, 'xuelei@qq.com', '15648887741', '西安市雁塔区', 92, 14, 34, '劳动合同', '初中', '无', '华胥中学', '2018-01-01', '在职', '00000019', 1, NULL, NULL, '2018-01-01', '2019-01-01', NULL);
INSERT INTO `employee` VALUES (1649, '陈静3', '女', '1989-02-01', '421288198902011234', '已婚', 1, '海南', 1, 'chenjing@qq.com', '18795556693', '海南省海口市美兰区', 82, 12, 30, '劳动合同', '高中', '市场营销', '武汉大学', '2015-06-09', '在职', '00000022', 3, NULL, NULL, '2015-06-09', '2018-06-08', NULL);
INSERT INTO `employee` VALUES (1650, '鹿存亮3', '男', '1990-01-03', '610122199001031456', '已婚', 1, '陕西', 3, 'zhao@qq.com', '15612347795', '陕西省西安市莲湖区', 92, 12, 34, '劳动合同', '高中', '电子工程', '哈尔滨理工大学', '2018-01-01', '在职', '00000024', 3.5, NULL, NULL, '2018-01-01', '2021-07-14', NULL);
INSERT INTO `employee` VALUES (1651, '姚森3', '男', '1991-02-05', '610122199102058952', '已婚', 1, '河南', 3, 'yaosen@qq.com', '14785559936', '河南洛阳人民大道58号', 92, 15, 34, '劳动合同', '初中', '室内装修设计', '西北大学', '2017-01-02', '在职', '00000025', 7, NULL, NULL, '2017-01-02', '2024-01-17', NULL);
INSERT INTO `employee` VALUES (1652, '云星3', '女', '1993-01-05', '610122199301054789', '已婚', 1, '陕西西安', 1, 'yunxing@qq.com', '15644442252', '陕西西安新城区', 92, 16, 34, '劳务合同', '硕士', '通信工程', '西安电子科技学校', '2018-01-01', '在职', '00000026', 5.25, NULL, NULL, '2018-01-01', '2023-04-13', NULL);
INSERT INTO `employee` VALUES (1653, '贾旭明3', '男', '1993-11-11', '610122199311111234', '已婚', 1, '广东广州', 4, 'jiaxuming@qq.com', '15644441234', '广东省广州市天河区冼村路', 78, 15, 33, '劳务合同', '初中', '通信工程', '西北大学', '2018-01-01', '在职', '00000027', 5.25, NULL, NULL, '2018-01-01', '2023-04-13', NULL);
INSERT INTO `employee` VALUES (1654, '张黎明3', '男', '1991-02-01', '610144199102014569', '已婚', 1, '广东', 6, 'zhangliming@qq.com', '18979994478', '广东珠海', 91, 15, 33, '劳动合同', '高中', '考古', '清华大学', '2018-01-01', '在职', '00000028', 7, NULL, NULL, '2018-01-01', '2025-01-30', NULL);
INSERT INTO `employee` VALUES (1655, '薛磊3', '男', '1992-07-01', '610144199207017895', '已婚', 1, '陕西西安', 13, 'xuelei@qq.com', '15648887741', '西安市雁塔区', 92, 14, 34, '劳动合同', '初中', '无', '华胥中学', '2018-01-01', '在职', '00000029', 6, NULL, NULL, '2018-01-01', '2024-01-17', NULL);
INSERT INTO `employee` VALUES (1657, '陈静4', '女', '1989-02-01', '421288198902011234', '已婚', 1, '海南', 1, 'chenjing@qq.com', '18795556693', '海南省海口市美兰区', 82, 12, 30, '劳动合同', '高中', '市场营销', '武汉大学', '2015-06-09', '在职', '00000032', 3, NULL, NULL, '2015-06-09', '2018-06-08', NULL);
INSERT INTO `employee` VALUES (1658, '赵琳浩4', '男', '1993-03-04', '610122199303041456', '未婚', 1, '陕西', 3, 'zhao@qq.com', '15698887795', '陕西省西安市莲湖区', 91, 12, 33, '劳动合同', '博士', '电子工程', '哈尔滨理工大学', '2018-01-01', '在职', '00000033', 3.5, NULL, NULL, '2018-01-01', '2021-07-14', NULL);
INSERT INTO `employee` VALUES (1659, '鹿存亮4', '男', '1990-01-03', '610122199001031456', '已婚', 1, '陕西', 3, 'zhao@qq.com', '15612347795', '陕西省西安市莲湖区', 92, 12, 34, '劳动合同', '高中', '电子工程', '哈尔滨理工大学', '2018-01-01', '在职', '00000034', 3.5, NULL, NULL, '2018-01-01', '2021-07-14', NULL);
INSERT INTO `employee` VALUES (1660, '姚森4', '男', '1991-02-05', '610122199102058952', '已婚', 1, '河南', 3, 'yaosen@qq.com', '14785559936', '河南洛阳人民大道58号', 92, 15, 34, '劳动合同', '初中', '室内装修设计', '西北大学', '2017-01-02', '在职', '00000035', 7, NULL, NULL, '2017-01-02', '2024-01-17', NULL);
INSERT INTO `employee` VALUES (1661, '云星4', '女', '1993-01-05', '610122199301054789', '已婚', 1, '陕西西安', 1, 'yunxing@qq.com', '15644442252', '陕西西安新城区', 92, 16, 34, '劳务合同', '硕士', '通信工程', '西安电子科技学校', '2018-01-01', '在职', '00000036', 5.25, NULL, NULL, '2018-01-01', '2023-04-13', NULL);
INSERT INTO `employee` VALUES (1662, '贾旭明4', '男', '1993-11-11', '610122199311111234', '已婚', 1, '广东广州', 4, 'jiaxuming@qq.com', '15644441234', '广东省广州市天河区冼村路', 78, 15, 33, '劳务合同', '初中', '通信工程', '西北大学', '2018-01-01', '在职', '00000037', 5.25, NULL, NULL, '2018-01-01', '2023-04-13', NULL);
INSERT INTO `employee` VALUES (1663, '张黎明2', '男', '1991-02-01', '610144199102014569', '已婚', 1, '广东', 6, 'zhangliming@qq.com', '18979994478', '广东珠海', 91, 15, 33, '劳动合同', '高中', '考古', '清华大学', '2018-01-01', '在职', '00000038', 7, NULL, NULL, '2018-01-01', '2025-01-30', NULL);
INSERT INTO `employee` VALUES (1664, '薛磊4', '男', '1992-07-01', '610144199207017895', '已婚', 1, '陕西西安', 13, 'xuelei@qq.com', '15648887741', '西安市雁塔区', 92, 14, 34, '劳动合同', '初中', '无', '华胥中学', '2018-01-01', '在职', '00000039', 6, NULL, NULL, '2018-01-01', '2024-01-17', NULL);
INSERT INTO `employee` VALUES (1665, '张洁4', '女', '1990-10-09', '420177199010093652', '未婚', 1, '海南', 5, 'zhangjie@qq.com', '13695557742', '海口市美兰区', 92, 16, 34, '劳动合同', '高中', '无', '海南侨中', '2018-01-01', '在职', '00000040', 1, NULL, NULL, '2018-01-01', '2019-01-01', NULL);
INSERT INTO `employee` VALUES (1667, '陈静5', '女', '1989-02-01', '421288198902011234', '已婚', 1, '海南', 1, 'chenjing@qq.com', '18795556693', '海南省海口市美兰区', 82, 12, 30, '劳动合同', '高中', '市场营销', '武汉大学', '2015-06-09', '在职', '00000042', 3, NULL, NULL, '2015-06-09', '2018-06-08', NULL);
INSERT INTO `employee` VALUES (1668, '赵琳浩5', '男', '1993-03-04', '610122199303041456', '未婚', 1, '陕西', 3, 'zhao@qq.com', '15698887795', '陕西省西安市莲湖区', 91, 12, 33, '劳动合同', '博士', '电子工程', '哈尔滨理工大学', '2018-01-01', '在职', '00000043', 3.5, NULL, NULL, '2018-01-01', '2021-07-14', NULL);
INSERT INTO `employee` VALUES (1669, '鹿存亮5', '男', '1990-01-03', '610122199001031456', '已婚', 1, '陕西', 3, 'zhao@qq.com', '15612347795', '陕西省西安市莲湖区', 92, 12, 34, '劳动合同', '高中', '电子工程', '哈尔滨理工大学', '2018-01-01', '在职', '00000044', 3.5, NULL, NULL, '2018-01-01', '2021-07-14', NULL);
INSERT INTO `employee` VALUES (1670, '姚森5', '男', '1991-02-05', '610122199102058952', '已婚', 1, '河南', 3, 'yaosen@qq.com', '14785559936', '河南洛阳人民大道58号', 92, 15, 34, '劳动合同', '初中', '室内装修设计', '西北大学', '2017-01-02', '在职', '00000045', 7, NULL, NULL, '2017-01-02', '2024-01-17', NULL);
INSERT INTO `employee` VALUES (1671, '云星5', '女', '1993-01-05', '610122199301054789', '已婚', 1, '陕西西安', 1, 'yunxing@qq.com', '15644442252', '陕西西安新城区', 92, 16, 34, '劳务合同', '硕士', '通信工程', '西安电子科技学校', '2018-01-01', '在职', '00000046', 5.25, NULL, NULL, '2018-01-01', '2023-04-13', NULL);
INSERT INTO `employee` VALUES (1672, '贾旭明5', '男', '1993-11-11', '610122199311111234', '已婚', 1, '广东广州', 4, 'jiaxuming@qq.com', '15644441234', '广东省广州市天河区冼村路', 78, 15, 33, '劳务合同', '初中', '通信工程', '西北大学', '2018-01-01', '在职', '00000047', 5.25, NULL, NULL, '2018-01-01', '2023-04-13', NULL);
INSERT INTO `employee` VALUES (1673, '张黎明5', '男', '1991-02-01', '610144199102014569', '已婚', 1, '广东', 6, 'zhangliming@qq.com', '18979994478', '广东珠海', 91, 15, 33, '劳动合同', '高中', '考古', '清华大学', '2018-01-01', '在职', '00000048', 7, NULL, NULL, '2018-01-01', '2025-01-30', NULL);
INSERT INTO `employee` VALUES (1674, '薛磊5', '男', '1992-07-01', '610144199207017895', '已婚', 1, '陕西西安', 13, 'xuelei@qq.com', '15648887741', '西安市雁塔区', 92, 14, 34, '劳动合同', '初中', '无', '华胥中学', '2018-01-01', '在职', '00000049', 6, NULL, NULL, '2018-01-01', '2024-01-17', NULL);
INSERT INTO `employee` VALUES (1675, '张洁5', '女', '1990-10-09', '420177199010093652', '未婚', 1, '海南', 5, 'zhangjie@qq.com', '13695557742', '海口市美兰区', 92, 16, 34, '劳动合同', '高中', '无', '海南侨中', '2018-01-01', '在职', '00000050', 1, NULL, NULL, '2018-01-01', '2019-01-01', NULL);
INSERT INTO `employee` VALUES (1677, '陈静6', '女', '1989-02-01', '421288198902011234', '已婚', 1, '海南', 1, 'chenjing@qq.com', '18795556693', '海南省海口市美兰区', 82, 12, 30, '劳动合同', '高中', '市场营销', '武汉大学', '2015-06-09', '在职', '00000052', 3, NULL, NULL, '2015-06-09', '2018-06-08', NULL);
INSERT INTO `employee` VALUES (1678, '赵琳浩6', '男', '1993-03-04', '610122199303041456', '未婚', 1, '陕西', 3, 'zhao@qq.com', '15698887795', '陕西省西安市莲湖区', 91, 12, 33, '劳动合同', '博士', '电子工程', '哈尔滨理工大学', '2018-01-01', '在职', '00000053', 3.5, NULL, NULL, '2018-01-01', '2021-07-14', NULL);
INSERT INTO `employee` VALUES (1679, '鹿存亮6', '男', '1990-01-03', '610122199001031456', '已婚', 1, '陕西', 3, 'zhao@qq.com', '15612347795', '陕西省西安市莲湖区', 92, 12, 34, '劳动合同', '高中', '电子工程', '哈尔滨理工大学', '2018-01-01', '在职', '00000054', 3.5, NULL, NULL, '2018-01-01', '2021-07-14', NULL);
INSERT INTO `employee` VALUES (1680, '姚森6', '男', '1991-02-05', '610122199102058952', '已婚', 1, '河南', 3, 'yaosen@qq.com', '14785559936', '河南洛阳人民大道58号', 92, 15, 34, '劳动合同', '初中', '室内装修设计', '西北大学', '2017-01-02', '在职', '00000055', 7, NULL, NULL, '2017-01-02', '2024-01-17', NULL);
INSERT INTO `employee` VALUES (1681, '云星6', '女', '1993-01-05', '610122199301054789', '已婚', 1, '陕西西安', 1, 'yunxing@qq.com', '15644442252', '陕西西安新城区', 92, 16, 34, '劳务合同', '硕士', '通信工程', '西安电子科技学校', '2018-01-01', '在职', '00000056', 5.25, NULL, NULL, '2018-01-01', '2023-04-13', NULL);
INSERT INTO `employee` VALUES (1683, '陈静', '女', '1989-02-01', '421288198902011234', '已婚', 1, '海南', 1, 'chenjing@qq.com', '18795556693', '海南省海口市美兰区', 82, 12, 30, '劳动合同', '高中', '市场营销', '武汉大学', '2015-06-09', '在职', '00000002', 3, NULL, NULL, '2015-06-09', '2018-06-08', NULL);
INSERT INTO `employee` VALUES (1684, '赵琳浩', '男', '1993-03-04', '610122199303041456', '未婚', 1, '陕西', 3, 'zhao@qq.com', '15698887795', '陕西省西安市莲湖区', 91, 12, 33, '劳动合同', '博士', '电子工程', '哈尔滨理工大学', '2018-01-01', '在职', '00000003', 3.5, NULL, NULL, '2018-01-01', '2021-07-14', NULL);
INSERT INTO `employee` VALUES (1685, '鹿存亮', '男', '1990-01-03', '610122199001031456', '已婚', 1, '陕西', 3, 'zhao@qq.com', '15612347795', '陕西省西安市莲湖区', 92, 12, 34, '劳动合同', '高中', '电子工程', '哈尔滨理工大学', '2018-01-01', '在职', '00000004', 3.5, NULL, NULL, '2018-01-01', '2021-07-14', NULL);
INSERT INTO `employee` VALUES (1686, '姚森', '男', '1991-02-05', '610122199102058952', '已婚', 1, '河南', 3, 'yaosen@qq.com', '14785559936', '河南洛阳人民大道58号', 92, 15, 34, '劳动合同', '初中', '室内装修设计', '西北大学', '2017-01-02', '在职', '00000005', 7, NULL, NULL, '2017-01-02', '2024-01-17', NULL);
INSERT INTO `employee` VALUES (1687, '贾旭明', '男', '1993-11-11', '610122199311111234', '已婚', 1, '广东广州', 4, 'jiaxuming@qq.com', '15644441234', '广东省广州市天河区冼村路', 78, 15, 33, '劳务合同', '初中', '通信工程', '西北大学', '2018-01-01', '在职', '00000007', 5.25, NULL, NULL, '2018-01-01', '2023-04-13', NULL);
INSERT INTO `employee` VALUES (1688, '张黎明', '男', '1991-02-01', '610144199102014569', '已婚', 1, '广东', 6, 'zhangliming@qq.com', '18979994478', '广东珠海', 91, 15, 33, '劳动合同', '高中', '考古', '清华大学', '2018-01-01', '在职', '00000008', 7, NULL, NULL, '2018-01-01', '2025-01-30', NULL);
INSERT INTO `employee` VALUES (1689, '薛磊', '男', '1992-07-01', '610144199207017895', '已婚', 1, '陕西西安', 13, 'xuelei@qq.com', '15648887741', '西安市雁塔区', 92, 14, 34, '劳动合同', '初中', '无', '华胥中学', '2018-01-01', '在职', '00000009', 6, NULL, NULL, '2018-01-01', '2024-01-17', NULL);
INSERT INTO `employee` VALUES (1690, '张洁', '女', '1990-10-09', '420177199010093652', '未婚', 1, '海南', 5, 'zhangjie@qq.com', '13695557742', '海口市美兰区', 92, 16, 34, '劳动合同', '高中', '无', '海南侨中', '2018-01-01', '在职', '00000010', 1, NULL, NULL, '2018-01-01', '2019-01-01', NULL);
INSERT INTO `employee` VALUES (1692, '陈静2', '女', '1989-02-01', '421288198902011234', '已婚', 1, '海南', 1, 'chenjing@qq.com', '18795556693', '海南省海口市美兰区', 82, 12, 30, '劳动合同', '高中', '市场营销', '武汉大学', '2015-06-09', '在职', '00000012', 3, NULL, NULL, '2015-06-09', '2018-06-08', NULL);
INSERT INTO `employee` VALUES (1693, '赵琳浩2', '男', '1993-03-04', '610122199303041456', '未婚', 1, '陕西', 3, 'zhao@qq.com', '15698887795', '陕西省西安市莲湖区', 91, 12, 33, '劳动合同', '博士', '电子工程', '哈尔滨理工大学', '2018-01-01', '在职', '00000013', 3.5, NULL, NULL, '2018-01-01', '2021-07-14', NULL);
INSERT INTO `employee` VALUES (1694, '鹿存亮2', '男', '1990-01-03', '610122199001031456', '已婚', 1, '陕西', 3, 'zhao@qq.com', '15612347795', '陕西省西安市莲湖区', 92, 12, 34, '劳动合同', '高中', '电子工程', '哈尔滨理工大学', '2018-01-01', '在职', '00000014', 3.5, NULL, NULL, '2018-01-01', '2021-07-14', NULL);
INSERT INTO `employee` VALUES (1695, '姚森2', '男', '1991-02-05', '610122199102058952', '已婚', 1, '河南', 3, 'yaosen@qq.com', '14785559936', '河南洛阳人民大道58号', 92, 15, 34, '劳动合同', '初中', '室内装修设计', '西北大学', '2017-01-02', '在职', '00000015', 7, NULL, NULL, '2017-01-02', '2024-01-17', NULL);
INSERT INTO `employee` VALUES (1696, '云星2', '女', '1993-01-05', '610122199301054789', '已婚', 1, '陕西西安', 1, 'yunxing@qq.com', '15644442252', '陕西西安新城区', 92, 16, 34, '劳务合同', '硕士', '通信工程', '西安电子科技学校', '2018-01-01', '在职', '00000016', 5.25, NULL, NULL, '2018-01-01', '2023-04-13', NULL);
INSERT INTO `employee` VALUES (1697, '贾旭明2', '男', '1993-11-11', '610122199311111234', '已婚', 1, '广东广州', 4, 'jiaxuming@qq.com', '15644441234', '广东省广州市天河区冼村路', 78, 15, 33, '劳务合同', '初中', '通信工程', '西北大学', '2018-01-01', '在职', '00000017', 5.25, NULL, NULL, '2018-01-01', '2023-04-13', NULL);
INSERT INTO `employee` VALUES (1698, '王一亭', '男', '1991-02-01', '610144199102014569', '已婚', 1, '广东', 6, 'zhangliming@qq.com', '18979994478', '广东珠海', 91, 15, 33, '劳动合同', '高中', '考古', '清华大学', '2018-01-01', '在职', '00000018', 7, NULL, NULL, '2018-01-01', '2025-01-30', NULL);
INSERT INTO `employee` VALUES (1699, '薛磊2', '男', '1992-07-01', '610144199207017895', '已婚', 1, '陕西西安', 13, 'xuelei@qq.com', '15648887741', '西安市雁塔区', 92, 14, 34, '劳动合同', '初中', '无', '华胥中学', '2018-01-01', '在职', '00000019', 1, NULL, NULL, '2018-01-01', '2019-01-01', NULL);
INSERT INTO `employee` VALUES (1700, '张洁2', '女', '1990-10-09', '420177199010093652', '未婚', 1, '海南', 5, 'zhangjie@qq.com', '13695557742', '海口市美兰区', 92, 16, 34, '劳动合同', '高中', '无', '海南侨中', '2018-01-01', '在职', '00000020', 1, NULL, NULL, '2018-01-01', '2019-01-01', NULL);
INSERT INTO `employee` VALUES (1702, '陈静3', '女', '1989-02-01', '421288198902011234', '已婚', 1, '海南', 1, 'chenjing@qq.com', '18795556693', '海南省海口市美兰区', 82, 12, 30, '劳动合同', '高中', '市场营销', '武汉大学', '2015-06-09', '在职', '00000022', 3, NULL, NULL, '2015-06-09', '2018-06-08', NULL);
INSERT INTO `employee` VALUES (1703, '鹿存亮3', '男', '1990-01-03', '610122199001031456', '已婚', 1, '陕西', 3, 'zhao@qq.com', '15612347795', '陕西省西安市莲湖区', 92, 12, 34, '劳动合同', '高中', '电子工程', '哈尔滨理工大学', '2018-01-01', '在职', '00000024', 3.5, NULL, NULL, '2018-01-01', '2021-07-14', NULL);
INSERT INTO `employee` VALUES (1704, '姚森3', '男', '1991-02-05', '610122199102058952', '已婚', 1, '河南', 3, 'yaosen@qq.com', '14785559936', '河南洛阳人民大道58号', 92, 15, 34, '劳动合同', '初中', '室内装修设计', '西北大学', '2017-01-02', '在职', '00000025', 7, NULL, NULL, '2017-01-02', '2024-01-17', NULL);
INSERT INTO `employee` VALUES (1705, '云星3', '女', '1993-01-05', '610122199301054789', '已婚', 1, '陕西西安', 1, 'yunxing@qq.com', '15644442252', '陕西西安新城区', 92, 16, 34, '劳务合同', '硕士', '通信工程', '西安电子科技学校', '2018-01-01', '在职', '00000026', 5.25, NULL, NULL, '2018-01-01', '2023-04-13', NULL);
INSERT INTO `employee` VALUES (1706, '贾旭明3', '男', '1993-11-11', '610122199311111234', '已婚', 1, '广东广州', 4, 'jiaxuming@qq.com', '15644441234', '广东省广州市天河区冼村路', 78, 15, 33, '劳务合同', '初中', '通信工程', '西北大学', '2018-01-01', '在职', '00000027', 5.25, NULL, NULL, '2018-01-01', '2023-04-13', NULL);
INSERT INTO `employee` VALUES (1707, '张黎明3', '男', '1991-02-01', '610144199102014569', '已婚', 1, '广东', 6, 'zhangliming@qq.com', '18979994478', '广东珠海', 91, 15, 33, '劳动合同', '高中', '考古', '清华大学', '2018-01-01', '在职', '00000028', 7, NULL, NULL, '2018-01-01', '2025-01-30', NULL);
INSERT INTO `employee` VALUES (1708, '薛磊3', '男', '1992-07-01', '610144199207017895', '已婚', 1, '陕西西安', 13, 'xuelei@qq.com', '15648887741', '西安市雁塔区', 92, 14, 34, '劳动合同', '初中', '无', '华胥中学', '2018-01-01', '在职', '00000029', 6, NULL, NULL, '2018-01-01', '2024-01-17', NULL);
INSERT INTO `employee` VALUES (1710, '陈静4', '女', '1989-02-01', '421288198902011234', '已婚', 1, '海南', 1, 'chenjing@qq.com', '18795556693', '海南省海口市美兰区', 82, 12, 30, '劳动合同', '高中', '市场营销', '武汉大学', '2015-06-09', '在职', '00000032', 3, NULL, NULL, '2015-06-09', '2018-06-08', NULL);
INSERT INTO `employee` VALUES (1711, '赵琳浩4', '男', '1993-03-04', '610122199303041456', '未婚', 1, '陕西', 3, 'zhao@qq.com', '15698887795', '陕西省西安市莲湖区', 91, 12, 33, '劳动合同', '博士', '电子工程', '哈尔滨理工大学', '2018-01-01', '在职', '00000033', 3.5, NULL, NULL, '2018-01-01', '2021-07-14', NULL);
INSERT INTO `employee` VALUES (1713, '姚森4', '男', '1991-02-05', '610122199102058952', '已婚', 1, '河南', 3, 'yaosen@qq.com', '14785559936', '河南洛阳人民大道58号', 92, 15, 34, '劳动合同', '初中', '室内装修设计', '西北大学', '2017-01-02', '在职', '00000035', 7, NULL, NULL, '2017-01-02', '2024-01-17', NULL);
INSERT INTO `employee` VALUES (1714, '云星4', '女', '1993-01-05', '610122199301054789', '已婚', 1, '陕西西安', 1, 'yunxing@qq.com', '15644442252', '陕西西安新城区', 92, 16, 34, '劳务合同', '硕士', '通信工程', '西安电子科技学校', '2018-01-01', '在职', '00000036', 5.25, NULL, NULL, '2018-01-01', '2023-04-13', NULL);
INSERT INTO `employee` VALUES (1715, '贾旭明4', '男', '1993-11-11', '610122199311111234', '已婚', 1, '广东广州', 4, 'jiaxuming@qq.com', '15644441234', '广东省广州市天河区冼村路', 78, 15, 33, '劳务合同', '初中', '通信工程', '西北大学', '2018-01-01', '在职', '00000037', 5.25, NULL, NULL, '2018-01-01', '2023-04-13', NULL);
INSERT INTO `employee` VALUES (1716, '谢工', '女', '1970-01-01', '618177197001011234', '离异', 1, '江苏', 1, '584991843@qq.com', '18558887788', '北京', 91, 12, 29, '劳动合同', '本科', '计算机软件', '南华大学', '2018-01-01', '在职', '00000038', 5, NULL, NULL, '2018-01-01', '2023-01-01', NULL);
INSERT INTO `employee` VALUES (1717, '林昭亮', '男', '1990-01-01', '610122199809091234', '已婚', 1, '广东', 13, '584991843@qq.com', '16767776654', '广东深圳', 91, 15, 33, '劳动合同', '大专', '计算机软件', '广东职业技术学院', '2018-01-01', '在职', '00000039', 5, NULL, NULL, '2018-01-01', '2023-01-01', NULL);
INSERT INTO `employee` VALUES (1736, '陈静', '女', '1989-02-01', '421288198902011234', '已婚', 1, '海南', 1, 'chenjing@qq.com', '18795556693', '海南省海口市美兰区', 91, 12, 29, '劳动合同', '高中', '市场营销', '武汉大学', '2015-06-09', '在职', '00000002', 3, '2015-09-10', NULL, '2015-06-09', '2018-06-08', NULL);
INSERT INTO `employee` VALUES (1737, '赵琳浩', '男', '1993-03-04', '610122199303041456', '未婚', 1, '陕西', 3, 'zhao@qq.com', '15698887795', '陕西省西安市莲湖区', 91, 12, 33, '劳动合同', '博士', '电子工程', '哈尔滨理工大学', '2018-01-01', '在职', '00000003', 3.5, '2018-04-01', NULL, '2018-01-01', '2021-07-14', NULL);
INSERT INTO `employee` VALUES (1738, '鹿存亮', '男', '1990-01-03', '610122199001031456', '已婚', 1, '陕西', 3, 'zhao@qq.com', '15612347795', '陕西省西安市莲湖区', 92, 12, 34, '劳动合同', '高中', '电子工程', '哈尔滨理工大学', '2018-01-01', '在职', '00000004', 3.5, '2018-04-01', NULL, '2018-01-01', '2021-07-14', NULL);
INSERT INTO `employee` VALUES (1739, '姚森', '男', '1991-02-05', '610122199102058952', '已婚', 1, '河南', 3, 'yaosen@qq.com', '14785559936', '河南洛阳人民大道58号', 92, 15, 34, '劳动合同', '硕士', '室内装修设计', '西北大学', '2017-01-02', '在职', '00000005', 7, '2017-04-02', NULL, '2017-01-02', '2024-01-17', NULL);
INSERT INTO `employee` VALUES (1740, '云星', '女', '1993-01-05', '610122199301054789', '已婚', 1, '陕西西安', 1, 'yunxing@qq.com', '15644442252', '陕西西安新城区', 92, 16, 34, '劳务合同', '硕士', '通信工程', '西安电子科技学校', '2018-01-01', '在职', '00000006', 5.25, '2018-04-01', NULL, '2018-01-01', '2023-04-13', NULL);
INSERT INTO `employee` VALUES (1741, '贾旭明', '男', '1993-11-11', '610122199311111234', '已婚', 1, '广东广州', 4, 'jiaxuming@qq.com', '15644441234', '广东省广州市天河区冼村路', 78, 15, 33, '劳务合同', '初中', '通信工程', '西北大学', '2018-01-01', '在职', '00000007', 5.25, '2018-04-01', NULL, '2018-01-01', '2023-04-13', NULL);
INSERT INTO `employee` VALUES (1742, '张黎明', '男', '1991-02-01', '610144199102014569', '已婚', 1, '广东', 6, 'zhangliming@qq.com', '18979994478', '广东珠海', 91, 15, 33, '劳动合同', '高中', '考古', '清华大学', '2018-01-01', '在职', '00000008', 7, '2018-04-01', NULL, '2018-01-01', '2025-01-30', NULL);
INSERT INTO `employee` VALUES (1743, '薛磊', '男', '1992-07-01', '610144199207017895', '已婚', 1, '陕西西安', 13, 'xuelei@qq.com', '15648887741', '西安市雁塔区', 92, 14, 34, '劳动合同', '初中', '无', '华胥中学', '2018-01-01', '在职', '00000009', 6, '2018-04-01', NULL, '2018-01-01', '2024-01-17', NULL);
INSERT INTO `employee` VALUES (1744, '张洁', '女', '1990-10-09', '420177199010093652', '未婚', 1, '海南', 5, 'zhangjie@qq.com', '13695557742', '海口市美兰区', 92, 16, 34, '劳动合同', '高中', '无', '海南侨中', '2018-01-01', '在职', '00000010', 1, '2018-01-31', NULL, '2018-01-01', '2019-01-01', NULL);
INSERT INTO `employee` VALUES (1746, '陈静2', '女', '1989-02-01', '421288198902011234', '已婚', 1, '海南', 1, 'chenjing@qq.com', '18795556693', '海南省海口市美兰区', 82, 12, 30, '劳动合同', '高中', '市场营销', '武汉大学', '2015-06-09', '在职', '00000012', 3, '2015-09-10', NULL, '2015-06-09', '2018-06-08', NULL);
INSERT INTO `employee` VALUES (1747, '赵琳浩2', '男', '1993-03-04', '610122199303041456', '未婚', 1, '陕西', 3, 'zhao@qq.com', '15698887795', '陕西省西安市莲湖区', 91, 12, 33, '劳动合同', '博士', '电子工程', '哈尔滨理工大学', '2018-01-01', '在职', '00000013', 3.5, '2018-04-01', NULL, '2018-01-01', '2021-07-14', NULL);
INSERT INTO `employee` VALUES (1748, '鹿存亮2', '男', '1990-01-03', '610122199001031456', '已婚', 1, '陕西', 3, 'zhao@qq.com', '15612347795', '陕西省西安市莲湖区', 92, 12, 34, '劳动合同', '高中', '电子工程', '哈尔滨理工大学', '2018-01-01', '在职', '00000014', 3.5, '2018-04-01', NULL, '2018-01-01', '2021-07-14', NULL);
INSERT INTO `employee` VALUES (1749, '姚森2', '男', '1991-02-05', '610122199102058952', '已婚', 1, '河南', 3, 'yaosen@qq.com', '14785559936', '河南洛阳人民大道58号', 92, 15, 34, '劳动合同', '初中', '室内装修设计', '西北大学', '2017-01-02', '在职', '00000015', 7, '2017-04-02', NULL, '2017-01-02', '2024-01-17', NULL);
INSERT INTO `employee` VALUES (1750, '云星2', '女', '1993-01-05', '610122199301054789', '已婚', 1, '陕西西安', 1, 'yunxing@qq.com', '15644442252', '陕西西安新城区', 92, 16, 34, '劳务合同', '硕士', '通信工程', '西安电子科技学校', '2018-01-01', '在职', '00000016', 5.25, '2018-04-01', NULL, '2018-01-01', '2023-04-13', NULL);
INSERT INTO `employee` VALUES (1751, '贾旭明2', '男', '1993-11-11', '610122199311111234', '已婚', 1, '广东广州', 4, 'jiaxuming@qq.com', '15644441234', '广东省广州市天河区冼村路', 78, 15, 33, '劳务合同', '初中', '通信工程', '西北大学', '2018-01-01', '在职', '00000017', 5.25, '2018-04-01', NULL, '2018-01-01', '2023-04-13', NULL);
INSERT INTO `employee` VALUES (1752, '王一亭', '男', '1991-02-01', '610144199102014569', '已婚', 1, '广东', 6, 'zhangliming@qq.com', '18979994478', '广东珠海', 91, 15, 33, '劳动合同', '高中', '考古', '清华大学', '2018-01-01', '在职', '00000018', 7, '2018-04-01', NULL, '2018-01-01', '2025-01-30', NULL);
INSERT INTO `employee` VALUES (1753, '薛磊2', '男', '1992-07-01', '610144199207017895', '已婚', 1, '陕西西安', 13, 'xuelei@qq.com', '15648887741', '西安市雁塔区', 92, 14, 34, '劳动合同', '初中', '无', '华胥中学', '2018-01-01', '在职', '00000019', 1, '2018-04-01', NULL, '2018-01-01', '2019-01-01', NULL);
INSERT INTO `employee` VALUES (1754, '张洁2', '女', '1990-10-09', '420177199010093652', '未婚', 1, '海南', 5, 'zhangjie@qq.com', '13695557742', '海口市美兰区', 92, 16, 34, '劳动合同', '高中', '无', '海南侨中', '2018-01-01', '在职', '00000020', 1, '2018-01-31', NULL, '2018-01-01', '2019-01-01', NULL);
INSERT INTO `employee` VALUES (1756, '陈静3', '女', '1989-02-01', '421288198902011234', '已婚', 1, '海南', 1, 'chenjing@qq.com', '18795556693', '海南省海口市美兰区', 82, 12, 30, '劳动合同', '高中', '市场营销', '武汉大学', '2015-06-09', '在职', '00000022', 3, '2015-09-10', NULL, '2015-06-09', '2018-06-08', NULL);
INSERT INTO `employee` VALUES (1757, '鹿存亮3', '男', '1990-01-03', '610122199001031456', '已婚', 1, '陕西', 3, 'zhao@qq.com', '15612347795', '陕西省西安市莲湖区', 92, 12, 34, '劳动合同', '高中', '电子工程', '哈尔滨理工大学', '2018-01-01', '在职', '00000024', 3.5, '2018-04-01', NULL, '2018-01-01', '2021-07-14', NULL);
INSERT INTO `employee` VALUES (1758, '姚森3', '男', '1991-02-05', '610122199102058952', '已婚', 1, '河南', 3, 'yaosen@qq.com', '14785559936', '河南洛阳人民大道58号', 92, 15, 34, '劳动合同', '初中', '室内装修设计', '西北大学', '2017-01-02', '在职', '00000025', 7, '2017-04-02', NULL, '2017-01-02', '2024-01-17', NULL);
INSERT INTO `employee` VALUES (1759, '云星3', '女', '1993-01-05', '610122199301054789', '已婚', 1, '陕西西安', 1, 'yunxing@qq.com', '15644442252', '陕西西安新城区', 92, 16, 34, '劳务合同', '硕士', '通信工程', '西安电子科技学校', '2018-01-01', '在职', '00000026', 5.25, '2018-04-01', NULL, '2018-01-01', '2023-04-13', NULL);
INSERT INTO `employee` VALUES (1760, '贾旭明3', '男', '1993-11-11', '610122199311111234', '已婚', 1, '广东广州', 4, 'jiaxuming@qq.com', '15644441234', '广东省广州市天河区冼村路', 78, 15, 33, '劳务合同', '初中', '通信工程', '西北大学', '2018-01-01', '在职', '00000027', 5.25, '2018-04-01', NULL, '2018-01-01', '2023-04-13', NULL);
INSERT INTO `employee` VALUES (1761, '张黎明3', '男', '1991-02-01', '610144199102014569', '已婚', 1, '广东', 6, 'zhangliming@qq.com', '18979994478', '广东珠海', 91, 15, 33, '劳动合同', '高中', '考古', '清华大学', '2018-01-01', '在职', '00000028', 7, '2018-04-01', NULL, '2018-01-01', '2025-01-30', NULL);
INSERT INTO `employee` VALUES (1762, '薛磊3', '男', '1992-07-01', '610144199207017895', '已婚', 1, '陕西西安', 13, 'xuelei@qq.com', '15648887741', '西安市雁塔区', 92, 14, 34, '劳动合同', '初中', '无', '华胥中学', '2018-01-01', '在职', '00000029', 6, '2018-04-01', NULL, '2018-01-01', '2024-01-17', NULL);
INSERT INTO `employee` VALUES (1764, '陈静4', '女', '1989-02-01', '421288198902011234', '已婚', 1, '海南', 1, 'chenjing@qq.com', '18795556693', '海南省海口市美兰区', 82, 12, 30, '劳动合同', '高中', '市场营销', '武汉大学', '2015-06-09', '在职', '00000032', 3, '2015-09-10', NULL, '2015-06-09', '2018-06-08', NULL);
INSERT INTO `employee` VALUES (1765, '赵琳浩4', '男', '1993-03-04', '610122199303041456', '未婚', 1, '陕西', 3, 'zhao@qq.com', '15698887795', '陕西省西安市莲湖区', 91, 12, 33, '劳动合同', '博士', '电子工程', '哈尔滨理工大学', '2018-01-01', '在职', '00000033', 3.5, '2018-04-01', NULL, '2018-01-01', '2021-07-14', NULL);
INSERT INTO `employee` VALUES (1766, '鹿存亮4', '男', '1990-01-03', '610122199001031456', '已婚', 1, '陕西', 3, 'zhao@qq.com', '15612347795', '陕西省西安市莲湖区', 92, 12, 34, '劳动合同', '高中', '电子工程', '哈尔滨理工大学', '2018-01-01', '在职', '00000034', 3.5, '2018-04-01', NULL, '2018-01-01', '2021-07-14', NULL);
INSERT INTO `employee` VALUES (1767, '姚森4', '男', '1991-02-05', '610122199102058952', '已婚', 1, '河南', 3, 'yaosen@qq.com', '14785559936', '河南洛阳人民大道58号', 92, 15, 34, '劳动合同', '初中', '室内装修设计', '西北大学', '2017-01-02', '在职', '00000035', 7, '2017-04-02', NULL, '2017-01-02', '2024-01-17', NULL);
INSERT INTO `employee` VALUES (1768, '云星4', '女', '1993-01-05', '610122199301054789', '已婚', 1, '陕西西安', 1, 'yunxing@qq.com', '15644442252', '陕西西安新城区', 92, 16, 34, '劳务合同', '硕士', '通信工程', '西安电子科技学校', '2018-01-01', '在职', '00000036', 5.25, '2018-04-01', NULL, '2018-01-01', '2023-04-13', NULL);
INSERT INTO `employee` VALUES (1769, '贾旭明4', '男', '1993-11-11', '610122199311111234', '已婚', 1, '广东广州', 4, 'jiaxuming@qq.com', '15644441234', '广东省广州市天河区冼村路', 78, 15, 33, '劳务合同', '初中', '通信工程', '西北大学', '2018-01-01', '在职', '00000037', 5.25, '2018-04-01', NULL, '2018-01-01', '2023-04-13', NULL);
INSERT INTO `employee` VALUES (1770, '张黎明2', '男', '1991-02-01', '610144199102014569', '已婚', 1, '广东', 6, 'zhangliming@qq.com', '18979994478', '广东珠海', 91, 15, 33, '劳动合同', '高中', '考古', '清华大学', '2018-01-01', '在职', '00000038', 7, '2018-04-01', NULL, '2018-01-01', '2025-01-30', NULL);
INSERT INTO `employee` VALUES (1771, '薛磊4', '男', '1992-07-01', '610144199207017895', '已婚', 1, '陕西西安', 13, 'xuelei@qq.com', '15648887741', '西安市雁塔区', 92, 14, 34, '劳动合同', '初中', '无', '华胥中学', '2018-01-01', '在职', '00000039', 6, '2018-04-01', NULL, '2018-01-01', '2024-01-17', NULL);
INSERT INTO `employee` VALUES (1772, '张洁4', '女', '1990-10-09', '420177199010093652', '未婚', 1, '海南', 5, 'zhangjie@qq.com', '13695557742', '海口市美兰区', 92, 16, 34, '劳动合同', '高中', '无', '海南侨中', '2018-01-01', '在职', '00000040', 1, '2018-01-31', NULL, '2018-01-01', '2019-01-01', NULL);
INSERT INTO `employee` VALUES (1774, '陈静5', '女', '1989-02-01', '421288198902011234', '已婚', 1, '海南', 1, 'chenjing@qq.com', '18795556693', '海南省海口市美兰区', 82, 12, 30, '劳动合同', '高中', '市场营销', '武汉大学', '2015-06-09', '在职', '00000042', 3, '2015-09-10', NULL, '2015-06-09', '2018-06-08', NULL);
INSERT INTO `employee` VALUES (1775, '赵琳浩5', '男', '1993-03-04', '610122199303041456', '未婚', 1, '陕西', 3, 'zhao@qq.com', '15698887795', '陕西省西安市莲湖区', 91, 12, 33, '劳动合同', '博士', '电子工程', '哈尔滨理工大学', '2018-01-01', '在职', '00000043', 3.5, '2018-04-01', NULL, '2018-01-01', '2021-07-14', NULL);
INSERT INTO `employee` VALUES (1776, '鹿存亮5', '男', '1990-01-03', '610122199001031456', '已婚', 1, '陕西', 3, 'zhao@qq.com', '15612347795', '陕西省西安市莲湖区', 92, 12, 34, '劳动合同', '高中', '电子工程', '哈尔滨理工大学', '2018-01-01', '在职', '00000044', 3.5, '2018-04-01', NULL, '2018-01-01', '2021-07-14', NULL);
INSERT INTO `employee` VALUES (1777, '姚森5', '男', '1991-02-05', '610122199102058952', '已婚', 1, '河南', 3, 'yaosen@qq.com', '14785559936', '河南洛阳人民大道58号', 92, 15, 34, '劳动合同', '初中', '室内装修设计', '西北大学', '2017-01-02', '在职', '00000045', 7, '2017-04-02', NULL, '2017-01-02', '2024-01-17', NULL);
INSERT INTO `employee` VALUES (1778, '云星5', '女', '1993-01-05', '610122199301054789', '已婚', 1, '陕西西安', 1, 'yunxing@qq.com', '15644442252', '陕西西安新城区', 92, 16, 34, '劳务合同', '硕士', '通信工程', '西安电子科技学校', '2018-01-01', '在职', '00000046', 5.25, '2018-04-01', NULL, '2018-01-01', '2023-04-13', NULL);
INSERT INTO `employee` VALUES (1779, '贾旭明5', '男', '1993-11-11', '610122199311111234', '已婚', 1, '广东广州', 4, 'jiaxuming@qq.com', '15644441234', '广东省广州市天河区冼村路', 78, 15, 33, '劳务合同', '初中', '通信工程', '西北大学', '2018-01-01', '在职', '00000047', 5.25, '2018-04-01', NULL, '2018-01-01', '2023-04-13', NULL);
INSERT INTO `employee` VALUES (1780, '张黎明5', '男', '1991-02-01', '610144199102014569', '已婚', 1, '广东', 6, 'zhangliming@qq.com', '18979994478', '广东珠海', 91, 15, 33, '劳动合同', '高中', '考古', '清华大学', '2018-01-01', '在职', '00000048', 7, '2018-04-01', NULL, '2018-01-01', '2025-01-30', NULL);
INSERT INTO `employee` VALUES (1781, '薛磊5', '男', '1992-07-01', '610144199207017895', '已婚', 1, '陕西西安', 13, 'xuelei@qq.com', '15648887741', '西安市雁塔区', 92, 14, 34, '劳动合同', '初中', '无', '华胥中学', '2018-01-01', '在职', '00000049', 6, '2018-04-01', NULL, '2018-01-01', '2024-01-17', NULL);
INSERT INTO `employee` VALUES (1782, '张洁5', '女', '1990-10-09', '420177199010093652', '未婚', 1, '海南', 5, 'zhangjie@qq.com', '13695557742', '海口市美兰区', 92, 16, 34, '劳动合同', '高中', '无', '海南侨中', '2018-01-01', '在职', '00000050', 1, '2018-01-31', NULL, '2018-01-01', '2019-01-01', NULL);
INSERT INTO `employee` VALUES (1784, '陈静6', '女', '1989-02-01', '421288198902011234', '已婚', 1, '海南', 1, 'chenjing@qq.com', '18795556693', '海南省海口市美兰区', 82, 12, 30, '劳动合同', '高中', '市场营销', '武汉大学', '2015-06-09', '在职', '00000052', 3, '2015-09-10', NULL, '2015-06-09', '2018-06-08', NULL);
INSERT INTO `employee` VALUES (1785, '赵琳浩6', '男', '1993-03-04', '610122199303041456', '未婚', 1, '陕西', 3, 'zhao@qq.com', '15698887795', '陕西省西安市莲湖区', 91, 12, 33, '劳动合同', '博士', '电子工程', '哈尔滨理工大学', '2018-01-01', '在职', '00000053', 3.5, '2018-04-01', NULL, '2018-01-01', '2021-07-14', NULL);
INSERT INTO `employee` VALUES (1786, '鹿存亮6', '男', '1990-01-03', '610122199001031456', '已婚', 1, '陕西', 3, 'zhao@qq.com', '15612347795', '陕西省西安市莲湖区', 92, 12, 34, '劳动合同', '高中', '电子工程', '哈尔滨理工大学', '2018-01-01', '在职', '00000054', 3.5, '2018-04-01', NULL, '2018-01-01', '2021-07-14', NULL);
INSERT INTO `employee` VALUES (1787, '姚森6', '男', '1991-02-05', '610122199102058952', '已婚', 1, '河南', 3, 'yaosen@qq.com', '14785559936', '河南洛阳人民大道58号', 92, 15, 34, '劳动合同', '初中', '室内装修设计', '西北大学', '2017-01-02', '在职', '00000055', 7, '2017-04-02', NULL, '2017-01-02', '2024-01-17', NULL);
INSERT INTO `employee` VALUES (1788, '云星6', '女', '1993-01-05', '610122199301054789', '已婚', 1, '陕西西安', 1, 'yunxing@qq.com', '15644442252', '陕西西安新城区', 92, 16, 34, '劳务合同', '硕士', '通信工程', '西安电子科技学校', '2018-01-01', '在职', '00000056', 5.25, '2018-04-01', NULL, '2018-01-01', '2023-04-13', NULL);
INSERT INTO `employee` VALUES (1790, '陈静', '女', '1989-02-01', '421288198902011234', '已婚', 1, '海南', 1, 'chenjing@qq.com', '18795556693', '海南省海口市美兰区', 82, 12, 30, '劳动合同', '高中', '市场营销', '武汉大学', '2015-06-09', '在职', '00000002', 3, NULL, NULL, '2015-06-09', '2018-06-08', NULL);
INSERT INTO `employee` VALUES (1791, '赵琳浩', '男', '1993-03-04', '610122199303041456', '未婚', 1, '陕西', 3, 'zhao@qq.com', '15698887795', '陕西省西安市莲湖区', 91, 12, 33, '劳动合同', '博士', '电子工程', '哈尔滨理工大学', '2018-01-01', '在职', '00000003', 3.5, NULL, NULL, '2018-01-01', '2021-07-14', NULL);
INSERT INTO `employee` VALUES (1792, '鹿存亮', '男', '1990-01-03', '610122199001031456', '已婚', 1, '陕西', 3, 'zhao@qq.com', '15612347795', '陕西省西安市莲湖区', 92, 12, 34, '劳动合同', '高中', '电子工程', '哈尔滨理工大学', '2018-01-01', '在职', '00000004', 3.5, NULL, NULL, '2018-01-01', '2021-07-14', NULL);
INSERT INTO `employee` VALUES (1793, '姚森', '男', '1991-02-05', '610122199102058952', '已婚', 1, '河南', 3, 'yaosen@qq.com', '14785559936', '河南洛阳人民大道58号', 92, 15, 34, '劳动合同', '初中', '室内装修设计', '西北大学', '2017-01-02', '在职', '00000005', 7, NULL, NULL, '2017-01-02', '2024-01-17', NULL);
INSERT INTO `employee` VALUES (1794, '贾旭明', '男', '1993-11-11', '610122199311111234', '已婚', 1, '广东广州', 4, 'jiaxuming@qq.com', '15644441234', '广东省广州市天河区冼村路', 78, 15, 33, '劳务合同', '初中', '通信工程', '西北大学', '2018-01-01', '在职', '00000007', 5.25, NULL, NULL, '2018-01-01', '2023-04-13', NULL);
INSERT INTO `employee` VALUES (1795, '张黎明', '男', '1991-02-01', '610144199102014569', '已婚', 1, '广东', 6, 'zhangliming@qq.com', '18979994478', '广东珠海', 91, 15, 33, '劳动合同', '高中', '考古', '清华大学', '2018-01-01', '在职', '00000008', 7, NULL, NULL, '2018-01-01', '2025-01-30', NULL);
INSERT INTO `employee` VALUES (1796, '薛磊', '男', '1992-07-01', '610144199207017895', '已婚', 1, '陕西西安', 13, 'xuelei@qq.com', '15648887741', '西安市雁塔区', 92, 14, 34, '劳动合同', '初中', '无', '华胥中学', '2018-01-01', '在职', '00000009', 6, NULL, NULL, '2018-01-01', '2024-01-17', NULL);
INSERT INTO `employee` VALUES (1797, '张洁', '女', '1990-10-09', '420177199010093652', '未婚', 1, '海南', 5, 'zhangjie@qq.com', '13695557742', '海口市美兰区', 92, 16, 34, '劳动合同', '高中', '无', '海南侨中', '2018-01-01', '在职', '00000010', 1, NULL, NULL, '2018-01-01', '2019-01-01', NULL);
INSERT INTO `employee` VALUES (1799, '陈静2', '女', '1989-02-01', '421288198902011234', '已婚', 1, '海南', 1, 'chenjing@qq.com', '18795556693', '海南省海口市美兰区', 82, 12, 30, '劳动合同', '高中', '市场营销', '武汉大学', '2015-06-09', '在职', '00000012', 3, NULL, NULL, '2015-06-09', '2018-06-08', NULL);
INSERT INTO `employee` VALUES (1800, '赵琳浩2', '男', '1993-03-04', '610122199303041456', '未婚', 1, '陕西', 3, 'zhao@qq.com', '15698887795', '陕西省西安市莲湖区', 91, 12, 33, '劳动合同', '博士', '电子工程', '哈尔滨理工大学', '2018-01-01', '在职', '00000013', 3.5, NULL, NULL, '2018-01-01', '2021-07-14', NULL);
INSERT INTO `employee` VALUES (1801, '鹿存亮2', '男', '1990-01-03', '610122199001031456', '已婚', 1, '陕西', 3, 'zhao@qq.com', '15612347795', '陕西省西安市莲湖区', 92, 12, 34, '劳动合同', '高中', '电子工程', '哈尔滨理工大学', '2018-01-01', '在职', '00000014', 3.5, NULL, NULL, '2018-01-01', '2021-07-14', NULL);
INSERT INTO `employee` VALUES (1802, '姚森2', '男', '1991-02-05', '610122199102058952', '已婚', 1, '河南', 3, 'yaosen@qq.com', '14785559936', '河南洛阳人民大道58号', 92, 15, 34, '劳动合同', '初中', '室内装修设计', '西北大学', '2017-01-02', '在职', '00000015', 7, NULL, NULL, '2017-01-02', '2024-01-17', NULL);
INSERT INTO `employee` VALUES (1803, '云星2', '女', '1993-01-05', '610122199301054789', '已婚', 1, '陕西西安', 1, 'yunxing@qq.com', '15644442252', '陕西西安新城区', 92, 16, 34, '劳务合同', '硕士', '通信工程', '西安电子科技学校', '2018-01-01', '在职', '00000016', 5.25, NULL, NULL, '2018-01-01', '2023-04-13', NULL);
INSERT INTO `employee` VALUES (1804, '贾旭明2', '男', '1993-11-11', '610122199311111234', '已婚', 1, '广东广州', 4, 'jiaxuming@qq.com', '15644441234', '广东省广州市天河区冼村路', 78, 15, 33, '劳务合同', '初中', '通信工程', '西北大学', '2018-01-01', '在职', '00000017', 5.25, NULL, NULL, '2018-01-01', '2023-04-13', NULL);
INSERT INTO `employee` VALUES (1805, '王一亭', '男', '1991-02-01', '610144199102014569', '已婚', 1, '广东', 6, 'zhangliming@qq.com', '18979994478', '广东珠海', 91, 15, 33, '劳动合同', '高中', '考古', '清华大学', '2018-01-01', '在职', '00000018', 7, NULL, NULL, '2018-01-01', '2025-01-30', NULL);
INSERT INTO `employee` VALUES (1806, '薛磊2', '男', '1992-07-01', '610144199207017895', '已婚', 1, '陕西西安', 13, 'xuelei@qq.com', '15648887741', '西安市雁塔区', 92, 14, 34, '劳动合同', '初中', '无', '华胥中学', '2018-01-01', '在职', '00000019', 1, NULL, NULL, '2018-01-01', '2019-01-01', NULL);
INSERT INTO `employee` VALUES (1807, '张洁2', '女', '1990-10-09', '420177199010093652', '未婚', 1, '海南', 5, 'zhangjie@qq.com', '13695557742', '海口市美兰区', 92, 16, 34, '劳动合同', '高中', '无', '海南侨中', '2018-01-01', '在职', '00000020', 1, NULL, NULL, '2018-01-01', '2019-01-01', NULL);
INSERT INTO `employee` VALUES (1809, '陈静3', '女', '1989-02-01', '421288198902011234', '已婚', 1, '海南', 1, 'chenjing@qq.com', '18795556693', '海南省海口市美兰区', 82, 12, 30, '劳动合同', '高中', '市场营销', '武汉大学', '2015-06-09', '在职', '00000022', 3, NULL, NULL, '2015-06-09', '2018-06-08', NULL);
INSERT INTO `employee` VALUES (1810, '鹿存亮3', '男', '1990-01-03', '610122199001031456', '已婚', 1, '陕西', 3, 'zhao@qq.com', '15612347795', '陕西省西安市莲湖区', 92, 12, 34, '劳动合同', '高中', '电子工程', '哈尔滨理工大学', '2018-01-01', '在职', '00000024', 3.5, NULL, NULL, '2018-01-01', '2021-07-14', NULL);
INSERT INTO `employee` VALUES (1811, '姚森3', '男', '1991-02-05', '610122199102058952', '已婚', 1, '河南', 3, 'yaosen@qq.com', '14785559936', '河南洛阳人民大道58号', 92, 15, 34, '劳动合同', '初中', '室内装修设计', '西北大学', '2017-01-02', '在职', '00000025', 7, NULL, NULL, '2017-01-02', '2024-01-17', NULL);
INSERT INTO `employee` VALUES (1812, '云星3', '女', '1993-01-05', '610122199301054789', '已婚', 1, '陕西西安', 1, 'yunxing@qq.com', '15644442252', '陕西西安新城区', 92, 16, 34, '劳务合同', '硕士', '通信工程', '西安电子科技学校', '2018-01-01', '在职', '00000026', 5.25, NULL, NULL, '2018-01-01', '2023-04-13', NULL);
INSERT INTO `employee` VALUES (1813, '贾旭明3', '男', '1993-11-11', '610122199311111234', '已婚', 1, '广东广州', 4, 'jiaxuming@qq.com', '15644441234', '广东省广州市天河区冼村路', 78, 15, 33, '劳务合同', '初中', '通信工程', '西北大学', '2018-01-01', '在职', '00000027', 5.25, NULL, NULL, '2018-01-01', '2023-04-13', NULL);
INSERT INTO `employee` VALUES (1814, '张黎明3', '男', '1991-02-01', '610144199102014569', '已婚', 1, '广东', 6, 'zhangliming@qq.com', '18979994478', '广东珠海', 91, 15, 33, '劳动合同', '高中', '考古', '清华大学', '2018-01-01', '在职', '00000028', 7, NULL, NULL, '2018-01-01', '2025-01-30', NULL);
INSERT INTO `employee` VALUES (1815, '薛磊3', '男', '1992-07-01', '610144199207017895', '已婚', 1, '陕西西安', 13, 'xuelei@qq.com', '15648887741', '西安市雁塔区', 92, 14, 34, '劳动合同', '初中', '无', '华胥中学', '2018-01-01', '在职', '00000029', 6, NULL, NULL, '2018-01-01', '2024-01-17', NULL);
INSERT INTO `employee` VALUES (1817, '陈静4', '女', '1989-02-01', '421288198902011234', '已婚', 1, '海南', 1, 'chenjing@qq.com', '18795556693', '海南省海口市美兰区', 82, 12, 30, '劳动合同', '高中', '市场营销', '武汉大学', '2015-06-09', '在职', '00000032', 3, NULL, NULL, '2015-06-09', '2018-06-08', NULL);
INSERT INTO `employee` VALUES (1818, '赵琳浩4', '男', '1993-03-04', '610122199303041456', '未婚', 1, '陕西', 3, 'zhao@qq.com', '15698887795', '陕西省西安市莲湖区', 91, 12, 33, '劳动合同', '博士', '电子工程', '哈尔滨理工大学', '2018-01-01', '在职', '00000033', 3.5, NULL, NULL, '2018-01-01', '2021-07-14', NULL);
INSERT INTO `employee` VALUES (1819, '鹿存亮4', '男', '1990-01-03', '610122199001031456', '已婚', 1, '陕西', 3, 'zhao@qq.com', '15612347795', '陕西省西安市莲湖区', 92, 12, 34, '劳动合同', '高中', '电子工程', '哈尔滨理工大学', '2018-01-01', '在职', '00000034', 3.5, NULL, NULL, '2018-01-01', '2021-07-14', NULL);
INSERT INTO `employee` VALUES (1820, '姚森4', '男', '1991-02-05', '610122199102058952', '已婚', 1, '河南', 3, 'yaosen@qq.com', '14785559936', '河南洛阳人民大道58号', 92, 15, 34, '劳动合同', '初中', '室内装修设计', '西北大学', '2017-01-02', '在职', '00000035', 7, NULL, NULL, '2017-01-02', '2024-01-17', NULL);
INSERT INTO `employee` VALUES (1821, '云星4', '女', '1993-01-05', '610122199301054789', '已婚', 1, '陕西西安', 1, 'yunxing@qq.com', '15644442252', '陕西西安新城区', 92, 16, 34, '劳务合同', '硕士', '通信工程', '西安电子科技学校', '2018-01-01', '在职', '00000036', 5.25, NULL, NULL, '2018-01-01', '2023-04-13', NULL);
INSERT INTO `employee` VALUES (1822, '贾旭明4', '男', '1993-11-11', '610122199311111234', '已婚', 1, '广东广州', 4, 'jiaxuming@qq.com', '15644441234', '广东省广州市天河区冼村路', 78, 15, 33, '劳务合同', '初中', '通信工程', '西北大学', '2018-01-01', '在职', '00000037', 5.25, NULL, NULL, '2018-01-01', '2023-04-13', NULL);
INSERT INTO `employee` VALUES (1823, '谢工', '女', '1970-01-01', '618177197001011234', '离异', 1, '江苏', 1, '584991843@qq.com', '18558887788', '北京', 91, 12, 29, '劳动合同', '本科', '计算机软件', '南华大学', '2018-01-01', '在职', '00000038', 5, '2019-01-01', NULL, '2018-01-01', '2023-01-01', NULL);
INSERT INTO `employee` VALUES (1824, '林昭亮', '男', '1990-01-01', '610122199809091234', '已婚', 1, '广东', 13, '584991843@qq.com', '16767776654', '广东深圳', 91, 15, 33, '劳动合同', '大专', '计算机软件', '广东职业技术学院', '2018-01-01', '在职', '00000039', 5, '2018-04-01', NULL, '2018-01-01', '2023-01-01', NULL);
INSERT INTO `employee` VALUES (1834, '陈静', '女', '1989-02-01', '421288198902011234', '已婚', 1, '海南', 1, 'chenjing@qq.com', '18795556693', '海南省海口市美兰区', 8, 12, 30, '劳动合同', '高中', '市场营销', '武汉大学', '2015-06-09', '在职', '00000002', 3, NULL, NULL, '2015-06-09', '2018-06-08', NULL);
INSERT INTO `employee` VALUES (1835, '赵琳浩', '男', '1993-03-04', '610122199303041456', '未婚', 1, '陕西', 3, 'zhao@qq.com', '15698887795', '陕西省西安市莲湖区', 91, 12, 33, '劳动合同', '博士', '电子工程', '哈尔滨理工大学', '2018-01-01', '在职', '00000003', 3.5, NULL, NULL, '2018-01-01', '2021-07-14', NULL);
INSERT INTO `employee` VALUES (1836, '鹿存亮', '男', '1990-01-03', '610122199001031456', '已婚', 1, '陕西', 3, 'zhao@qq.com', '15612347795', '陕西省西安市莲湖区', 92, 12, 34, '劳动合同', '高中', '电子工程', '哈尔滨理工大学', '2018-01-01', '在职', '00000004', 3.5, NULL, NULL, '2018-01-01', '2021-07-14', NULL);
INSERT INTO `employee` VALUES (1837, '姚森', '男', '1991-02-05', '610122199102058952', '已婚', 1, '河南', 3, 'yaosen@qq.com', '14785559936', '河南洛阳人民大道58号', 92, 15, 34, '劳动合同', '硕士', '室内装修设计', '西北大学', '2017-01-02', '在职', '00000005', 7, NULL, NULL, '2017-01-02', '2024-01-17', NULL);
INSERT INTO `employee` VALUES (1838, '云星', '女', '1993-01-05', '610122199301054789', '已婚', 1, '陕西西安', 1, 'yunxing@qq.com', '15644442252', '陕西西安新城区', 92, 16, 34, '劳务合同', '硕士', '通信工程', '西安电子科技学校', '2018-01-01', '在职', '00000006', 5.25, NULL, NULL, '2018-01-01', '2023-04-13', NULL);
INSERT INTO `employee` VALUES (1839, '贾旭明', '男', '1993-11-11', '610122199311111234', '已婚', 1, '广东广州', 4, 'jiaxuming@qq.com', '15644441234', '广东省广州市天河区冼村路', 78, 15, 33, '劳务合同', '初中', '通信工程', '西北大学', '2018-01-01', '在职', '00000007', 5.25, NULL, NULL, '2018-01-01', '2023-04-13', NULL);
INSERT INTO `employee` VALUES (1840, '张黎明', '男', '1991-02-01', '610144199102014569', '已婚', 1, '广东', 6, 'zhangliming@qq.com', '18979994478', '广东珠海', 91, 15, 33, '劳动合同', '高中', '考古', '清华大学', '2018-01-01', '在职', '00000008', 7, NULL, NULL, '2018-01-01', '2025-01-30', NULL);
INSERT INTO `employee` VALUES (1841, '薛磊', '男', '1992-07-01', '610144199207017895', '已婚', 1, '陕西西安', 13, 'xuelei@qq.com', '15648887741', '西安市雁塔区', 92, 14, 34, '劳动合同', '初中', '无', '华胥中学', '2018-01-01', '在职', '00000009', 6, NULL, NULL, '2018-01-01', '2024-01-17', NULL);
INSERT INTO `employee` VALUES (1842, '张洁', '女', '1990-10-09', '420177199010093652', '未婚', 1, '海南', 5, 'zhangjie@qq.com', '13695557742', '海口市美兰区', 92, 16, 34, '劳动合同', '高中', '无', '海南侨中', '2018-01-01', '在职', '00000010', 1, NULL, NULL, '2018-01-01', '2019-01-01', NULL);
INSERT INTO `employee` VALUES (1844, '陈静2', '女', '1989-02-01', '421288198902011234', '已婚', 1, '海南', 1, 'chenjing@qq.com', '18795556693', '海南省海口市美兰区', 82, 12, 30, '劳动合同', '高中', '市场营销', '武汉大学', '2015-06-09', '在职', '00000012', 3, NULL, NULL, '2015-06-09', '2018-06-08', NULL);
INSERT INTO `employee` VALUES (1845, '赵琳浩2', '男', '1993-03-04', '610122199303041456', '未婚', 1, '陕西', 3, 'zhao@qq.com', '15698887795', '陕西省西安市莲湖区', 91, 12, 33, '劳动合同', '博士', '电子工程', '哈尔滨理工大学', '2018-01-01', '在职', '00000013', 3.5, NULL, NULL, '2018-01-01', '2021-07-14', NULL);
INSERT INTO `employee` VALUES (1846, '鹿存亮2', '男', '1990-01-03', '610122199001031456', '已婚', 1, '陕西', 3, 'zhao@qq.com', '15612347795', '陕西省西安市莲湖区', 92, 12, 34, '劳动合同', '高中', '电子工程', '哈尔滨理工大学', '2018-01-01', '在职', '00000014', 3.5, NULL, NULL, '2018-01-01', '2021-07-14', NULL);
INSERT INTO `employee` VALUES (1847, '姚森2', '男', '1991-02-05', '610122199102058952', '已婚', 1, '河南', 3, 'yaosen@qq.com', '14785559936', '河南洛阳人民大道58号', 92, 15, 34, '劳动合同', '初中', '室内装修设计', '西北大学', '2017-01-02', '在职', '00000015', 7, NULL, NULL, '2017-01-02', '2024-01-17', NULL);
INSERT INTO `employee` VALUES (1848, '云星2', '女', '1993-01-05', '610122199301054789', '已婚', 1, '陕西西安', 1, 'yunxing@qq.com', '15644442252', '陕西西安新城区', 92, 16, 34, '劳务合同', '硕士', '通信工程', '西安电子科技学校', '2018-01-01', '在职', '00000016', 5.25, NULL, NULL, '2018-01-01', '2023-04-13', NULL);
INSERT INTO `employee` VALUES (1849, '贾旭明2', '男', '1993-11-11', '610122199311111234', '已婚', 1, '广东广州', 4, 'jiaxuming@qq.com', '15644441234', '广东省广州市天河区冼村路', 78, 15, 33, '劳务合同', '初中', '通信工程', '西北大学', '2018-01-01', '在职', '00000017', 5.25, NULL, NULL, '2018-01-01', '2023-04-13', NULL);
INSERT INTO `employee` VALUES (1850, '王一亭', '男', '1991-02-01', '610144199102014569', '已婚', 1, '广东', 6, 'zhangliming@qq.com', '18979994478', '广东珠海', 91, 15, 33, '劳动合同', '高中', '考古', '清华大学', '2018-01-01', '在职', '00000018', 7, NULL, NULL, '2018-01-01', '2025-01-30', NULL);
INSERT INTO `employee` VALUES (1851, '薛磊2', '男', '1992-07-01', '610144199207017895', '已婚', 1, '陕西西安', 13, 'xuelei@qq.com', '15648887741', '西安市雁塔区', 92, 14, 34, '劳动合同', '初中', '无', '华胥中学', '2018-01-01', '在职', '00000019', 1, NULL, NULL, '2018-01-01', '2019-01-01', NULL);
INSERT INTO `employee` VALUES (1852, '张洁2', '女', '1990-10-09', '420177199010093652', '未婚', 1, '海南', 5, 'zhangjie@qq.com', '13695557742', '海口市美兰区', 92, 16, 34, '劳动合同', '高中', '无', '海南侨中', '2018-01-01', '在职', '00000020', 1, NULL, NULL, '2018-01-01', '2019-01-01', NULL);
INSERT INTO `employee` VALUES (1854, '陈静3', '女', '1989-02-01', '421288198902011234', '已婚', 1, '海南', 1, 'chenjing@qq.com', '18795556693', '海南省海口市美兰区', 82, 12, 30, '劳动合同', '高中', '市场营销', '武汉大学', '2015-06-09', '在职', '00000022', 3, NULL, NULL, '2015-06-09', '2018-06-08', NULL);
INSERT INTO `employee` VALUES (1855, '鹿存亮3', '男', '1990-01-03', '610122199001031456', '已婚', 1, '陕西', 3, 'zhao@qq.com', '15612347795', '陕西省西安市莲湖区', 92, 12, 34, '劳动合同', '高中', '电子工程', '哈尔滨理工大学', '2018-01-01', '在职', '00000024', 3.5, NULL, NULL, '2018-01-01', '2021-07-14', NULL);
INSERT INTO `employee` VALUES (1856, '姚森3', '男', '1991-02-05', '610122199102058952', '已婚', 1, '河南', 3, 'yaosen@qq.com', '14785559936', '河南洛阳人民大道58号', 92, 15, 34, '劳动合同', '初中', '室内装修设计', '西北大学', '2017-01-02', '在职', '00000025', 7, NULL, NULL, '2017-01-02', '2024-01-17', NULL);
INSERT INTO `employee` VALUES (1857, '云星3', '女', '1993-01-05', '610122199301054789', '已婚', 1, '陕西西安', 1, 'yunxing@qq.com', '15644442252', '陕西西安新城区', 92, 16, 34, '劳务合同', '硕士', '通信工程', '西安电子科技学校', '2018-01-01', '在职', '00000026', 5.25, NULL, NULL, '2018-01-01', '2023-04-13', NULL);
INSERT INTO `employee` VALUES (1858, '贾旭明3', '男', '1993-11-11', '610122199311111234', '已婚', 1, '广东广州', 4, 'jiaxuming@qq.com', '15644441234', '广东省广州市天河区冼村路', 78, 15, 33, '劳务合同', '初中', '通信工程', '西北大学', '2018-01-01', '在职', '00000027', 5.25, NULL, NULL, '2018-01-01', '2023-04-13', NULL);
INSERT INTO `employee` VALUES (1859, '张黎明3', '男', '1991-02-01', '610144199102014569', '已婚', 1, '广东', 6, 'zhangliming@qq.com', '18979994478', '广东珠海', 91, 15, 33, '劳动合同', '高中', '考古', '清华大学', '2018-01-01', '在职', '00000028', 7, NULL, NULL, '2018-01-01', '2025-01-30', NULL);
INSERT INTO `employee` VALUES (1860, '薛磊3', '男', '1992-07-01', '610144199207017895', '已婚', 1, '陕西西安', 13, 'xuelei@qq.com', '15648887741', '西安市雁塔区', 92, 14, 34, '劳动合同', '初中', '无', '华胥中学', '2018-01-01', '在职', '00000029', 6, NULL, NULL, '2018-01-01', '2024-01-17', NULL);
INSERT INTO `employee` VALUES (1862, '陈静4', '女', '1989-02-01', '421288198902011234', '已婚', 1, '海南', 1, 'chenjing@qq.com', '18795556693', '海南省海口市美兰区', 82, 12, 30, '劳动合同', '高中', '市场营销', '武汉大学', '2015-06-09', '在职', '00000032', 3, NULL, NULL, '2015-06-09', '2018-06-08', NULL);
INSERT INTO `employee` VALUES (1863, '赵琳浩4', '男', '1993-03-04', '610122199303041456', '未婚', 1, '陕西', 3, 'zhao@qq.com', '15698887795', '陕西省西安市莲湖区', 91, 12, 33, '劳动合同', '博士', '电子工程', '哈尔滨理工大学', '2018-01-01', '在职', '00000033', 3.5, NULL, NULL, '2018-01-01', '2021-07-14', NULL);
INSERT INTO `employee` VALUES (1864, '鹿存亮4', '男', '1990-01-03', '610122199001031456', '已婚', 1, '陕西', 3, 'zhao@qq.com', '15612347795', '陕西省西安市莲湖区', 92, 12, 34, '劳动合同', '高中', '电子工程', '哈尔滨理工大学', '2018-01-01', '在职', '00000034', 3.5, NULL, NULL, '2018-01-01', '2021-07-14', NULL);
INSERT INTO `employee` VALUES (1865, '姚森4', '男', '1991-02-05', '610122199102058952', '已婚', 1, '河南', 3, 'yaosen@qq.com', '14785559936', '河南洛阳人民大道58号', 92, 15, 34, '劳动合同', '初中', '室内装修设计', '西北大学', '2017-01-02', '在职', '00000035', 7, NULL, NULL, '2017-01-02', '2024-01-17', NULL);
INSERT INTO `employee` VALUES (1866, '云星4', '女', '1993-01-05', '610122199301054789', '已婚', 1, '陕西西安', 1, 'yunxing@qq.com', '15644442252', '陕西西安新城区', 92, 16, 34, '劳务合同', '硕士', '通信工程', '西安电子科技学校', '2018-01-01', '在职', '00000036', 5.25, NULL, NULL, '2018-01-01', '2023-04-13', NULL);
INSERT INTO `employee` VALUES (1867, '贾旭明4', '男', '1993-11-11', '610122199311111234', '已婚', 1, '广东广州', 4, 'jiaxuming@qq.com', '15644441234', '广东省广州市天河区冼村路', 78, 15, 33, '劳务合同', '初中', '通信工程', '西北大学', '2018-01-01', '在职', '00000037', 5.25, NULL, NULL, '2018-01-01', '2023-04-13', NULL);
INSERT INTO `employee` VALUES (1868, '张黎明2', '男', '1991-02-01', '610144199102014569', '已婚', 1, '广东', 6, 'zhangliming@qq.com', '18979994478', '广东珠海', 91, 15, 33, '劳动合同', '高中', '考古', '清华大学', '2018-01-01', '在职', '00000038', 7, NULL, NULL, '2018-01-01', '2025-01-30', NULL);
INSERT INTO `employee` VALUES (1869, '薛磊4', '男', '1992-07-01', '610144199207017895', '已婚', 1, '陕西西安', 13, 'xuelei@qq.com', '15648887741', '西安市雁塔区', 92, 14, 34, '劳动合同', '初中', '无', '华胥中学', '2018-01-01', '在职', '00000039', 6, NULL, NULL, '2018-01-01', '2024-01-17', NULL);
INSERT INTO `employee` VALUES (1870, '张洁4', '女', '1990-10-09', '420177199010093652', '未婚', 1, '海南', 5, 'zhangjie@qq.com', '13695557742', '海口市美兰区', 92, 16, 34, '劳动合同', '高中', '无', '海南侨中', '2018-01-01', '在职', '00000040', 1, NULL, NULL, '2018-01-01', '2019-01-01', NULL);
INSERT INTO `employee` VALUES (1872, '陈静5', '女', '1989-02-01', '421288198902011234', '已婚', 1, '海南', 1, 'chenjing@qq.com', '18795556693', '海南省海口市美兰区', 82, 12, 30, '劳动合同', '高中', '市场营销', '武汉大学', '2015-06-09', '在职', '00000042', 3, NULL, NULL, '2015-06-09', '2018-06-08', NULL);
INSERT INTO `employee` VALUES (1873, '赵琳浩5', '男', '1993-03-04', '610122199303041456', '未婚', 1, '陕西', 3, 'zhao@qq.com', '15698887795', '陕西省西安市莲湖区', 91, 12, 33, '劳动合同', '博士', '电子工程', '哈尔滨理工大学', '2018-01-01', '在职', '00000043', 3.5, NULL, NULL, '2018-01-01', '2021-07-14', NULL);
INSERT INTO `employee` VALUES (1874, '鹿存亮5', '男', '1990-01-03', '610122199001031456', '已婚', 1, '陕西', 3, 'zhao@qq.com', '15612347795', '陕西省西安市莲湖区', 92, 12, 34, '劳动合同', '高中', '电子工程', '哈尔滨理工大学', '2018-01-01', '在职', '00000044', 3.5, NULL, NULL, '2018-01-01', '2021-07-14', NULL);
INSERT INTO `employee` VALUES (1875, '姚森5', '男', '1991-02-05', '610122199102058952', '已婚', 1, '河南', 3, 'yaosen@qq.com', '14785559936', '河南洛阳人民大道58号', 92, 15, 34, '劳动合同', '初中', '室内装修设计', '西北大学', '2017-01-02', '在职', '00000045', 7, NULL, NULL, '2017-01-02', '2024-01-17', NULL);
INSERT INTO `employee` VALUES (1876, '云星5', '女', '1993-01-05', '610122199301054789', '已婚', 1, '陕西西安', 1, 'yunxing@qq.com', '15644442252', '陕西西安新城区', 92, 16, 34, '劳务合同', '硕士', '通信工程', '西安电子科技学校', '2018-01-01', '在职', '00000046', 5.25, NULL, NULL, '2018-01-01', '2023-04-13', NULL);
INSERT INTO `employee` VALUES (1877, '贾旭明5', '男', '1993-11-11', '610122199311111234', '已婚', 1, '广东广州', 4, 'jiaxuming@qq.com', '15644441234', '广东省广州市天河区冼村路', 78, 15, 33, '劳务合同', '初中', '通信工程', '西北大学', '2018-01-01', '在职', '00000047', 5.25, NULL, NULL, '2018-01-01', '2023-04-13', NULL);
INSERT INTO `employee` VALUES (1878, '张黎明5', '男', '1991-02-01', '610144199102014569', '已婚', 1, '广东', 6, 'zhangliming@qq.com', '18979994478', '广东珠海', 91, 15, 33, '劳动合同', '高中', '考古', '清华大学', '2018-01-01', '在职', '00000048', 7, NULL, NULL, '2018-01-01', '2025-01-30', NULL);
INSERT INTO `employee` VALUES (1879, '薛磊5', '男', '1992-07-01', '610144199207017895', '已婚', 1, '陕西西安', 13, 'xuelei@qq.com', '15648887741', '西安市雁塔区', 92, 14, 34, '劳动合同', '初中', '无', '华胥中学', '2018-01-01', '在职', '00000049', 6, NULL, NULL, '2018-01-01', '2024-01-17', NULL);
INSERT INTO `employee` VALUES (1880, '张洁5', '女', '1990-10-09', '420177199010093652', '未婚', 1, '海南', 5, 'zhangjie@qq.com', '13695557742', '海口市美兰区', 92, 16, 34, '劳动合同', '高中', '无', '海南侨中', '2018-01-01', '在职', '00000050', 1, NULL, NULL, '2018-01-01', '2019-01-01', NULL);
INSERT INTO `employee` VALUES (1882, '陈静6', '女', '1989-02-01', '421288198902011234', '已婚', 1, '海南', 1, 'chenjing@qq.com', '18795556693', '海南省海口市美兰区', 82, 12, 30, '劳动合同', '高中', '市场营销', '武汉大学', '2015-06-09', '在职', '00000052', 3, NULL, NULL, '2015-06-09', '2018-06-08', NULL);
INSERT INTO `employee` VALUES (1883, '赵琳浩6', '男', '1993-03-04', '610122199303041456', '未婚', 1, '陕西', 3, 'zhao@qq.com', '15698887795', '陕西省西安市莲湖区', 91, 12, 33, '劳动合同', '博士', '电子工程', '哈尔滨理工大学', '2018-01-01', '在职', '00000053', 3.5, NULL, NULL, '2018-01-01', '2021-07-14', NULL);
INSERT INTO `employee` VALUES (1884, '鹿存亮6', '男', '1990-01-03', '610122199001031456', '已婚', 1, '陕西', 3, 'zhao@qq.com', '15612347795', '陕西省西安市莲湖区', 92, 12, 34, '劳动合同', '高中', '电子工程', '哈尔滨理工大学', '2018-01-01', '在职', '00000054', 3.5, NULL, NULL, '2018-01-01', '2021-07-14', NULL);
INSERT INTO `employee` VALUES (1885, '姚森6', '男', '1991-02-05', '610122199102058952', '已婚', 1, '河南', 3, 'yaosen@qq.com', '14785559936', '河南洛阳人民大道58号', 92, 15, 34, '劳动合同', '初中', '室内装修设计', '西北大学', '2017-01-02', '在职', '00000055', 7, NULL, NULL, '2017-01-02', '2024-01-17', NULL);
INSERT INTO `employee` VALUES (1886, '云星6', '女', '1993-01-05', '610122199301054789', '已婚', 1, '陕西西安', 1, 'yunxing@qq.com', '15644442252', '陕西西安新城区', 92, 16, 34, '劳务合同', '硕士', '通信工程', '西安电子科技学校', '2018-01-01', '在职', '00000056', 5.25, NULL, NULL, '2018-01-01', '2023-04-13', NULL);
INSERT INTO `employee` VALUES (1888, '陈静', '女', '1989-02-01', '421288198902011234', '已婚', 1, '海南', 1, 'chenjing@qq.com', '18795556693', '海南省海口市美兰区', 82, 12, 30, '劳动合同', '高中', '市场营销', '武汉大学', '2015-06-09', '在职', '00000002', 3, NULL, NULL, '2015-06-09', '2018-06-08', NULL);
INSERT INTO `employee` VALUES (1889, '赵琳浩', '男', '1993-03-04', '610122199303041456', '未婚', 1, '陕西', 3, 'zhao@qq.com', '15698887795', '陕西省西安市莲湖区', 91, 12, 33, '劳动合同', '博士', '电子工程', '哈尔滨理工大学', '2018-01-01', '在职', '00000003', 3.5, NULL, NULL, '2018-01-01', '2021-07-14', NULL);
INSERT INTO `employee` VALUES (1890, '鹿存亮', '男', '1990-01-03', '610122199001031456', '已婚', 1, '陕西', 3, 'zhao@qq.com', '15612347795', '陕西省西安市莲湖区', 92, 12, 34, '劳动合同', '高中', '电子工程', '哈尔滨理工大学', '2018-01-01', '在职', '00000004', 3.5, NULL, NULL, '2018-01-01', '2021-07-14', NULL);
INSERT INTO `employee` VALUES (1891, '姚森', '男', '1991-02-05', '610122199102058952', '已婚', 1, '河南', 3, 'yaosen@qq.com', '14785559936', '河南洛阳人民大道58号', 92, 15, 34, '劳动合同', '初中', '室内装修设计', '西北大学', '2017-01-02', '在职', '00000005', 7, NULL, NULL, '2017-01-02', '2024-01-17', NULL);
INSERT INTO `employee` VALUES (1892, '贾旭明', '男', '1993-11-11', '610122199311111234', '已婚', 1, '广东广州', 4, 'jiaxuming@qq.com', '15644441234', '广东省广州市天河区冼村路', 78, 15, 33, '劳务合同', '初中', '通信工程', '西北大学', '2018-01-01', '在职', '00000007', 5.25, NULL, NULL, '2018-01-01', '2023-04-13', NULL);
INSERT INTO `employee` VALUES (1893, '张黎明', '男', '1991-02-01', '610144199102014569', '已婚', 1, '广东', 6, 'zhangliming@qq.com', '18979994478', '广东珠海', 91, 15, 33, '劳动合同', '高中', '考古', '清华大学', '2018-01-01', '在职', '00000008', 7, NULL, NULL, '2018-01-01', '2025-01-30', NULL);
INSERT INTO `employee` VALUES (1894, '薛磊', '男', '1992-07-01', '610144199207017895', '已婚', 1, '陕西西安', 13, 'xuelei@qq.com', '15648887741', '西安市雁塔区', 92, 14, 34, '劳动合同', '初中', '无', '华胥中学', '2018-01-01', '在职', '00000009', 6, NULL, NULL, '2018-01-01', '2024-01-17', NULL);
INSERT INTO `employee` VALUES (1895, '张洁', '女', '1990-10-09', '420177199010093652', '未婚', 1, '海南', 5, 'zhangjie@qq.com', '13695557742', '海口市美兰区', 92, 16, 34, '劳动合同', '高中', '无', '海南侨中', '2018-01-01', '在职', '00000010', 1, NULL, NULL, '2018-01-01', '2019-01-01', NULL);
INSERT INTO `employee` VALUES (1897, '陈静2', '女', '1989-02-01', '421288198902011234', '已婚', 1, '海南', 1, 'chenjing@qq.com', '18795556693', '海南省海口市美兰区', 82, 12, 30, '劳动合同', '高中', '市场营销', '武汉大学', '2015-06-09', '在职', '00000012', 3, NULL, NULL, '2015-06-09', '2018-06-08', NULL);
INSERT INTO `employee` VALUES (1898, '赵琳浩2', '男', '1993-03-04', '610122199303041456', '未婚', 1, '陕西', 3, 'zhao@qq.com', '15698887795', '陕西省西安市莲湖区', 91, 12, 33, '劳动合同', '博士', '电子工程', '哈尔滨理工大学', '2018-01-01', '在职', '00000013', 3.5, NULL, NULL, '2018-01-01', '2021-07-14', NULL);
INSERT INTO `employee` VALUES (1899, '鹿存亮2', '男', '1990-01-03', '610122199001031456', '已婚', 1, '陕西', 3, 'zhao@qq.com', '15612347795', '陕西省西安市莲湖区', 92, 12, 34, '劳动合同', '高中', '电子工程', '哈尔滨理工大学', '2018-01-01', '在职', '00000014', 3.5, NULL, NULL, '2018-01-01', '2021-07-14', NULL);
INSERT INTO `employee` VALUES (1900, '姚森2', '男', '1991-02-05', '610122199102058952', '已婚', 1, '河南', 3, 'yaosen@qq.com', '14785559936', '河南洛阳人民大道58号', 92, 15, 34, '劳动合同', '初中', '室内装修设计', '西北大学', '2017-01-02', '在职', '00000015', 7, NULL, NULL, '2017-01-02', '2024-01-17', NULL);
INSERT INTO `employee` VALUES (1901, '云星2', '女', '1993-01-05', '610122199301054789', '已婚', 1, '陕西西安', 1, 'yunxing@qq.com', '15644442252', '陕西西安新城区', 92, 16, 34, '劳务合同', '硕士', '通信工程', '西安电子科技学校', '2018-01-01', '在职', '00000016', 5.25, NULL, NULL, '2018-01-01', '2023-04-13', NULL);
INSERT INTO `employee` VALUES (1902, '贾旭明2', '男', '1993-11-11', '610122199311111234', '已婚', 1, '广东广州', 4, 'jiaxuming@qq.com', '15644441234', '广东省广州市天河区冼村路', 78, 15, 33, '劳务合同', '初中', '通信工程', '西北大学', '2018-01-01', '在职', '00000017', 5.25, NULL, NULL, '2018-01-01', '2023-04-13', NULL);
INSERT INTO `employee` VALUES (1903, '王一亭', '男', '1991-02-01', '610144199102014569', '已婚', 1, '广东', 6, 'zhangliming@qq.com', '18979994478', '广东珠海', 91, 15, 33, '劳动合同', '高中', '考古', '清华大学', '2018-01-01', '在职', '00000018', 7, NULL, NULL, '2018-01-01', '2025-01-30', NULL);
INSERT INTO `employee` VALUES (1904, '薛磊2', '男', '1992-07-01', '610144199207017895', '已婚', 1, '陕西西安', 13, 'xuelei@qq.com', '15648887741', '西安市雁塔区', 92, 14, 34, '劳动合同', '初中', '无', '华胥中学', '2018-01-01', '在职', '00000019', 1, NULL, NULL, '2018-01-01', '2019-01-01', NULL);
INSERT INTO `employee` VALUES (1905, '张洁2', '女', '1990-10-09', '420177199010093652', '未婚', 1, '海南', 5, 'zhangjie@qq.com', '13695557742', '海口市美兰区', 92, 16, 34, '劳动合同', '高中', '无', '海南侨中', '2018-01-01', '在职', '00000020', 1, NULL, NULL, '2018-01-01', '2019-01-01', NULL);
INSERT INTO `employee` VALUES (1907, '陈静3', '女', '1989-02-01', '421288198902011234', '已婚', 1, '海南', 1, 'chenjing@qq.com', '18795556693', '海南省海口市美兰区', 82, 12, 30, '劳动合同', '高中', '市场营销', '武汉大学', '2015-06-09', '在职', '00000022', 3, NULL, NULL, '2015-06-09', '2018-06-08', NULL);
INSERT INTO `employee` VALUES (1908, '鹿存亮3', '男', '1990-01-03', '610122199001031456', '已婚', 1, '陕西', 3, 'zhao@qq.com', '15612347795', '陕西省西安市莲湖区', 92, 12, 34, '劳动合同', '高中', '电子工程', '哈尔滨理工大学', '2018-01-01', '在职', '00000024', 3.5, NULL, NULL, '2018-01-01', '2021-07-14', NULL);
INSERT INTO `employee` VALUES (1909, '姚森3', '男', '1991-02-05', '610122199102058952', '已婚', 1, '河南', 3, 'yaosen@qq.com', '14785559936', '河南洛阳人民大道58号', 92, 15, 34, '劳动合同', '初中', '室内装修设计', '西北大学', '2017-01-02', '在职', '00000025', 7, NULL, NULL, '2017-01-02', '2024-01-17', NULL);
INSERT INTO `employee` VALUES (1910, '云星3', '女', '1993-01-05', '610122199301054789', '已婚', 1, '陕西西安', 1, 'yunxing@qq.com', '15644442252', '陕西西安新城区', 92, 16, 34, '劳务合同', '硕士', '通信工程', '西安电子科技学校', '2018-01-01', '在职', '00000026', 5.25, NULL, NULL, '2018-01-01', '2023-04-13', NULL);
INSERT INTO `employee` VALUES (1911, '贾旭明3', '男', '1993-11-11', '610122199311111234', '已婚', 1, '广东广州', 4, 'jiaxuming@qq.com', '15644441234', '广东省广州市天河区冼村路', 78, 15, 33, '劳务合同', '初中', '通信工程', '西北大学', '2018-01-01', '在职', '00000027', 5.25, NULL, NULL, '2018-01-01', '2023-04-13', NULL);
INSERT INTO `employee` VALUES (1912, '张黎明3', '男', '1991-02-01', '610144199102014569', '已婚', 1, '广东', 6, 'zhangliming@qq.com', '18979994478', '广东珠海', 91, 15, 33, '劳动合同', '高中', '考古', '清华大学', '2018-01-01', '在职', '00000028', 7, NULL, NULL, '2018-01-01', '2025-01-30', NULL);
INSERT INTO `employee` VALUES (1913, '薛磊3', '男', '1992-07-01', '610144199207017895', '已婚', 1, '陕西西安', 13, 'xuelei@qq.com', '15648887741', '西安市雁塔区', 92, 14, 34, '劳动合同', '初中', '无', '华胥中学', '2018-01-01', '在职', '00000029', 6, NULL, NULL, '2018-01-01', '2024-01-17', NULL);
INSERT INTO `employee` VALUES (1915, '陈静4', '女', '1989-02-01', '421288198902011234', '已婚', 1, '海南', 1, 'chenjing@qq.com', '18795556693', '海南省海口市美兰区', 82, 12, 30, '劳动合同', '高中', '市场营销', '武汉大学', '2015-06-09', '在职', '00000032', 3, NULL, NULL, '2015-06-09', '2018-06-08', NULL);
INSERT INTO `employee` VALUES (1916, '赵琳浩4', '男', '1993-03-04', '610122199303041456', '未婚', 1, '陕西', 3, 'zhao@qq.com', '15698887795', '陕西省西安市莲湖区', 91, 12, 33, '劳动合同', '博士', '电子工程', '哈尔滨理工大学', '2018-01-01', '在职', '00000033', 3.5, NULL, NULL, '2018-01-01', '2021-07-14', NULL);
INSERT INTO `employee` VALUES (1917, '鹿存亮4', '男', '1990-01-03', '610122199001031456', '已婚', 1, '陕西', 3, 'zhao@qq.com', '15612347795', '陕西省西安市莲湖区', 92, 12, 34, '劳动合同', '高中', '电子工程', '哈尔滨理工大学', '2018-01-01', '在职', '00000034', 3.5, NULL, NULL, '2018-01-01', '2021-07-14', NULL);
INSERT INTO `employee` VALUES (1918, '姚森4', '男', '1991-02-05', '610122199102058952', '已婚', 1, '河南', 3, 'yaosen@qq.com', '14785559936', '河南洛阳人民大道58号', 92, 15, 34, '劳动合同', '初中', '室内装修设计', '西北大学', '2017-01-02', '在职', '00000035', 7, NULL, NULL, '2017-01-02', '2024-01-17', NULL);
INSERT INTO `employee` VALUES (1920, '贾旭明4', '男', '1993-11-11', '610122199311111234', '已婚', 1, '广东广州', 4, 'jiaxuming@qq.com', '15644441234', '广东省广州市天河区冼村路', 78, 15, 33, '劳务合同', '初中', '通信工程', '西北大学', '2018-01-01', '在职', '00000037', 5.25, NULL, NULL, '2018-01-01', '2023-04-13', NULL);
INSERT INTO `employee` VALUES (1921, '谢工', '女', '1970-01-01', '618177197001011234', '离异', 1, '江苏', 1, '584991843@qq.com', '18558887788', '北京', 91, 12, 29, '劳动合同', '本科', '计算机软件', '南华大学', '2018-01-01', '在职', '00000038', 5, NULL, NULL, '2018-01-01', '2023-01-01', NULL);
INSERT INTO `employee` VALUES (1922, '林昭亮', '男', '1990-01-01', '610122199809091234', '已婚', 1, '广东', 13, '584991843@qq.com', '16767776654', '广东深圳', 91, 15, 33, '劳动合同', '大专', '计算机软件', '广东职业技术学院', '2018-01-01', '在职', '00000039', 5, NULL, NULL, '2018-01-01', '2023-01-01', NULL);
INSERT INTO `employee` VALUES (1935, '陈静', '女', '1989-02-01', '421288198902011234', '已婚', 1, '海南', 1, 'chenjing@qq.com', '18795556693', '海南省海口市美兰区', 91, 12, 29, '劳动合同', '高中', '市场营销', '武汉大学', '2015-06-09', NULL, '00000002', 3, '2015-09-10', NULL, '2015-06-09', '2018-06-08', NULL);
INSERT INTO `employee` VALUES (1936, '赵琳浩', '男', '1993-03-04', '610122199303041456', '未婚', 1, '陕西', 3, 'zhao@qq.com', '15698887795', '陕西省西安市莲湖区', 91, 12, 33, '劳动合同', '博士', '电子工程', '哈尔滨理工大学', '2018-01-01', NULL, '00000003', 3.5, '2018-04-01', NULL, '2018-01-01', '2021-07-14', NULL);
INSERT INTO `employee` VALUES (1937, '鹿存亮', '男', '1990-01-02', '610122199001031456', '已婚', 2, '陕西', 3, 'zhao@qq.com', '15612347795', '陕西省西安市莲湖区', 92, 12, 34, '劳动合同', '高中', '电子工程', '哈尔滨理工大学', '2017-12-31', NULL, '00000056', 3.5, '2018-03-31', NULL, '2017-12-31', '2021-07-13', NULL);
INSERT INTO `employee` VALUES (1938, '姚森', '男', '1991-02-05', '610122199102058952', '已婚', 1, '河南', 3, 'yaosen@qq.com', '14785559936', '河南洛阳人民大道58号', 92, 15, 34, '劳动合同', '硕士', '室内装修设计', '西北大学', '2017-01-02', NULL, '00000005', 7, '2017-04-02', NULL, '2017-01-02', '2024-01-17', NULL);
INSERT INTO `employee` VALUES (1939, '云星', '女', '1993-01-05', '610122199301054789', '已婚', 1, '陕西西安', 1, 'yunxing@qq.com', '15644442252', '陕西西安新城区', 92, 16, 34, '劳务合同', '硕士', '通信工程', '西安电子科技学校', '2018-01-01', NULL, '00000006', 5.25, '2018-04-01', NULL, '2018-01-01', '2023-04-13', NULL);
INSERT INTO `employee` VALUES (1940, '贾旭明', '男', '1993-11-11', '610122199311111234', '已婚', 1, '广东广州', 4, 'jiaxuming@qq.com', '15644441234', '广东省广州市天河区冼村路', 78, 15, 33, '劳务合同', '初中', '通信工程', '西北大学', '2018-01-01', NULL, '00000007', 5.25, '2018-04-01', NULL, '2018-01-01', '2023-04-13', NULL);
INSERT INTO `employee` VALUES (1941, '张黎明', '男', '1991-02-01', '610144199102014569', '已婚', 1, '广东', 6, 'zhangliming@qq.com', '18979994478', '广东珠海', 91, 15, 33, '劳动合同', '高中', '考古', '清华大学', '2018-01-01', NULL, '00000008', 7, '2018-04-01', NULL, '2018-01-01', '2025-01-30', NULL);
INSERT INTO `employee` VALUES (1942, '薛磊', '男', '1992-07-01', '610144199207017895', '已婚', 1, '陕西西安', 13, 'xuelei@qq.com', '15648887741', '西安市雁塔区', 92, 14, 34, '劳动合同', '初中', '无', '华胥中学', '2018-01-01', NULL, '00000009', 6, '2018-04-01', NULL, '2018-01-01', '2024-01-17', NULL);
INSERT INTO `employee` VALUES (1943, '张洁', '女', '1990-10-07', '420177199010093652', '未婚', 1, '海南', 5, 'zhangjie@qq.com', '13695557742', '海口市美兰区', 92, 16, 34, '劳动合同', '高中', '无', '海南侨中', '2017-12-30', NULL, '00000056', 1, '2018-01-29', NULL, '2017-12-30', '2018-12-30', NULL);
INSERT INTO `employee` VALUES (1944, '陈静2', '女', '1989-02-01', '421288198902011234', '已婚', 1, '海南', 1, 'chenjing@qq.com', '18795556693', '海南省海口市美兰区', 82, 12, 30, '劳动合同', '高中', '市场营销', '武汉大学', '2015-06-09', NULL, '00000012', 3, '2015-09-10', NULL, '2015-06-09', '2018-06-08', NULL);
INSERT INTO `employee` VALUES (1945, '赵琳浩2', '男', '1993-03-04', '610122199303041456', '未婚', 1, '陕西', 3, 'zhao@qq.com', '15698887795', '陕西省西安市莲湖区', 91, 12, 33, '劳动合同', '博士', '电子工程', '哈尔滨理工大学', '2018-01-01', NULL, '00000013', 3.5, '2018-04-01', NULL, '2018-01-01', '2021-07-14', NULL);
INSERT INTO `employee` VALUES (1946, '鹿存亮2', '男', '1990-01-03', '610122199001031456', '已婚', 1, '陕西', 3, 'zhao@qq.com', '15612347795', '陕西省西安市莲湖区', 92, 12, 34, '劳动合同', '高中', '电子工程', '哈尔滨理工大学', '2018-01-01', NULL, '00000014', 3.5, '2018-04-01', NULL, '2018-01-01', '2021-07-14', NULL);
INSERT INTO `employee` VALUES (1947, '姚森2', '男', '1991-02-05', '610122199102058952', '已婚', 1, '河南', 3, 'yaosen@qq.com', '14785559936', '河南洛阳人民大道58号', 92, 15, 34, '劳动合同', '初中', '室内装修设计', '西北大学', '2017-01-02', NULL, '00000015', 7, '2017-04-02', NULL, '2017-01-02', '2024-01-17', NULL);
INSERT INTO `employee` VALUES (1948, '云星2', '女', '1993-01-05', '610122199301054789', '已婚', 1, '陕西西安', 1, 'yunxing@qq.com', '15644442252', '陕西西安新城区', 92, 16, 34, '劳务合同', '硕士', '通信工程', '西安电子科技学校', '2018-01-01', NULL, '00000016', 5.25, '2018-04-01', NULL, '2018-01-01', '2023-04-13', NULL);
INSERT INTO `employee` VALUES (1949, '贾旭明2', '男', '1993-11-11', '610122199311111234', '已婚', 1, '广东广州', 4, 'jiaxuming@qq.com', '15644441234', '广东省广州市天河区冼村路', 78, 15, 33, '劳务合同', '初中', '通信工程', '西北大学', '2018-01-01', NULL, '00000017', 5.25, '2018-04-01', NULL, '2018-01-01', '2023-04-13', NULL);
INSERT INTO `employee` VALUES (1950, '王一亭', '男', '1991-02-01', '610144199102014569', '已婚', 1, '广东', 6, 'zhangliming@qq.com', '18979994478', '广东珠海', 91, 15, 33, '劳动合同', '高中', '考古', '清华大学', '2018-01-01', NULL, '00000018', 7, '2018-04-01', NULL, '2018-01-01', '2025-01-30', NULL);
INSERT INTO `employee` VALUES (1951, '薛磊2', '男', '1992-07-01', '610144199207017895', '已婚', 1, '陕西西安', 13, 'xuelei@qq.com', '15648887741', '西安市雁塔区', 92, 14, 34, '劳动合同', '初中', '无', '华胥中学', '2018-01-01', NULL, '00000019', 1, '2018-04-01', NULL, '2018-01-01', '2019-01-01', NULL);
INSERT INTO `employee` VALUES (1952, '张洁2', '女', '1990-10-09', '420177199010093652', '未婚', 1, '海南', 5, 'zhangjie@qq.com', '13695557742', '海口市美兰区', 92, 16, 34, '劳动合同', '高中', '无', '海南侨中', '2018-01-01', NULL, '00000020', 1, '2018-01-31', NULL, '2018-01-01', '2019-01-01', NULL);
INSERT INTO `employee` VALUES (1953, '陈静3', '女', '1989-02-01', '421288198902011234', '已婚', 1, '海南', 1, 'chenjing@qq.com', '18795556693', '海南省海口市美兰区', 82, 12, 30, '劳动合同', '高中', '市场营销', '武汉大学', '2015-06-09', NULL, '00000022', 3, '2015-09-10', NULL, '2015-06-09', '2018-06-08', NULL);
INSERT INTO `employee` VALUES (1954, '鹿存亮3', '男', '1990-01-03', '610122199001031456', '已婚', 1, '陕西', 3, 'zhao@qq.com', '15612347795', '陕西省西安市莲湖区', 92, 12, 34, '劳动合同', '高中', '电子工程', '哈尔滨理工大学', '2018-01-01', NULL, '00000024', 3.5, '2018-04-01', NULL, '2018-01-01', '2021-07-14', NULL);
INSERT INTO `employee` VALUES (1955, '姚森3', '男', '1991-02-05', '610122199102058952', '已婚', 1, '河南', 3, 'yaosen@qq.com', '14785559936', '河南洛阳人民大道58号', 92, 15, 34, '劳动合同', '初中', '室内装修设计', '西北大学', '2017-01-02', NULL, '00000025', 7, '2017-04-02', NULL, '2017-01-02', '2024-01-17', NULL);
INSERT INTO `employee` VALUES (1956, '云星3', '女', '1993-01-05', '610122199301054789', '已婚', 1, '陕西西安', 1, 'yunxing@qq.com', '15644442252', '陕西西安新城区', 92, 16, 34, '劳务合同', '硕士', '通信工程', '西安电子科技学校', '2018-01-01', NULL, '00000026', 5.25, '2018-04-01', NULL, '2018-01-01', '2023-04-13', NULL);
INSERT INTO `employee` VALUES (1957, '贾旭明3', '男', '1993-11-11', '610122199311111234', '已婚', 1, '广东广州', 4, 'jiaxuming@qq.com', '15644441234', '广东省广州市天河区冼村路', 78, 15, 33, '劳务合同', '初中', '通信工程', '西北大学', '2018-01-01', NULL, '00000027', 5.25, '2018-04-01', NULL, '2018-01-01', '2023-04-13', NULL);
INSERT INTO `employee` VALUES (1958, '张黎明3', '男', '1991-02-01', '610144199102014569', '已婚', 1, '广东', 6, 'zhangliming@qq.com', '18979994478', '广东珠海', 91, 15, 33, '劳动合同', '高中', '考古', '清华大学', '2018-01-01', NULL, '00000028', 7, '2018-04-01', NULL, '2018-01-01', '2025-01-30', NULL);
INSERT INTO `employee` VALUES (1959, '薛磊3', '男', '1992-07-01', '610144199207017895', '已婚', 1, '陕西西安', 13, 'xuelei@qq.com', '15648887741', '西安市雁塔区', 92, 14, 34, '劳动合同', '初中', '无', '华胥中学', '2018-01-01', NULL, '00000029', 6, '2018-04-01', NULL, '2018-01-01', '2024-01-17', NULL);
INSERT INTO `employee` VALUES (1960, '陈静4', '女', '1989-02-01', '421288198902011234', '已婚', 1, '海南', 1, 'chenjing@qq.com', '18795556693', '海南省海口市美兰区', 82, 12, 30, '劳动合同', '高中', '市场营销', '武汉大学', '2015-06-09', NULL, '00000032', 3, '2015-09-10', NULL, '2015-06-09', '2018-06-08', NULL);
INSERT INTO `employee` VALUES (1961, '赵琳浩4', '男', '1993-03-04', '610122199303041456', '未婚', 1, '陕西', 3, 'zhao@qq.com', '15698887795', '陕西省西安市莲湖区', 91, 12, 33, '劳动合同', '博士', '电子工程', '哈尔滨理工大学', '2018-01-01', NULL, '00000033', 3.5, '2018-04-01', NULL, '2018-01-01', '2021-07-14', NULL);
INSERT INTO `employee` VALUES (1962, '鹿存亮4', '男', '1990-01-03', '610122199001031456', '已婚', 1, '陕西', 3, 'zhao@qq.com', '15612347795', '陕西省西安市莲湖区', 92, 12, 34, '劳动合同', '高中', '电子工程', '哈尔滨理工大学', '2018-01-01', NULL, '00000034', 3.5, '2018-04-01', NULL, '2018-01-01', '2021-07-14', NULL);
INSERT INTO `employee` VALUES (1963, '姚森4', '男', '1991-02-05', '610122199102058952', '已婚', 1, '河南', 3, 'yaosen@qq.com', '14785559936', '河南洛阳人民大道58号', 92, 15, 34, '劳动合同', '初中', '室内装修设计', '西北大学', '2017-01-02', NULL, '00000035', 7, '2017-04-02', NULL, '2017-01-02', '2024-01-17', NULL);
INSERT INTO `employee` VALUES (1964, '云星4', '女', '1993-01-05', '610122199301054789', '已婚', 1, '陕西西安', 1, 'yunxing@qq.com', '15644442252', '陕西西安新城区', 92, 16, 34, '劳务合同', '硕士', '通信工程', '西安电子科技学校', '2018-01-01', NULL, '00000036', 5.25, '2018-04-01', NULL, '2018-01-01', '2023-04-13', NULL);
INSERT INTO `employee` VALUES (1965, '贾旭明4', '男', '1993-11-11', '610122199311111234', '已婚', 1, '广东广州', 4, 'jiaxuming@qq.com', '15644441234', '广东省广州市天河区冼村路', 78, 15, 33, '劳务合同', '初中', '通信工程', '西北大学', '2018-01-01', NULL, '00000037', 5.25, '2018-04-01', NULL, '2018-01-01', '2023-04-13', NULL);
INSERT INTO `employee` VALUES (1966, '张黎明2', '男', '1991-02-01', '610144199102014569', '已婚', 1, '广东', 6, 'zhangliming@qq.com', '18979994478', '广东珠海', 91, 15, 33, '劳动合同', '高中', '考古', '清华大学', '2018-01-01', NULL, '00000038', 7, '2018-04-01', NULL, '2018-01-01', '2025-01-30', NULL);
INSERT INTO `employee` VALUES (1967, '薛磊4', '男', '1992-07-01', '610144199207017895', '已婚', 1, '陕西西安', 13, 'xuelei@qq.com', '15648887741', '西安市雁塔区', 92, 14, 34, '劳动合同', '初中', '无', '华胥中学', '2018-01-01', NULL, '00000039', 6, '2018-04-01', NULL, '2018-01-01', '2024-01-17', NULL);
INSERT INTO `employee` VALUES (1968, '张洁4', '女', '1990-10-09', '420177199010093652', '未婚', 1, '海南', 5, 'zhangjie@qq.com', '13695557742', '海口市美兰区', 92, 16, 34, '劳动合同', '高中', '无', '海南侨中', '2018-01-01', NULL, '00000040', 1, '2018-01-31', NULL, '2018-01-01', '2019-01-01', NULL);
INSERT INTO `employee` VALUES (1969, '陈静5', '女', '1989-02-01', '421288198902011234', '已婚', 1, '海南', 1, 'chenjing@qq.com', '18795556693', '海南省海口市美兰区', 82, 12, 30, '劳动合同', '高中', '市场营销', '武汉大学', '2015-06-09', NULL, '00000042', 3, '2015-09-10', NULL, '2015-06-09', '2018-06-08', NULL);
INSERT INTO `employee` VALUES (1970, '赵琳浩5', '男', '1993-03-04', '610122199303041456', '未婚', 1, '陕西', 3, 'zhao@qq.com', '15698887795', '陕西省西安市莲湖区', 91, 12, 33, '劳动合同', '博士', '电子工程', '哈尔滨理工大学', '2018-01-01', NULL, '00000043', 3.5, '2018-04-01', NULL, '2018-01-01', '2021-07-14', NULL);
INSERT INTO `employee` VALUES (1971, '鹿存亮5', '男', '1990-01-03', '610122199001031456', '已婚', 1, '陕西', 3, 'zhao@qq.com', '15612347795', '陕西省西安市莲湖区', 92, 12, 34, '劳动合同', '高中', '电子工程', '哈尔滨理工大学', '2018-01-01', NULL, '00000044', 3.5, '2018-04-01', NULL, '2018-01-01', '2021-07-14', NULL);
INSERT INTO `employee` VALUES (1972, '姚森5', '男', '1991-02-05', '610122199102058952', '已婚', 1, '河南', 3, 'yaosen@qq.com', '14785559936', '河南洛阳人民大道58号', 92, 15, 34, '劳动合同', '初中', '室内装修设计', '西北大学', '2017-01-02', NULL, '00000045', 7, '2017-04-02', NULL, '2017-01-02', '2024-01-17', NULL);
INSERT INTO `employee` VALUES (1973, '云星5', '女', '1993-01-05', '610122199301054789', '已婚', 1, '陕西西安', 1, 'yunxing@qq.com', '15644442252', '陕西西安新城区', 92, 16, 34, '劳务合同', '硕士', '通信工程', '西安电子科技学校', '2018-01-01', NULL, '00000046', 5.25, '2018-04-01', NULL, '2018-01-01', '2023-04-13', NULL);
INSERT INTO `employee` VALUES (1974, '贾旭明5', '男', '1993-11-11', '610122199311111234', '已婚', 1, '广东广州', 4, 'jiaxuming@qq.com', '15644441234', '广东省广州市天河区冼村路', 78, 15, 33, '劳务合同', '初中', '通信工程', '西北大学', '2018-01-01', NULL, '00000047', 5.25, '2018-04-01', NULL, '2018-01-01', '2023-04-13', NULL);
INSERT INTO `employee` VALUES (1975, '张黎明5', '男', '1991-02-01', '610144199102014569', '已婚', 1, '广东', 6, 'zhangliming@qq.com', '18979994478', '广东珠海', 91, 15, 33, '劳动合同', '高中', '考古', '清华大学', '2018-01-01', NULL, '00000048', 7, '2018-04-01', NULL, '2018-01-01', '2025-01-30', NULL);
INSERT INTO `employee` VALUES (1976, '薛磊5', '男', '1992-07-01', '610144199207017895', '已婚', 1, '陕西西安', 13, 'xuelei@qq.com', '15648887741', '西安市雁塔区', 92, 14, 34, '劳动合同', '初中', '无', '华胥中学', '2018-01-01', NULL, '00000049', 6, '2018-04-01', NULL, '2018-01-01', '2024-01-17', NULL);
INSERT INTO `employee` VALUES (1977, '张洁5', '女', '1990-10-09', '420177199010093652', '未婚', 1, '海南', 5, 'zhangjie@qq.com', '13695557742', '海口市美兰区', 92, 16, 34, '劳动合同', '高中', '无', '海南侨中', '2018-01-01', NULL, '00000050', 1, '2018-01-31', NULL, '2018-01-01', '2019-01-01', NULL);
INSERT INTO `employee` VALUES (1978, '陈静6', '女', '1989-02-01', '421288198902011234', '已婚', 1, '海南', 1, 'chenjing@qq.com', '18795556693', '海南省海口市美兰区', 82, 12, 30, '劳动合同', '高中', '市场营销', '武汉大学', '2015-06-09', NULL, '00000052', 3, '2015-09-10', NULL, '2015-06-09', '2018-06-08', NULL);
INSERT INTO `employee` VALUES (1979, '赵琳浩6', '男', '1993-03-04', '610122199303041456', '未婚', 1, '陕西', 3, 'zhao@qq.com', '15698887795', '陕西省西安市莲湖区', 91, 12, 33, '劳动合同', '博士', '电子工程', '哈尔滨理工大学', '2018-01-01', NULL, '00000053', 3.5, '2018-04-01', NULL, '2018-01-01', '2021-07-14', NULL);
INSERT INTO `employee` VALUES (1980, '鹿存亮6', '男', '1990-01-03', '610122199001031456', '已婚', 1, '陕西', 3, 'zhao@qq.com', '15612347795', '陕西省西安市莲湖区', 92, 12, 34, '劳动合同', '高中', '电子工程', '哈尔滨理工大学', '2018-01-01', NULL, '00000054', 3.5, '2018-04-01', NULL, '2018-01-01', '2021-07-14', NULL);
INSERT INTO `employee` VALUES (1981, '姚森6', '男', '1991-02-05', '610122199102058952', '已婚', 1, '河南', 3, 'yaosen@qq.com', '14785559936', '河南洛阳人民大道58号', 92, 15, 34, '劳动合同', '初中', '室内装修设计', '西北大学', '2017-01-02', NULL, '00000055', 7, '2017-04-02', NULL, '2017-01-02', '2024-01-17', NULL);
INSERT INTO `employee` VALUES (1982, '云星6', '女', '1993-01-05', '610122199301054789', '已婚', 1, '陕西西安', 1, 'yunxing@qq.com', '15644442252', '陕西西安新城区', 92, 16, 34, '劳务合同', '硕士', '通信工程', '西安电子科技学校', '2018-01-01', NULL, '00000056', 5.25, '2018-04-01', NULL, '2018-01-01', '2023-04-13', NULL);
INSERT INTO `employee` VALUES (1983, '陈静', '女', '1989-02-01', '421288198902011234', '已婚', 1, '海南', 1, 'chenjing@qq.com', '18795556693', '海南省海口市美兰区', 82, 12, 30, '劳动合同', '高中', '市场营销', '武汉大学', '2015-06-09', NULL, '00000002', 3, NULL, NULL, '2015-06-09', '2018-06-08', NULL);
INSERT INTO `employee` VALUES (1984, '赵琳浩', '男', '1993-03-04', '610122199303041456', '未婚', 1, '陕西', 3, 'zhao@qq.com', '15698887795', '陕西省西安市莲湖区', 91, 12, 33, '劳动合同', '博士', '电子工程', '哈尔滨理工大学', '2018-01-01', NULL, '00000003', 3.5, NULL, NULL, '2018-01-01', '2021-07-14', NULL);
INSERT INTO `employee` VALUES (1985, '鹿存亮', '男', '1990-01-03', '610122199001031456', '已婚', 1, '陕西', 3, 'zhao@qq.com', '15612347795', '陕西省西安市莲湖区', 92, 12, 34, '劳动合同', '高中', '电子工程', '哈尔滨理工大学', '2018-01-01', NULL, '00000004', 3.5, NULL, NULL, '2018-01-01', '2021-07-14', NULL);
INSERT INTO `employee` VALUES (1986, '姚森', '男', '1991-02-05', '610122199102058952', '已婚', 1, '河南', 3, 'yaosen@qq.com', '14785559936', '河南洛阳人民大道58号', 92, 15, 34, '劳动合同', '初中', '室内装修设计', '西北大学', '2017-01-02', NULL, '00000005', 7, NULL, NULL, '2017-01-02', '2024-01-17', NULL);
INSERT INTO `employee` VALUES (1987, '贾旭明', '男', '1993-11-11', '610122199311111234', '已婚', 1, '广东广州', 4, 'jiaxuming@qq.com', '15644441234', '广东省广州市天河区冼村路', 78, 15, 33, '劳务合同', '初中', '通信工程', '西北大学', '2018-01-01', NULL, '00000007', 5.25, NULL, NULL, '2018-01-01', '2023-04-13', NULL);
INSERT INTO `employee` VALUES (1988, '张黎明', '男', '1991-02-01', '610144199102014569', '已婚', 1, '广东', 6, 'zhangliming@qq.com', '18979994478', '广东珠海', 91, 15, 33, '劳动合同', '高中', '考古', '清华大学', '2018-01-01', NULL, '00000008', 7, NULL, NULL, '2018-01-01', '2025-01-30', NULL);
INSERT INTO `employee` VALUES (1989, '薛磊', '男', '1992-07-01', '610144199207017895', '已婚', 1, '陕西西安', 13, 'xuelei@qq.com', '15648887741', '西安市雁塔区', 92, 14, 34, '劳动合同', '初中', '无', '华胥中学', '2018-01-01', NULL, '00000009', 6, NULL, NULL, '2018-01-01', '2024-01-17', NULL);
INSERT INTO `employee` VALUES (1990, '张洁', '女', '1990-10-09', '420177199010093652', '未婚', 1, '海南', 5, 'zhangjie@qq.com', '13695557742', '海口市美兰区', 92, 16, 34, '劳动合同', '高中', '无', '海南侨中', '2018-01-01', NULL, '00000010', 1, NULL, NULL, '2018-01-01', '2019-01-01', NULL);
INSERT INTO `employee` VALUES (1991, '陈静2', '女', '1989-02-01', '421288198902011234', '已婚', 1, '海南', 1, 'chenjing@qq.com', '18795556693', '海南省海口市美兰区', 82, 12, 30, '劳动合同', '高中', '市场营销', '武汉大学', '2015-06-09', NULL, '00000012', 3, NULL, NULL, '2015-06-09', '2018-06-08', NULL);
INSERT INTO `employee` VALUES (1992, '赵琳浩2', '男', '1993-03-04', '610122199303041456', '未婚', 1, '陕西', 3, 'zhao@qq.com', '15698887795', '陕西省西安市莲湖区', 91, 12, 33, '劳动合同', '博士', '电子工程', '哈尔滨理工大学', '2018-01-01', NULL, '00000013', 3.5, NULL, NULL, '2018-01-01', '2021-07-14', NULL);
INSERT INTO `employee` VALUES (1993, '鹿存亮2', '男', '1990-01-03', '610122199001031456', '已婚', 1, '陕西', 3, 'zhao@qq.com', '15612347795', '陕西省西安市莲湖区', 92, 12, 34, '劳动合同', '高中', '电子工程', '哈尔滨理工大学', '2018-01-01', NULL, '00000014', 3.5, NULL, NULL, '2018-01-01', '2021-07-14', NULL);
INSERT INTO `employee` VALUES (1994, '姚森2', '男', '1991-02-05', '610122199102058952', '已婚', 1, '河南', 3, 'yaosen@qq.com', '14785559936', '河南洛阳人民大道58号', 92, 15, 34, '劳动合同', '初中', '室内装修设计', '西北大学', '2017-01-02', NULL, '00000015', 7, NULL, NULL, '2017-01-02', '2024-01-17', NULL);
INSERT INTO `employee` VALUES (1995, '云星2', '女', '1993-01-05', '610122199301054789', '已婚', 1, '陕西西安', 1, 'yunxing@qq.com', '15644442252', '陕西西安新城区', 92, 16, 34, '劳务合同', '硕士', '通信工程', '西安电子科技学校', '2018-01-01', NULL, '00000016', 5.25, NULL, NULL, '2018-01-01', '2023-04-13', NULL);
INSERT INTO `employee` VALUES (1996, '贾旭明2', '男', '1993-11-11', '610122199311111234', '已婚', 1, '广东广州', 4, 'jiaxuming@qq.com', '15644441234', '广东省广州市天河区冼村路', 78, 15, 33, '劳务合同', '初中', '通信工程', '西北大学', '2018-01-01', NULL, '00000017', 5.25, NULL, NULL, '2018-01-01', '2023-04-13', NULL);
INSERT INTO `employee` VALUES (1997, '王一亭', '男', '1991-02-01', '610144199102014569', '已婚', 1, '广东', 6, 'zhangliming@qq.com', '18979994478', '广东珠海', 91, 15, 33, '劳动合同', '高中', '考古', '清华大学', '2018-01-01', NULL, '00000018', 7, NULL, NULL, '2018-01-01', '2025-01-30', NULL);
INSERT INTO `employee` VALUES (1998, '薛磊2', '男', '1992-07-01', '610144199207017895', '已婚', 1, '陕西西安', 13, 'xuelei@qq.com', '15648887741', '西安市雁塔区', 92, 14, 34, '劳动合同', '初中', '无', '华胥中学', '2018-01-01', NULL, '00000019', 1, NULL, NULL, '2018-01-01', '2019-01-01', NULL);
INSERT INTO `employee` VALUES (1999, '张洁2', '女', '1990-10-09', '420177199010093652', '未婚', 1, '海南', 5, 'zhangjie@qq.com', '13695557742', '海口市美兰区', 92, 16, 34, '劳动合同', '高中', '无', '海南侨中', '2018-01-01', NULL, '00000020', 1, NULL, NULL, '2018-01-01', '2019-01-01', NULL);
INSERT INTO `employee` VALUES (2000, '陈静3', '女', '1989-02-01', '421288198902011234', '已婚', 1, '海南', 1, 'chenjing@qq.com', '18795556693', '海南省海口市美兰区', 82, 12, 30, '劳动合同', '高中', '市场营销', '武汉大学', '2015-06-09', NULL, '00000022', 3, NULL, NULL, '2015-06-09', '2018-06-08', NULL);
INSERT INTO `employee` VALUES (2001, '鹿存亮3', '男', '1990-01-03', '610122199001031456', '已婚', 1, '陕西', 3, 'zhao@qq.com', '15612347795', '陕西省西安市莲湖区', 92, 12, 34, '劳动合同', '高中', '电子工程', '哈尔滨理工大学', '2018-01-01', NULL, '00000024', 3.5, NULL, NULL, '2018-01-01', '2021-07-14', NULL);
INSERT INTO `employee` VALUES (2002, '姚森3', '男', '1991-02-05', '610122199102058952', '已婚', 1, '河南', 3, 'yaosen@qq.com', '14785559936', '河南洛阳人民大道58号', 92, 15, 34, '劳动合同', '初中', '室内装修设计', '西北大学', '2017-01-02', NULL, '00000025', 7, NULL, NULL, '2017-01-02', '2024-01-17', NULL);
INSERT INTO `employee` VALUES (2003, '云星3', '女', '1993-01-05', '610122199301054789', '已婚', 1, '陕西西安', 1, 'yunxing@qq.com', '15644442252', '陕西西安新城区', 92, 16, 34, '劳务合同', '硕士', '通信工程', '西安电子科技学校', '2018-01-01', NULL, '00000026', 5.25, NULL, NULL, '2018-01-01', '2023-04-13', NULL);
INSERT INTO `employee` VALUES (2004, '贾旭明3', '男', '1993-11-11', '610122199311111234', '已婚', 1, '广东广州', 4, 'jiaxuming@qq.com', '15644441234', '广东省广州市天河区冼村路', 78, 15, 33, '劳务合同', '初中', '通信工程', '西北大学', '2018-01-01', NULL, '00000027', 5.25, NULL, NULL, '2018-01-01', '2023-04-13', NULL);
INSERT INTO `employee` VALUES (2005, '张黎明3', '男', '1991-02-01', '610144199102014569', '已婚', 1, '广东', 6, 'zhangliming@qq.com', '18979994478', '广东珠海', 91, 15, 33, '劳动合同', '高中', '考古', '清华大学', '2018-01-01', NULL, '00000028', 7, NULL, NULL, '2018-01-01', '2025-01-30', NULL);
INSERT INTO `employee` VALUES (2006, '薛磊3', '男', '1992-07-01', '610144199207017895', '已婚', 1, '陕西西安', 13, 'xuelei@qq.com', '15648887741', '西安市雁塔区', 92, 14, 34, '劳动合同', '初中', '无', '华胥中学', '2018-01-01', NULL, '00000029', 6, NULL, NULL, '2018-01-01', '2024-01-17', NULL);
INSERT INTO `employee` VALUES (2007, '陈静4', '女', '1989-02-01', '421288198902011234', '已婚', 1, '海南', 1, 'chenjing@qq.com', '18795556693', '海南省海口市美兰区', 82, 12, 30, '劳动合同', '高中', '市场营销', '武汉大学', '2015-06-09', NULL, '00000032', 3, NULL, NULL, '2015-06-09', '2018-06-08', NULL);
INSERT INTO `employee` VALUES (2008, '赵琳浩4', '男', '1993-03-04', '610122199303041456', '未婚', 1, '陕西', 3, 'zhao@qq.com', '15698887795', '陕西省西安市莲湖区', 91, 12, 33, '劳动合同', '博士', '电子工程', '哈尔滨理工大学', '2018-01-01', NULL, '00000033', 3.5, NULL, NULL, '2018-01-01', '2021-07-14', NULL);
INSERT INTO `employee` VALUES (2009, '鹿存亮4', '男', '1990-01-03', '610122199001031456', '已婚', 1, '陕西', 3, 'zhao@qq.com', '15612347795', '陕西省西安市莲湖区', 92, 12, 34, '劳动合同', '高中', '电子工程', '哈尔滨理工大学', '2018-01-01', NULL, '00000034', 3.5, NULL, NULL, '2018-01-01', '2021-07-14', NULL);
INSERT INTO `employee` VALUES (2010, '姚森4', '男', '1991-02-05', '610122199102058952', '已婚', 1, '河南', 3, 'yaosen@qq.com', '14785559936', '河南洛阳人民大道58号', 92, 15, 34, '劳动合同', '初中', '室内装修设计', '西北大学', '2017-01-02', NULL, '00000035', 7, NULL, NULL, '2017-01-02', '2024-01-17', NULL);
INSERT INTO `employee` VALUES (2011, '云星4', '女', '1993-01-05', '610122199301054789', '已婚', 1, '陕西西安', 1, 'yunxing@qq.com', '15644442252', '陕西西安新城区', 92, 16, 34, '劳务合同', '硕士', '通信工程', '西安电子科技学校', '2018-01-01', NULL, '00000036', 5.25, NULL, NULL, '2018-01-01', '2023-04-13', NULL);
INSERT INTO `employee` VALUES (2012, '贾旭明4', '男', '1993-11-11', '610122199311111234', '已婚', 1, '广东广州', 4, 'jiaxuming@qq.com', '15644441234', '广东省广州市天河区冼村路', 78, 15, 33, '劳务合同', '初中', '通信工程', '西北大学', '2018-01-01', NULL, '00000037', 5.25, NULL, NULL, '2018-01-01', '2023-04-13', NULL);
INSERT INTO `employee` VALUES (2013, '谢工', '女', '1970-01-01', '618177197001011234', '离异', 1, '江苏', 1, '584991843@qq.com', '18558887788', '北京', 91, 12, 29, '劳动合同', '本科', '计算机软件', '南华大学', '2018-01-01', NULL, '00000038', 5, '2019-01-01', NULL, '2018-01-01', '2023-01-01', NULL);
INSERT INTO `employee` VALUES (2014, '林昭亮', '男', '1990-01-01', '610122199809091234', '已婚', 1, '广东', 13, '584991843@qq.com', '16767776654', '广东深圳', 91, 15, 33, '劳动合同', '大专', '计算机软件', '广东职业技术学院', '2018-01-01', NULL, '00000039', 5, '2018-04-01', NULL, '2018-01-01', '2023-01-01', NULL);
INSERT INTO `employee` VALUES (2016, '陈静', '女', '1989-02-01', '421288198902011234', '已婚', 1, '海南', 1, 'chenjing@qq.com', '18795556693', '海南省海口市美兰区', 8, 12, 30, '劳动合同', '高中', '市场营销', '武汉大学', '2015-06-09', NULL, '00000002', 3, NULL, NULL, '2015-06-09', '2018-06-08', NULL);
INSERT INTO `employee` VALUES (2017, '赵琳浩', '男', '1993-03-04', '610122199303041456', '未婚', 1, '陕西', 3, 'zhao@qq.com', '15698887795', '陕西省西安市莲湖区', 91, 12, 33, '劳动合同', '博士', '电子工程', '哈尔滨理工大学', '2018-01-01', NULL, '00000003', 3.5, NULL, NULL, '2018-01-01', '2021-07-14', NULL);
INSERT INTO `employee` VALUES (2018, '鹿存亮', '男', '1990-01-03', '610122199001031456', '已婚', 1, '陕西', 3, 'zhao@qq.com', '15612347795', '陕西省西安市莲湖区', 92, 12, 34, '劳动合同', '高中', '电子工程', '哈尔滨理工大学', '2018-01-01', NULL, '00000004', 3.5, NULL, NULL, '2018-01-01', '2021-07-14', NULL);
INSERT INTO `employee` VALUES (2019, '姚森', '男', '1991-02-05', '610122199102058952', '已婚', 1, '河南', 3, 'yaosen@qq.com', '14785559936', '河南洛阳人民大道58号', 92, 15, 34, '劳动合同', '硕士', '室内装修设计', '西北大学', '2017-01-02', NULL, '00000005', 7, NULL, NULL, '2017-01-02', '2024-01-17', NULL);
INSERT INTO `employee` VALUES (2020, '云星', '女', '1993-01-05', '610122199301054789', '已婚', 1, '陕西西安', 1, 'yunxing@qq.com', '15644442252', '陕西西安新城区', 92, 16, 34, '劳务合同', '硕士', '通信工程', '西安电子科技学校', '2018-01-01', NULL, '00000006', 5.25, NULL, NULL, '2018-01-01', '2023-04-13', NULL);
INSERT INTO `employee` VALUES (2021, '贾旭明', '男', '1993-11-11', '610122199311111234', '已婚', 1, '广东广州', 4, 'jiaxuming@qq.com', '15644441234', '广东省广州市天河区冼村路', 78, 15, 33, '劳务合同', '初中', '通信工程', '西北大学', '2018-01-01', NULL, '00000007', 5.25, NULL, NULL, '2018-01-01', '2023-04-13', NULL);
INSERT INTO `employee` VALUES (2022, '张黎明', '男', '1991-02-01', '610144199102014569', '已婚', 1, '广东', 6, 'zhangliming@qq.com', '18979994478', '广东珠海', 91, 15, 33, '劳动合同', '高中', '考古', '清华大学', '2018-01-01', NULL, '00000008', 7, NULL, NULL, '2018-01-01', '2025-01-30', NULL);
INSERT INTO `employee` VALUES (2023, '薛磊', '男', '1992-07-01', '610144199207017895', '已婚', 1, '陕西西安', 13, 'xuelei@qq.com', '15648887741', '西安市雁塔区', 92, 14, 34, '劳动合同', '初中', '无', '华胥中学', '2018-01-01', NULL, '00000009', 6, NULL, NULL, '2018-01-01', '2024-01-17', NULL);
INSERT INTO `employee` VALUES (2025, '陈静2', '女', '1989-02-01', '421288198902011234', '已婚', 1, '海南', 1, 'chenjing@qq.com', '18795556693', '海南省海口市美兰区', 82, 12, 30, '劳动合同', '高中', '市场营销', '武汉大学', '2015-06-09', NULL, '00000012', 3, NULL, NULL, '2015-06-09', '2018-06-08', NULL);
INSERT INTO `employee` VALUES (2026, '赵琳浩2', '男', '1993-03-04', '610122199303041456', '未婚', 1, '陕西', 3, 'zhao@qq.com', '15698887795', '陕西省西安市莲湖区', 91, 12, 33, '劳动合同', '博士', '电子工程', '哈尔滨理工大学', '2018-01-01', NULL, '00000013', 3.5, NULL, NULL, '2018-01-01', '2021-07-14', NULL);
INSERT INTO `employee` VALUES (2027, '鹿存亮2', '男', '1990-01-03', '610122199001031456', '已婚', 1, '陕西', 3, 'zhao@qq.com', '15612347795', '陕西省西安市莲湖区', 92, 12, 34, '劳动合同', '高中', '电子工程', '哈尔滨理工大学', '2018-01-01', NULL, '00000014', 3.5, NULL, NULL, '2018-01-01', '2021-07-14', NULL);
INSERT INTO `employee` VALUES (2028, '姚森2', '男', '1991-02-05', '610122199102058952', '已婚', 1, '河南', 3, 'yaosen@qq.com', '14785559936', '河南洛阳人民大道58号', 92, 15, 34, '劳动合同', '初中', '室内装修设计', '西北大学', '2017-01-02', NULL, '00000015', 7, NULL, NULL, '2017-01-02', '2024-01-17', NULL);
INSERT INTO `employee` VALUES (2029, '云星2', '女', '1993-01-05', '610122199301054789', '已婚', 1, '陕西西安', 1, 'yunxing@qq.com', '15644442252', '陕西西安新城区', 92, 16, 34, '劳务合同', '硕士', '通信工程', '西安电子科技学校', '2018-01-01', NULL, '00000016', 5.25, NULL, NULL, '2018-01-01', '2023-04-13', NULL);
INSERT INTO `employee` VALUES (2030, '贾旭明2', '男', '1993-11-11', '610122199311111234', '已婚', 1, '广东广州', 4, 'jiaxuming@qq.com', '15644441234', '广东省广州市天河区冼村路', 78, 15, 33, '劳务合同', '初中', '通信工程', '西北大学', '2018-01-01', NULL, '00000017', 5.25, NULL, NULL, '2018-01-01', '2023-04-13', NULL);
INSERT INTO `employee` VALUES (2031, '王一亭', '男', '1991-02-01', '610144199102014569', '已婚', 1, '广东', 6, 'zhangliming@qq.com', '18979994478', '广东珠海', 91, 15, 33, '劳动合同', '高中', '考古', '清华大学', '2018-01-01', NULL, '00000018', 7, NULL, NULL, '2018-01-01', '2025-01-30', NULL);
INSERT INTO `employee` VALUES (2032, '薛磊2', '男', '1992-07-01', '610144199207017895', '已婚', 1, '陕西西安', 13, 'xuelei@qq.com', '15648887741', '西安市雁塔区', 92, 14, 34, '劳动合同', '初中', '无', '华胥中学', '2018-01-01', NULL, '00000019', 1, NULL, NULL, '2018-01-01', '2019-01-01', NULL);
INSERT INTO `employee` VALUES (2033, '张洁2', '女', '1990-10-09', '420177199010093652', '未婚', 1, '海南', 5, 'zhangjie@qq.com', '13695557742', '海口市美兰区', 92, 16, 34, '劳动合同', '高中', '无', '海南侨中', '2018-01-01', NULL, '00000020', 1, NULL, NULL, '2018-01-01', '2019-01-01', NULL);
INSERT INTO `employee` VALUES (2034, '陈静3', '女', '1989-02-01', '421288198902011234', '已婚', 1, '海南', 1, 'chenjing@qq.com', '18795556693', '海南省海口市美兰区', 82, 12, 30, '劳动合同', '高中', '市场营销', '武汉大学', '2015-06-09', NULL, '00000022', 3, NULL, NULL, '2015-06-09', '2018-06-08', NULL);
INSERT INTO `employee` VALUES (2035, '鹿存亮3', '男', '1990-01-03', '610122199001031456', '已婚', 1, '陕西', 3, 'zhao@qq.com', '15612347795', '陕西省西安市莲湖区', 92, 12, 34, '劳动合同', '高中', '电子工程', '哈尔滨理工大学', '2018-01-01', NULL, '00000024', 3.5, NULL, NULL, '2018-01-01', '2021-07-14', NULL);
INSERT INTO `employee` VALUES (2036, '姚森3', '男', '1991-02-05', '610122199102058952', '已婚', 1, '河南', 3, 'yaosen@qq.com', '14785559936', '河南洛阳人民大道58号', 92, 15, 34, '劳动合同', '初中', '室内装修设计', '西北大学', '2017-01-02', NULL, '00000025', 7, NULL, NULL, '2017-01-02', '2024-01-17', NULL);
INSERT INTO `employee` VALUES (2037, '云星3', '女', '1993-01-05', '610122199301054789', '已婚', 1, '陕西西安', 1, 'yunxing@qq.com', '15644442252', '陕西西安新城区', 92, 16, 34, '劳务合同', '硕士', '通信工程', '西安电子科技学校', '2018-01-01', NULL, '00000026', 5.25, NULL, NULL, '2018-01-01', '2023-04-13', NULL);
INSERT INTO `employee` VALUES (2038, '贾旭明3', '男', '1993-11-11', '610122199311111234', '已婚', 1, '广东广州', 4, 'jiaxuming@qq.com', '15644441234', '广东省广州市天河区冼村路', 78, 15, 33, '劳务合同', '初中', '通信工程', '西北大学', '2018-01-01', NULL, '00000027', 5.25, NULL, NULL, '2018-01-01', '2023-04-13', NULL);
INSERT INTO `employee` VALUES (2039, '张黎明3', '男', '1991-02-01', '610144199102014569', '已婚', 1, '广东', 6, 'zhangliming@qq.com', '18979994478', '广东珠海', 91, 15, 33, '劳动合同', '高中', '考古', '清华大学', '2018-01-01', NULL, '00000028', 7, NULL, NULL, '2018-01-01', '2025-01-30', NULL);
INSERT INTO `employee` VALUES (2040, '薛磊3', '男', '1992-07-01', '610144199207017895', '已婚', 1, '陕西西安', 13, 'xuelei@qq.com', '15648887741', '西安市雁塔区', 92, 14, 34, '劳动合同', '初中', '无', '华胥中学', '2018-01-01', NULL, '00000029', 6, NULL, NULL, '2018-01-01', '2024-01-17', NULL);
INSERT INTO `employee` VALUES (2041, '陈静4', '女', '1989-02-01', '421288198902011234', '已婚', 1, '海南', 1, 'chenjing@qq.com', '18795556693', '海南省海口市美兰区', 82, 12, 30, '劳动合同', '高中', '市场营销', '武汉大学', '2015-06-09', NULL, '00000032', 3, NULL, NULL, '2015-06-09', '2018-06-08', NULL);
INSERT INTO `employee` VALUES (2042, '赵琳浩4', '男', '1993-03-04', '610122199303041456', '未婚', 1, '陕西', 3, 'zhao@qq.com', '15698887795', '陕西省西安市莲湖区', 91, 12, 33, '劳动合同', '博士', '电子工程', '哈尔滨理工大学', '2018-01-01', NULL, '00000033', 3.5, NULL, NULL, '2018-01-01', '2021-07-14', NULL);
INSERT INTO `employee` VALUES (2043, '鹿存亮4', '男', '1990-01-03', '610122199001031456', '已婚', 1, '陕西', 3, 'zhao@qq.com', '15612347795', '陕西省西安市莲湖区', 92, 12, 34, '劳动合同', '高中', '电子工程', '哈尔滨理工大学', '2018-01-01', NULL, '00000034', 3.5, NULL, NULL, '2018-01-01', '2021-07-14', NULL);
INSERT INTO `employee` VALUES (2044, '姚森4', '男', '1991-02-05', '610122199102058952', '已婚', 1, '河南', 3, 'yaosen@qq.com', '14785559936', '河南洛阳人民大道58号', 92, 15, 34, '劳动合同', '初中', '室内装修设计', '西北大学', '2017-01-02', NULL, '00000035', 7, NULL, NULL, '2017-01-02', '2024-01-17', NULL);
INSERT INTO `employee` VALUES (2045, '云星4', '女', '1993-01-05', '610122199301054789', '已婚', 1, '陕西西安', 1, 'yunxing@qq.com', '15644442252', '陕西西安新城区', 92, 16, 34, '劳务合同', '硕士', '通信工程', '西安电子科技学校', '2018-01-01', NULL, '00000036', 5.25, NULL, NULL, '2018-01-01', '2023-04-13', NULL);
INSERT INTO `employee` VALUES (2046, '贾旭明4', '男', '1993-11-11', '610122199311111234', '已婚', 1, '广东广州', 4, 'jiaxuming@qq.com', '15644441234', '广东省广州市天河区冼村路', 78, 15, 33, '劳务合同', '初中', '通信工程', '西北大学', '2018-01-01', NULL, '00000037', 5.25, NULL, NULL, '2018-01-01', '2023-04-13', NULL);
INSERT INTO `employee` VALUES (2047, '张黎明2', '男', '1991-02-01', '610144199102014569', '已婚', 1, '广东', 6, 'zhangliming@qq.com', '18979994478', '广东珠海', 91, 15, 33, '劳动合同', '高中', '考古', '清华大学', '2018-01-01', NULL, '00000038', 7, NULL, NULL, '2018-01-01', '2025-01-30', NULL);
INSERT INTO `employee` VALUES (2048, '薛磊4', '男', '1992-07-01', '610144199207017895', '已婚', 1, '陕西西安', 13, 'xuelei@qq.com', '15648887741', '西安市雁塔区', 92, 14, 34, '劳动合同', '初中', '无', '华胥中学', '2018-01-01', NULL, '00000039', 6, NULL, NULL, '2018-01-01', '2024-01-17', NULL);
INSERT INTO `employee` VALUES (2049, '张洁4', '女', '1990-10-09', '420177199010093652', '未婚', 1, '海南', 5, 'zhangjie@qq.com', '13695557742', '海口市美兰区', 92, 16, 34, '劳动合同', '高中', '无', '海南侨中', '2018-01-01', NULL, '00000040', 1, NULL, NULL, '2018-01-01', '2019-01-01', NULL);
INSERT INTO `employee` VALUES (2050, '陈静5', '女', '1989-02-01', '421288198902011234', '已婚', 1, '海南', 1, 'chenjing@qq.com', '18795556693', '海南省海口市美兰区', 82, 12, 30, '劳动合同', '高中', '市场营销', '武汉大学', '2015-06-09', NULL, '00000042', 3, NULL, NULL, '2015-06-09', '2018-06-08', NULL);
INSERT INTO `employee` VALUES (2051, '赵琳浩5', '男', '1993-03-04', '610122199303041456', '未婚', 1, '陕西', 3, 'zhao@qq.com', '15698887795', '陕西省西安市莲湖区', 91, 12, 33, '劳动合同', '博士', '电子工程', '哈尔滨理工大学', '2018-01-01', NULL, '00000043', 3.5, NULL, NULL, '2018-01-01', '2021-07-14', NULL);
INSERT INTO `employee` VALUES (2052, '鹿存亮5', '男', '1990-01-03', '610122199001031456', '已婚', 1, '陕西', 3, 'zhao@qq.com', '15612347795', '陕西省西安市莲湖区', 92, 12, 34, '劳动合同', '高中', '电子工程', '哈尔滨理工大学', '2018-01-01', NULL, '00000044', 3.5, NULL, NULL, '2018-01-01', '2021-07-14', NULL);
INSERT INTO `employee` VALUES (2053, '姚森5', '男', '1991-02-05', '610122199102058952', '已婚', 1, '河南', 3, 'yaosen@qq.com', '14785559936', '河南洛阳人民大道58号', 92, 15, 34, '劳动合同', '初中', '室内装修设计', '西北大学', '2017-01-02', NULL, '00000045', 7, NULL, NULL, '2017-01-02', '2024-01-17', NULL);
INSERT INTO `employee` VALUES (2054, '云星5', '女', '1993-01-05', '610122199301054789', '已婚', 1, '陕西西安', 1, 'yunxing@qq.com', '15644442252', '陕西西安新城区', 92, 16, 34, '劳务合同', '硕士', '通信工程', '西安电子科技学校', '2018-01-01', NULL, '00000046', 5.25, NULL, NULL, '2018-01-01', '2023-04-13', NULL);
INSERT INTO `employee` VALUES (2055, '贾旭明5', '男', '1993-11-11', '610122199311111234', '已婚', 1, '广东广州', 4, 'jiaxuming@qq.com', '15644441234', '广东省广州市天河区冼村路', 78, 15, 33, '劳务合同', '初中', '通信工程', '西北大学', '2018-01-01', NULL, '00000047', 5.25, NULL, NULL, '2018-01-01', '2023-04-13', NULL);
INSERT INTO `employee` VALUES (2056, '张黎明5', '男', '1991-02-01', '610144199102014569', '已婚', 1, '广东', 6, 'zhangliming@qq.com', '18979994478', '广东珠海', 91, 15, 33, '劳动合同', '高中', '考古', '清华大学', '2018-01-01', NULL, '00000048', 7, NULL, NULL, '2018-01-01', '2025-01-30', NULL);
INSERT INTO `employee` VALUES (2057, '薛磊5', '男', '1992-07-01', '610144199207017895', '已婚', 1, '陕西西安', 13, 'xuelei@qq.com', '15648887741', '西安市雁塔区', 92, 14, 34, '劳动合同', '初中', '无', '华胥中学', '2018-01-01', NULL, '00000049', 6, NULL, NULL, '2018-01-01', '2024-01-17', NULL);
INSERT INTO `employee` VALUES (2058, '张洁5', '女', '1990-10-09', '420177199010093652', '未婚', 1, '海南', 5, 'zhangjie@qq.com', '13695557742', '海口市美兰区', 92, 16, 34, '劳动合同', '高中', '无', '海南侨中', '2018-01-01', NULL, '00000050', 1, NULL, NULL, '2018-01-01', '2019-01-01', NULL);
INSERT INTO `employee` VALUES (2059, '陈静6', '女', '1989-02-01', '421288198902011234', '已婚', 1, '海南', 1, 'chenjing@qq.com', '18795556693', '海南省海口市美兰区', 82, 12, 30, '劳动合同', '高中', '市场营销', '武汉大学', '2015-06-09', NULL, '00000052', 3, NULL, NULL, '2015-06-09', '2018-06-08', NULL);
INSERT INTO `employee` VALUES (2060, '赵琳浩6', '男', '1993-03-04', '610122199303041456', '未婚', 1, '陕西', 3, 'zhao@qq.com', '15698887795', '陕西省西安市莲湖区', 91, 12, 33, '劳动合同', '博士', '电子工程', '哈尔滨理工大学', '2018-01-01', NULL, '00000053', 3.5, NULL, NULL, '2018-01-01', '2021-07-14', NULL);
INSERT INTO `employee` VALUES (2061, '鹿存亮6', '男', '1990-01-03', '610122199001031456', '已婚', 1, '陕西', 3, 'zhao@qq.com', '15612347795', '陕西省西安市莲湖区', 92, 12, 34, '劳动合同', '高中', '电子工程', '哈尔滨理工大学', '2018-01-01', NULL, '00000054', 3.5, NULL, NULL, '2018-01-01', '2021-07-14', NULL);
INSERT INTO `employee` VALUES (2062, '姚森6', '男', '1991-02-05', '610122199102058952', '已婚', 1, '河南', 3, 'yaosen@qq.com', '14785559936', '河南洛阳人民大道58号', 92, 15, 34, '劳动合同', '初中', '室内装修设计', '西北大学', '2017-01-02', NULL, '00000055', 7, NULL, NULL, '2017-01-02', '2024-01-17', NULL);
INSERT INTO `employee` VALUES (2063, '云星6', '女', '1993-01-05', '610122199301054789', '已婚', 1, '陕西西安', 1, 'yunxing@qq.com', '15644442252', '陕西西安新城区', 92, 16, 34, '劳务合同', '硕士', '通信工程', '西安电子科技学校', '2018-01-01', NULL, '00000056', 5.25, NULL, NULL, '2018-01-01', '2023-04-13', NULL);
INSERT INTO `employee` VALUES (2064, '陈静', '女', '1989-02-01', '421288198902011234', '已婚', 1, '海南', 1, 'chenjing@qq.com', '18795556693', '海南省海口市美兰区', 82, 12, 30, '劳动合同', '高中', '市场营销', '武汉大学', '2015-06-09', NULL, '00000002', 3, NULL, NULL, '2015-06-09', '2018-06-08', NULL);
INSERT INTO `employee` VALUES (2065, '赵琳浩', '男', '1993-03-04', '610122199303041456', '未婚', 1, '陕西', 3, 'zhao@qq.com', '15698887795', '陕西省西安市莲湖区', 91, 12, 33, '劳动合同', '博士', '电子工程', '哈尔滨理工大学', '2018-01-01', NULL, '00000003', 3.5, NULL, NULL, '2018-01-01', '2021-07-14', NULL);
INSERT INTO `employee` VALUES (2066, '鹿存亮', '男', '1990-01-03', '610122199001031456', '已婚', 1, '陕西', 3, 'zhao@qq.com', '15612347795', '陕西省西安市莲湖区', 92, 12, 34, '劳动合同', '高中', '电子工程', '哈尔滨理工大学', '2018-01-01', NULL, '00000004', 3.5, NULL, NULL, '2018-01-01', '2021-07-14', NULL);
INSERT INTO `employee` VALUES (2067, '姚森', '男', '1991-02-05', '610122199102058952', '已婚', 1, '河南', 3, 'yaosen@qq.com', '14785559936', '河南洛阳人民大道58号', 92, 15, 34, '劳动合同', '初中', '室内装修设计', '西北大学', '2017-01-02', NULL, '00000005', 7, NULL, NULL, '2017-01-02', '2024-01-17', NULL);
INSERT INTO `employee` VALUES (2068, '贾旭明', '男', '1993-11-11', '610122199311111234', '已婚', 1, '广东广州', 4, 'jiaxuming@qq.com', '15644441234', '广东省广州市天河区冼村路', 78, 15, 33, '劳务合同', '初中', '通信工程', '西北大学', '2018-01-01', NULL, '00000007', 5.25, NULL, NULL, '2018-01-01', '2023-04-13', NULL);
INSERT INTO `employee` VALUES (2069, '张黎明', '男', '1991-02-01', '610144199102014569', '已婚', 1, '广东', 6, 'zhangliming@qq.com', '18979994478', '广东珠海', 91, 15, 33, '劳动合同', '高中', '考古', '清华大学', '2018-01-01', NULL, '00000008', 7, NULL, NULL, '2018-01-01', '2025-01-30', NULL);
INSERT INTO `employee` VALUES (2070, '薛磊', '男', '1992-07-01', '610144199207017895', '已婚', 1, '陕西西安', 13, 'xuelei@qq.com', '15648887741', '西安市雁塔区', 92, 14, 34, '劳动合同', '初中', '无', '华胥中学', '2018-01-01', NULL, '00000009', 6, NULL, NULL, '2018-01-01', '2024-01-17', NULL);
INSERT INTO `employee` VALUES (2071, '张洁', '女', '1990-10-09', '420177199010093652', '未婚', 1, '海南', 5, 'zhangjie@qq.com', '13695557742', '海口市美兰区', 92, 16, 34, '劳动合同', '高中', '无', '海南侨中', '2018-01-01', NULL, '00000010', 1, NULL, NULL, '2018-01-01', '2019-01-01', NULL);
INSERT INTO `employee` VALUES (2072, '陈静2', '女', '1989-02-01', '421288198902011234', '已婚', 1, '海南', 1, 'chenjing@qq.com', '18795556693', '海南省海口市美兰区', 82, 12, 30, '劳动合同', '高中', '市场营销', '武汉大学', '2015-06-09', NULL, '00000012', 3, NULL, NULL, '2015-06-09', '2018-06-08', NULL);
INSERT INTO `employee` VALUES (2073, '赵琳浩2', '男', '1993-03-04', '610122199303041456', '未婚', 1, '陕西', 3, 'zhao@qq.com', '15698887795', '陕西省西安市莲湖区', 91, 12, 33, '劳动合同', '博士', '电子工程', '哈尔滨理工大学', '2018-01-01', NULL, '00000013', 3.5, NULL, NULL, '2018-01-01', '2021-07-14', NULL);
INSERT INTO `employee` VALUES (2074, '鹿存亮2', '男', '1990-01-03', '610122199001031456', '已婚', 1, '陕西', 3, 'zhao@qq.com', '15612347795', '陕西省西安市莲湖区', 92, 12, 34, '劳动合同', '高中', '电子工程', '哈尔滨理工大学', '2018-01-01', NULL, '00000014', 3.5, NULL, NULL, '2018-01-01', '2021-07-14', NULL);
INSERT INTO `employee` VALUES (2075, '姚森2', '男', '1991-02-05', '610122199102058952', '已婚', 1, '河南', 3, 'yaosen@qq.com', '14785559936', '河南洛阳人民大道58号', 92, 15, 34, '劳动合同', '初中', '室内装修设计', '西北大学', '2017-01-02', NULL, '00000015', 7, NULL, NULL, '2017-01-02', '2024-01-17', NULL);
INSERT INTO `employee` VALUES (2076, '云星2', '女', '1993-01-05', '610122199301054789', '已婚', 1, '陕西西安', 1, 'yunxing@qq.com', '15644442252', '陕西西安新城区', 92, 16, 34, '劳务合同', '硕士', '通信工程', '西安电子科技学校', '2018-01-01', NULL, '00000016', 5.25, NULL, NULL, '2018-01-01', '2023-04-13', NULL);
INSERT INTO `employee` VALUES (2077, '贾旭明2', '男', '1993-11-11', '610122199311111234', '已婚', 1, '广东广州', 4, 'jiaxuming@qq.com', '15644441234', '广东省广州市天河区冼村路', 78, 15, 33, '劳务合同', '初中', '通信工程', '西北大学', '2018-01-01', NULL, '00000017', 5.25, NULL, NULL, '2018-01-01', '2023-04-13', NULL);
INSERT INTO `employee` VALUES (2078, '王一亭', '男', '1991-02-01', '610144199102014569', '已婚', 1, '广东', 6, 'zhangliming@qq.com', '18979994478', '广东珠海', 91, 15, 33, '劳动合同', '高中', '考古', '清华大学', '2018-01-01', NULL, '00000018', 7, NULL, NULL, '2018-01-01', '2025-01-30', NULL);
INSERT INTO `employee` VALUES (2079, '薛磊2', '男', '1992-07-01', '610144199207017895', '已婚', 1, '陕西西安', 13, 'xuelei@qq.com', '15648887741', '西安市雁塔区', 92, 14, 34, '劳动合同', '初中', '无', '华胥中学', '2018-01-01', NULL, '00000019', 1, NULL, NULL, '2018-01-01', '2019-01-01', NULL);
INSERT INTO `employee` VALUES (2080, '张洁2', '女', '1990-10-09', '420177199010093652', '未婚', 1, '海南', 5, 'zhangjie@qq.com', '13695557742', '海口市美兰区', 92, 16, 34, '劳动合同', '高中', '无', '海南侨中', '2018-01-01', NULL, '00000020', 1, NULL, NULL, '2018-01-01', '2019-01-01', NULL);
INSERT INTO `employee` VALUES (2081, '陈静3', '女', '1989-02-01', '421288198902011234', '已婚', 1, '海南', 1, 'chenjing@qq.com', '18795556693', '海南省海口市美兰区', 82, 12, 30, '劳动合同', '高中', '市场营销', '武汉大学', '2015-06-09', NULL, '00000022', 3, NULL, NULL, '2015-06-09', '2018-06-08', NULL);
INSERT INTO `employee` VALUES (2082, '鹿存亮3', '男', '1990-01-03', '610122199001031456', '已婚', 1, '陕西', 3, 'zhao@qq.com', '15612347795', '陕西省西安市莲湖区', 92, 12, 34, '劳动合同', '高中', '电子工程', '哈尔滨理工大学', '2018-01-01', NULL, '00000024', 3.5, NULL, NULL, '2018-01-01', '2021-07-14', NULL);
INSERT INTO `employee` VALUES (2083, '姚森3', '男', '1991-02-05', '610122199102058952', '已婚', 1, '河南', 3, 'yaosen@qq.com', '14785559936', '河南洛阳人民大道58号', 92, 15, 34, '劳动合同', '初中', '室内装修设计', '西北大学', '2017-01-02', NULL, '00000025', 7, NULL, NULL, '2017-01-02', '2024-01-17', NULL);
INSERT INTO `employee` VALUES (2084, '云星3', '女', '1993-01-05', '610122199301054789', '已婚', 1, '陕西西安', 1, 'yunxing@qq.com', '15644442252', '陕西西安新城区', 92, 16, 34, '劳务合同', '硕士', '通信工程', '西安电子科技学校', '2018-01-01', NULL, '00000026', 5.25, NULL, NULL, '2018-01-01', '2023-04-13', NULL);
INSERT INTO `employee` VALUES (2085, '贾旭明3', '男', '1993-11-11', '610122199311111234', '已婚', 1, '广东广州', 4, 'jiaxuming@qq.com', '15644441234', '广东省广州市天河区冼村路', 78, 15, 33, '劳务合同', '初中', '通信工程', '西北大学', '2018-01-01', NULL, '00000027', 5.25, NULL, NULL, '2018-01-01', '2023-04-13', NULL);
INSERT INTO `employee` VALUES (2086, '张黎明3', '男', '1991-02-01', '610144199102014569', '已婚', 1, '广东', 6, 'zhangliming@qq.com', '18979994478', '广东珠海', 91, 15, 33, '劳动合同', '高中', '考古', '清华大学', '2018-01-01', NULL, '00000028', 7, NULL, NULL, '2018-01-01', '2025-01-30', NULL);
INSERT INTO `employee` VALUES (2087, '薛磊3', '男', '1992-07-01', '610144199207017895', '已婚', 1, '陕西西安', 13, 'xuelei@qq.com', '15648887741', '西安市雁塔区', 92, 14, 34, '劳动合同', '初中', '无', '华胥中学', '2018-01-01', NULL, '00000029', 6, NULL, NULL, '2018-01-01', '2024-01-17', NULL);
INSERT INTO `employee` VALUES (2088, '陈静4', '女', '1989-02-01', '421288198902011234', '已婚', 1, '海南', 1, 'chenjing@qq.com', '18795556693', '海南省海口市美兰区', 82, 12, 30, '劳动合同', '高中', '市场营销', '武汉大学', '2015-06-09', NULL, '00000032', 3, NULL, NULL, '2015-06-09', '2018-06-08', NULL);
INSERT INTO `employee` VALUES (2089, '赵琳浩4', '男', '1993-03-04', '610122199303041456', '未婚', 1, '陕西', 3, 'zhao@qq.com', '15698887795', '陕西省西安市莲湖区', 91, 12, 33, '劳动合同', '博士', '电子工程', '哈尔滨理工大学', '2018-01-01', NULL, '00000033', 3.5, NULL, NULL, '2018-01-01', '2021-07-14', NULL);
INSERT INTO `employee` VALUES (2090, '鹿存亮4', '男', '1990-01-03', '610122199001031456', '已婚', 1, '陕西', 3, 'zhao@qq.com', '15612347795', '陕西省西安市莲湖区', 92, 12, 34, '劳动合同', '高中', '电子工程', '哈尔滨理工大学', '2018-01-01', NULL, '00000034', 3.5, NULL, NULL, '2018-01-01', '2021-07-14', NULL);
INSERT INTO `employee` VALUES (2091, '姚森4', '男', '1991-02-05', '610122199102058952', '已婚', 1, '河南', 3, 'yaosen@qq.com', '14785559936', '河南洛阳人民大道58号', 92, 15, 34, '劳动合同', '初中', '室内装修设计', '西北大学', '2017-01-02', NULL, '00000035', 7, NULL, NULL, '2017-01-02', '2024-01-17', NULL);
INSERT INTO `employee` VALUES (2092, '云星4', '女', '1993-01-05', '610122199301054789', '已婚', 1, '陕西西安', 1, 'yunxing@qq.com', '15644442252', '陕西西安新城区', 92, 16, 34, '劳务合同', '硕士', '通信工程', '西安电子科技学校', '2018-01-01', NULL, '00000036', 5.25, NULL, NULL, '2018-01-01', '2023-04-13', NULL);
INSERT INTO `employee` VALUES (2093, '贾旭明4', '男', '1993-11-11', '610122199311111234', '已婚', 1, '广东广州', 4, 'jiaxuming@qq.com', '15644441234', '广东省广州市天河区冼村路', 78, 15, 33, '劳务合同', '初中', '通信工程', '西北大学', '2018-01-01', NULL, '00000037', 5.25, NULL, NULL, '2018-01-01', '2023-04-13', NULL);
INSERT INTO `employee` VALUES (2094, '谢工', '女', '1970-01-01', '618177197001011234', '离异', 1, '江苏', 1, '584991843@qq.com', '18558887788', '北京', 91, 12, 29, '劳动合同', '本科', '计算机软件', '南华大学', '2018-01-01', NULL, '00000038', 5, NULL, NULL, '2018-01-01', '2023-01-01', NULL);
INSERT INTO `employee` VALUES (2095, '林昭亮', '男', '1990-01-01', '610122199809091234', '已婚', 1, '广东', 13, '584991843@qq.com', '16767776654', '广东深圳', 91, 15, 33, '劳动合同', '大专', '计算机软件', '广东职业技术学院', '2018-01-01', NULL, '00000039', 5, NULL, NULL, '2018-01-01', '2023-01-01', NULL);
INSERT INTO `employee` VALUES (2097, '陈静', '女', '1989-02-01', '421288198902011234', '已婚', 1, '海南', 1, 'chenjing@qq.com', '18795556693', '海南省海口市美兰区', 91, 12, 29, '劳动合同', '高中', '市场营销', '武汉大学', '2015-06-09', NULL, '00000002', 3, '2015-09-10', NULL, '2015-06-09', '2018-06-08', NULL);
INSERT INTO `employee` VALUES (2098, '赵琳浩', '男', '1993-03-04', '610122199303041456', '未婚', 1, '陕西', 3, 'zhao@qq.com', '15698887795', '陕西省西安市莲湖区', 91, 12, 33, '劳动合同', '博士', '电子工程', '哈尔滨理工大学', '2018-01-01', NULL, '00000003', 3.5, '2018-04-01', NULL, '2018-01-01', '2021-07-14', NULL);
INSERT INTO `employee` VALUES (2099, '鹿存亮', '男', '1990-01-03', '610122199001031456', '已婚', 1, '陕西', 3, 'zhao@qq.com', '15612347795', '陕西省西安市莲湖区', 92, 12, 34, '劳动合同', '高中', '电子工程', '哈尔滨理工大学', '2018-01-01', NULL, '00000004', 3.5, '2018-04-01', NULL, '2018-01-01', '2021-07-14', NULL);
INSERT INTO `employee` VALUES (2100, '姚森', '男', '1991-02-05', '610122199102058952', '已婚', 1, '河南', 3, 'yaosen@qq.com', '14785559936', '河南洛阳人民大道58号', 92, 15, 34, '劳动合同', '硕士', '室内装修设计', '西北大学', '2017-01-02', NULL, '00000005', 7, '2017-04-02', NULL, '2017-01-02', '2024-01-17', NULL);
INSERT INTO `employee` VALUES (2101, '云星', '女', '1993-01-05', '610122199301054789', '已婚', 1, '陕西西安', 1, 'yunxing@qq.com', '15644442252', '陕西西安新城区', 92, 16, 34, '劳务合同', '硕士', '通信工程', '西安电子科技学校', '2018-01-01', NULL, '00000006', 5.25, '2018-04-01', NULL, '2018-01-01', '2023-04-13', NULL);
INSERT INTO `employee` VALUES (2102, '贾旭明', '男', '1993-11-11', '610122199311111234', '已婚', 1, '广东广州', 4, 'jiaxuming@qq.com', '15644441234', '广东省广州市天河区冼村路', 78, 15, 33, '劳务合同', '初中', '通信工程', '西北大学', '2018-01-01', NULL, '00000007', 5.25, '2018-04-01', NULL, '2018-01-01', '2023-04-13', NULL);
INSERT INTO `employee` VALUES (2103, '张黎明', '男', '1991-02-01', '610144199102014569', '已婚', 1, '广东', 6, 'zhangliming@qq.com', '18979994478', '广东珠海', 91, 15, 33, '劳动合同', '高中', '考古', '清华大学', '2018-01-01', NULL, '00000008', 7, '2018-04-01', NULL, '2018-01-01', '2025-01-30', NULL);
INSERT INTO `employee` VALUES (2104, '薛磊', '男', '1992-07-01', '610144199207017895', '已婚', 1, '陕西西安', 13, 'xuelei@qq.com', '15648887741', '西安市雁塔区', 92, 14, 34, '劳动合同', '初中', '无', '华胥中学', '2018-01-01', NULL, '00000009', 6, '2018-04-01', NULL, '2018-01-01', '2024-01-17', NULL);
INSERT INTO `employee` VALUES (2105, '张洁', '女', '1990-10-09', '420177199010093652', '未婚', 1, '海南', 5, 'zhangjie@qq.com', '13695557742', '海口市美兰区', 92, 16, 34, '劳动合同', '高中', '无', '海南侨中', '2018-01-01', NULL, '00000010', 1, '2018-01-31', NULL, '2018-01-01', '2019-01-01', NULL);
INSERT INTO `employee` VALUES (2106, '陈静2', '女', '1989-02-01', '421288198902011234', '已婚', 1, '海南', 1, 'chenjing@qq.com', '18795556693', '海南省海口市美兰区', 82, 12, 30, '劳动合同', '高中', '市场营销', '武汉大学', '2015-06-09', NULL, '00000012', 3, '2015-09-10', NULL, '2015-06-09', '2018-06-08', NULL);
INSERT INTO `employee` VALUES (2107, '赵琳浩2', '男', '1993-03-04', '610122199303041456', '未婚', 1, '陕西', 3, 'zhao@qq.com', '15698887795', '陕西省西安市莲湖区', 91, 12, 33, '劳动合同', '博士', '电子工程', '哈尔滨理工大学', '2018-01-01', NULL, '00000013', 3.5, '2018-04-01', NULL, '2018-01-01', '2021-07-14', NULL);
INSERT INTO `employee` VALUES (2108, '鹿存亮2', '男', '1990-01-03', '610122199001031456', '已婚', 1, '陕西', 3, 'zhao@qq.com', '15612347795', '陕西省西安市莲湖区', 92, 12, 34, '劳动合同', '高中', '电子工程', '哈尔滨理工大学', '2018-01-01', NULL, '00000014', 3.5, '2018-04-01', NULL, '2018-01-01', '2021-07-14', NULL);
INSERT INTO `employee` VALUES (2109, '姚森2', '男', '1991-02-05', '610122199102058952', '已婚', 1, '河南', 3, 'yaosen@qq.com', '14785559936', '河南洛阳人民大道58号', 92, 15, 34, '劳动合同', '初中', '室内装修设计', '西北大学', '2017-01-02', NULL, '00000015', 7, '2017-04-02', NULL, '2017-01-02', '2024-01-17', NULL);
INSERT INTO `employee` VALUES (2110, '云星2', '女', '1993-01-05', '610122199301054789', '已婚', 1, '陕西西安', 1, 'yunxing@qq.com', '15644442252', '陕西西安新城区', 92, 16, 34, '劳务合同', '硕士', '通信工程', '西安电子科技学校', '2018-01-01', NULL, '00000016', 5.25, '2018-04-01', NULL, '2018-01-01', '2023-04-13', NULL);
INSERT INTO `employee` VALUES (2111, '贾旭明2', '男', '1993-11-11', '610122199311111234', '已婚', 1, '广东广州', 4, 'jiaxuming@qq.com', '15644441234', '广东省广州市天河区冼村路', 78, 15, 33, '劳务合同', '初中', '通信工程', '西北大学', '2018-01-01', NULL, '00000017', 5.25, '2018-04-01', NULL, '2018-01-01', '2023-04-13', NULL);
INSERT INTO `employee` VALUES (2112, '王一亭', '男', '1991-02-01', '610144199102014569', '已婚', 1, '广东', 6, 'zhangliming@qq.com', '18979994478', '广东珠海', 91, 15, 33, '劳动合同', '高中', '考古', '清华大学', '2018-01-01', NULL, '00000018', 7, '2018-04-01', NULL, '2018-01-01', '2025-01-30', NULL);
INSERT INTO `employee` VALUES (2113, '薛磊2', '男', '1992-07-01', '610144199207017895', '已婚', 1, '陕西西安', 13, 'xuelei@qq.com', '15648887741', '西安市雁塔区', 92, 14, 34, '劳动合同', '初中', '无', '华胥中学', '2018-01-01', NULL, '00000019', 1, '2018-04-01', NULL, '2018-01-01', '2019-01-01', NULL);
INSERT INTO `employee` VALUES (2114, '张洁2', '女', '1990-10-09', '420177199010093652', '未婚', 1, '海南', 5, 'zhangjie@qq.com', '13695557742', '海口市美兰区', 92, 16, 34, '劳动合同', '高中', '无', '海南侨中', '2018-01-01', NULL, '00000020', 1, '2018-01-31', NULL, '2018-01-01', '2019-01-01', NULL);
INSERT INTO `employee` VALUES (2115, '陈静3', '女', '1989-02-01', '421288198902011234', '已婚', 1, '海南', 1, 'chenjing@qq.com', '18795556693', '海南省海口市美兰区', 82, 12, 30, '劳动合同', '高中', '市场营销', '武汉大学', '2015-06-09', NULL, '00000022', 3, '2015-09-10', NULL, '2015-06-09', '2018-06-08', NULL);
INSERT INTO `employee` VALUES (2116, '鹿存亮3', '男', '1990-01-03', '610122199001031456', '已婚', 1, '陕西', 3, 'zhao@qq.com', '15612347795', '陕西省西安市莲湖区', 92, 12, 34, '劳动合同', '高中', '电子工程', '哈尔滨理工大学', '2018-01-01', NULL, '00000024', 3.5, '2018-04-01', NULL, '2018-01-01', '2021-07-14', NULL);
INSERT INTO `employee` VALUES (2117, '姚森3', '男', '1991-02-05', '610122199102058952', '已婚', 1, '河南', 3, 'yaosen@qq.com', '14785559936', '河南洛阳人民大道58号', 92, 15, 34, '劳动合同', '初中', '室内装修设计', '西北大学', '2017-01-02', NULL, '00000025', 7, '2017-04-02', NULL, '2017-01-02', '2024-01-17', NULL);
INSERT INTO `employee` VALUES (2118, '云星3', '女', '1993-01-05', '610122199301054789', '已婚', 1, '陕西西安', 1, 'yunxing@qq.com', '15644442252', '陕西西安新城区', 92, 16, 34, '劳务合同', '硕士', '通信工程', '西安电子科技学校', '2018-01-01', NULL, '00000026', 5.25, '2018-04-01', NULL, '2018-01-01', '2023-04-13', NULL);
INSERT INTO `employee` VALUES (2119, '贾旭明3', '男', '1993-11-11', '610122199311111234', '已婚', 1, '广东广州', 4, 'jiaxuming@qq.com', '15644441234', '广东省广州市天河区冼村路', 78, 15, 33, '劳务合同', '初中', '通信工程', '西北大学', '2018-01-01', NULL, '00000027', 5.25, '2018-04-01', NULL, '2018-01-01', '2023-04-13', NULL);
INSERT INTO `employee` VALUES (2120, '张黎明3', '男', '1991-02-01', '610144199102014569', '已婚', 1, '广东', 6, 'zhangliming@qq.com', '18979994478', '广东珠海', 91, 15, 33, '劳动合同', '高中', '考古', '清华大学', '2018-01-01', NULL, '00000028', 7, '2018-04-01', NULL, '2018-01-01', '2025-01-30', NULL);
INSERT INTO `employee` VALUES (2121, '薛磊3', '男', '1992-07-01', '610144199207017895', '已婚', 1, '陕西西安', 13, 'xuelei@qq.com', '15648887741', '西安市雁塔区', 92, 14, 34, '劳动合同', '初中', '无', '华胥中学', '2018-01-01', NULL, '00000029', 6, '2018-04-01', NULL, '2018-01-01', '2024-01-17', NULL);
INSERT INTO `employee` VALUES (2122, '陈静4', '女', '1989-02-01', '421288198902011234', '已婚', 1, '海南', 1, 'chenjing@qq.com', '18795556693', '海南省海口市美兰区', 82, 12, 30, '劳动合同', '高中', '市场营销', '武汉大学', '2015-06-09', NULL, '00000032', 3, '2015-09-10', NULL, '2015-06-09', '2018-06-08', NULL);
INSERT INTO `employee` VALUES (2123, '赵琳浩4', '男', '1993-03-04', '610122199303041456', '未婚', 1, '陕西', 3, 'zhao@qq.com', '15698887795', '陕西省西安市莲湖区', 91, 12, 33, '劳动合同', '博士', '电子工程', '哈尔滨理工大学', '2018-01-01', NULL, '00000033', 3.5, '2018-04-01', NULL, '2018-01-01', '2021-07-14', NULL);
INSERT INTO `employee` VALUES (2124, '鹿存亮4', '男', '1990-01-03', '610122199001031456', '已婚', 1, '陕西', 3, 'zhao@qq.com', '15612347795', '陕西省西安市莲湖区', 92, 12, 34, '劳动合同', '高中', '电子工程', '哈尔滨理工大学', '2018-01-01', NULL, '00000034', 3.5, '2018-04-01', NULL, '2018-01-01', '2021-07-14', NULL);
INSERT INTO `employee` VALUES (2125, '姚森4', '男', '1991-02-05', '610122199102058952', '已婚', 1, '河南', 3, 'yaosen@qq.com', '14785559936', '河南洛阳人民大道58号', 92, 15, 34, '劳动合同', '初中', '室内装修设计', '西北大学', '2017-01-02', NULL, '00000035', 7, '2017-04-02', NULL, '2017-01-02', '2024-01-17', NULL);
INSERT INTO `employee` VALUES (2126, '云星4', '女', '1993-01-05', '610122199301054789', '已婚', 1, '陕西西安', 1, 'yunxing@qq.com', '15644442252', '陕西西安新城区', 92, 16, 34, '劳务合同', '硕士', '通信工程', '西安电子科技学校', '2018-01-01', NULL, '00000036', 5.25, '2018-04-01', NULL, '2018-01-01', '2023-04-13', NULL);
INSERT INTO `employee` VALUES (2127, '贾旭明4', '男', '1993-11-11', '610122199311111234', '已婚', 1, '广东广州', 4, 'jiaxuming@qq.com', '15644441234', '广东省广州市天河区冼村路', 78, 15, 33, '劳务合同', '初中', '通信工程', '西北大学', '2018-01-01', NULL, '00000037', 5.25, '2018-04-01', NULL, '2018-01-01', '2023-04-13', NULL);
INSERT INTO `employee` VALUES (2128, '张黎明2', '男', '1991-02-01', '610144199102014569', '已婚', 1, '广东', 6, 'zhangliming@qq.com', '18979994478', '广东珠海', 91, 15, 33, '劳动合同', '高中', '考古', '清华大学', '2018-01-01', NULL, '00000038', 7, '2018-04-01', NULL, '2018-01-01', '2025-01-30', NULL);
INSERT INTO `employee` VALUES (2129, '薛磊4', '男', '1992-07-01', '610144199207017895', '已婚', 1, '陕西西安', 13, 'xuelei@qq.com', '15648887741', '西安市雁塔区', 92, 14, 34, '劳动合同', '初中', '无', '华胥中学', '2018-01-01', NULL, '00000039', 6, '2018-04-01', NULL, '2018-01-01', '2024-01-17', NULL);
INSERT INTO `employee` VALUES (2130, '张洁4', '女', '1990-10-09', '420177199010093652', '未婚', 1, '海南', 5, 'zhangjie@qq.com', '13695557742', '海口市美兰区', 92, 16, 34, '劳动合同', '高中', '无', '海南侨中', '2018-01-01', NULL, '00000040', 1, '2018-01-31', NULL, '2018-01-01', '2019-01-01', NULL);
INSERT INTO `employee` VALUES (2131, '陈静5', '女', '1989-02-01', '421288198902011234', '已婚', 1, '海南', 1, 'chenjing@qq.com', '18795556693', '海南省海口市美兰区', 82, 12, 30, '劳动合同', '高中', '市场营销', '武汉大学', '2015-06-09', NULL, '00000042', 3, '2015-09-10', NULL, '2015-06-09', '2018-06-08', NULL);
INSERT INTO `employee` VALUES (2132, '赵琳浩5', '男', '1993-03-04', '610122199303041456', '未婚', 1, '陕西', 3, 'zhao@qq.com', '15698887795', '陕西省西安市莲湖区', 91, 12, 33, '劳动合同', '博士', '电子工程', '哈尔滨理工大学', '2018-01-01', NULL, '00000043', 3.5, '2018-04-01', NULL, '2018-01-01', '2021-07-14', NULL);
INSERT INTO `employee` VALUES (2133, '鹿存亮5', '男', '1990-01-03', '610122199001031456', '已婚', 1, '陕西', 3, 'zhao@qq.com', '15612347795', '陕西省西安市莲湖区', 92, 12, 34, '劳动合同', '高中', '电子工程', '哈尔滨理工大学', '2018-01-01', NULL, '00000044', 3.5, '2018-04-01', NULL, '2018-01-01', '2021-07-14', NULL);
INSERT INTO `employee` VALUES (2134, '姚森5', '男', '1991-02-05', '610122199102058952', '已婚', 1, '河南', 3, 'yaosen@qq.com', '14785559936', '河南洛阳人民大道58号', 92, 15, 34, '劳动合同', '初中', '室内装修设计', '西北大学', '2017-01-02', NULL, '00000045', 7, '2017-04-02', NULL, '2017-01-02', '2024-01-17', NULL);
INSERT INTO `employee` VALUES (2135, '云星5', '女', '1993-01-05', '610122199301054789', '已婚', 1, '陕西西安', 1, 'yunxing@qq.com', '15644442252', '陕西西安新城区', 92, 16, 34, '劳务合同', '硕士', '通信工程', '西安电子科技学校', '2018-01-01', NULL, '00000046', 5.25, '2018-04-01', NULL, '2018-01-01', '2023-04-13', NULL);
INSERT INTO `employee` VALUES (2136, '贾旭明5', '男', '1993-11-11', '610122199311111234', '已婚', 1, '广东广州', 4, 'jiaxuming@qq.com', '15644441234', '广东省广州市天河区冼村路', 78, 15, 33, '劳务合同', '初中', '通信工程', '西北大学', '2018-01-01', NULL, '00000047', 5.25, '2018-04-01', NULL, '2018-01-01', '2023-04-13', NULL);
INSERT INTO `employee` VALUES (2137, '张黎明5', '男', '1991-02-01', '610144199102014569', '已婚', 1, '广东', 6, 'zhangliming@qq.com', '18979994478', '广东珠海', 91, 15, 33, '劳动合同', '高中', '考古', '清华大学', '2018-01-01', NULL, '00000048', 7, '2018-04-01', NULL, '2018-01-01', '2025-01-30', NULL);
INSERT INTO `employee` VALUES (2138, '薛磊5', '男', '1992-07-01', '610144199207017895', '已婚', 1, '陕西西安', 13, 'xuelei@qq.com', '15648887741', '西安市雁塔区', 92, 14, 34, '劳动合同', '初中', '无', '华胥中学', '2018-01-01', NULL, '00000049', 6, '2018-04-01', NULL, '2018-01-01', '2024-01-17', NULL);
INSERT INTO `employee` VALUES (2139, '张洁5', '女', '1990-10-09', '420177199010093652', '未婚', 1, '海南', 5, 'zhangjie@qq.com', '13695557742', '海口市美兰区', 92, 16, 34, '劳动合同', '高中', '无', '海南侨中', '2018-01-01', NULL, '00000050', 1, '2018-01-31', NULL, '2018-01-01', '2019-01-01', NULL);
INSERT INTO `employee` VALUES (2140, '陈静6', '女', '1989-02-01', '421288198902011234', '已婚', 1, '海南', 1, 'chenjing@qq.com', '18795556693', '海南省海口市美兰区', 82, 12, 30, '劳动合同', '高中', '市场营销', '武汉大学', '2015-06-09', NULL, '00000052', 3, '2015-09-10', NULL, '2015-06-09', '2018-06-08', NULL);
INSERT INTO `employee` VALUES (2141, '赵琳浩6', '男', '1993-03-04', '610122199303041456', '未婚', 1, '陕西', 3, 'zhao@qq.com', '15698887795', '陕西省西安市莲湖区', 91, 12, 33, '劳动合同', '博士', '电子工程', '哈尔滨理工大学', '2018-01-01', NULL, '00000053', 3.5, '2018-04-01', NULL, '2018-01-01', '2021-07-14', NULL);
INSERT INTO `employee` VALUES (2142, '鹿存亮6', '男', '1990-01-03', '610122199001031456', '已婚', 1, '陕西', 3, 'zhao@qq.com', '15612347795', '陕西省西安市莲湖区', 92, 12, 34, '劳动合同', '高中', '电子工程', '哈尔滨理工大学', '2018-01-01', NULL, '00000054', 3.5, '2018-04-01', NULL, '2018-01-01', '2021-07-14', NULL);
INSERT INTO `employee` VALUES (2143, '姚森6', '男', '1991-02-05', '610122199102058952', '已婚', 1, '河南', 3, 'yaosen@qq.com', '14785559936', '河南洛阳人民大道58号', 92, 15, 34, '劳动合同', '初中', '室内装修设计', '西北大学', '2017-01-02', NULL, '00000055', 7, '2017-04-02', NULL, '2017-01-02', '2024-01-17', NULL);
INSERT INTO `employee` VALUES (2144, '云星6', '女', '1993-01-05', '610122199301054789', '已婚', 1, '陕西西安', 1, 'yunxing@qq.com', '15644442252', '陕西西安新城区', 92, 16, 34, '劳务合同', '硕士', '通信工程', '西安电子科技学校', '2018-01-01', NULL, '00000056', 5.25, '2018-04-01', NULL, '2018-01-01', '2023-04-13', NULL);
INSERT INTO `employee` VALUES (2145, '陈静', '女', '1989-02-01', '421288198902011234', '已婚', 1, '海南', 1, 'chenjing@qq.com', '18795556693', '海南省海口市美兰区', 82, 12, 30, '劳动合同', '高中', '市场营销', '武汉大学', '2015-06-09', NULL, '00000002', 3, NULL, NULL, '2015-06-09', '2018-06-08', NULL);
INSERT INTO `employee` VALUES (2146, '赵琳浩', '男', '1993-03-04', '610122199303041456', '未婚', 1, '陕西', 3, 'zhao@qq.com', '15698887795', '陕西省西安市莲湖区', 91, 12, 33, '劳动合同', '博士', '电子工程', '哈尔滨理工大学', '2018-01-01', NULL, '00000003', 3.5, NULL, NULL, '2018-01-01', '2021-07-14', NULL);
INSERT INTO `employee` VALUES (2147, '鹿存亮', '男', '1990-01-03', '610122199001031456', '已婚', 1, '陕西', 3, 'zhao@qq.com', '15612347795', '陕西省西安市莲湖区', 92, 12, 34, '劳动合同', '高中', '电子工程', '哈尔滨理工大学', '2018-01-01', NULL, '00000004', 3.5, NULL, NULL, '2018-01-01', '2021-07-14', NULL);
INSERT INTO `employee` VALUES (2148, '姚森', '男', '1991-02-05', '610122199102058952', '已婚', 1, '河南', 3, 'yaosen@qq.com', '14785559936', '河南洛阳人民大道58号', 92, 15, 34, '劳动合同', '初中', '室内装修设计', '西北大学', '2017-01-02', NULL, '00000005', 7, NULL, NULL, '2017-01-02', '2024-01-17', NULL);
INSERT INTO `employee` VALUES (2149, '贾旭明', '男', '1993-11-11', '610122199311111234', '已婚', 1, '广东广州', 4, 'jiaxuming@qq.com', '15644441234', '广东省广州市天河区冼村路', 78, 15, 33, '劳务合同', '初中', '通信工程', '西北大学', '2018-01-01', NULL, '00000007', 5.25, NULL, NULL, '2018-01-01', '2023-04-13', NULL);
INSERT INTO `employee` VALUES (2150, '张黎明', '男', '1991-02-01', '610144199102014569', '已婚', 1, '广东', 6, 'zhangliming@qq.com', '18979994478', '广东珠海', 91, 15, 33, '劳动合同', '高中', '考古', '清华大学', '2018-01-01', NULL, '00000008', 7, NULL, NULL, '2018-01-01', '2025-01-30', NULL);
INSERT INTO `employee` VALUES (2151, '薛磊', '男', '1992-07-01', '610144199207017895', '已婚', 1, '陕西西安', 13, 'xuelei@qq.com', '15648887741', '西安市雁塔区', 92, 14, 34, '劳动合同', '初中', '无', '华胥中学', '2018-01-01', NULL, '00000009', 6, NULL, NULL, '2018-01-01', '2024-01-17', NULL);
INSERT INTO `employee` VALUES (2152, '张洁', '女', '1990-10-09', '420177199010093652', '未婚', 1, '海南', 5, 'zhangjie@qq.com', '13695557742', '海口市美兰区', 92, 16, 34, '劳动合同', '高中', '无', '海南侨中', '2018-01-01', NULL, '00000010', 1, NULL, NULL, '2018-01-01', '2019-01-01', NULL);
INSERT INTO `employee` VALUES (2153, '陈静2', '女', '1989-02-01', '421288198902011234', '已婚', 1, '海南', 1, 'chenjing@qq.com', '18795556693', '海南省海口市美兰区', 82, 12, 30, '劳动合同', '高中', '市场营销', '武汉大学', '2015-06-09', NULL, '00000012', 3, NULL, NULL, '2015-06-09', '2018-06-08', NULL);
INSERT INTO `employee` VALUES (2154, '赵琳浩2', '男', '1993-03-04', '610122199303041456', '未婚', 1, '陕西', 3, 'zhao@qq.com', '15698887795', '陕西省西安市莲湖区', 91, 12, 33, '劳动合同', '博士', '电子工程', '哈尔滨理工大学', '2018-01-01', NULL, '00000013', 3.5, NULL, NULL, '2018-01-01', '2021-07-14', NULL);
INSERT INTO `employee` VALUES (2155, '鹿存亮2', '男', '1990-01-03', '610122199001031456', '已婚', 1, '陕西', 3, 'zhao@qq.com', '15612347795', '陕西省西安市莲湖区', 92, 12, 34, '劳动合同', '高中', '电子工程', '哈尔滨理工大学', '2018-01-01', NULL, '00000014', 3.5, NULL, NULL, '2018-01-01', '2021-07-14', NULL);
INSERT INTO `employee` VALUES (2156, '姚森2', '男', '1991-02-05', '610122199102058952', '已婚', 1, '河南', 3, 'yaosen@qq.com', '14785559936', '河南洛阳人民大道58号', 92, 15, 34, '劳动合同', '初中', '室内装修设计', '西北大学', '2017-01-02', NULL, '00000015', 7, NULL, NULL, '2017-01-02', '2024-01-17', NULL);
INSERT INTO `employee` VALUES (2157, '云星2', '女', '1993-01-05', '610122199301054789', '已婚', 1, '陕西西安', 1, 'yunxing@qq.com', '15644442252', '陕西西安新城区', 92, 16, 34, '劳务合同', '硕士', '通信工程', '西安电子科技学校', '2018-01-01', NULL, '00000016', 5.25, NULL, NULL, '2018-01-01', '2023-04-13', NULL);
INSERT INTO `employee` VALUES (2158, '贾旭明2', '男', '1993-11-11', '610122199311111234', '已婚', 1, '广东广州', 4, 'jiaxuming@qq.com', '15644441234', '广东省广州市天河区冼村路', 78, 15, 33, '劳务合同', '初中', '通信工程', '西北大学', '2018-01-01', NULL, '00000017', 5.25, NULL, NULL, '2018-01-01', '2023-04-13', NULL);
INSERT INTO `employee` VALUES (2159, '王一亭', '男', '1991-02-01', '610144199102014569', '已婚', 1, '广东', 6, 'zhangliming@qq.com', '18979994478', '广东珠海', 91, 15, 33, '劳动合同', '高中', '考古', '清华大学', '2018-01-01', NULL, '00000018', 7, NULL, NULL, '2018-01-01', '2025-01-30', NULL);
INSERT INTO `employee` VALUES (2160, '薛磊2', '男', '1992-07-01', '610144199207017895', '已婚', 1, '陕西西安', 13, 'xuelei@qq.com', '15648887741', '西安市雁塔区', 92, 14, 34, '劳动合同', '初中', '无', '华胥中学', '2018-01-01', NULL, '00000019', 1, NULL, NULL, '2018-01-01', '2019-01-01', NULL);
INSERT INTO `employee` VALUES (2161, '张洁2', '女', '1990-10-09', '420177199010093652', '未婚', 1, '海南', 5, 'zhangjie@qq.com', '13695557742', '海口市美兰区', 92, 16, 34, '劳动合同', '高中', '无', '海南侨中', '2018-01-01', NULL, '00000020', 1, NULL, NULL, '2018-01-01', '2019-01-01', NULL);
INSERT INTO `employee` VALUES (2162, '陈静3', '女', '1989-02-01', '421288198902011234', '已婚', 1, '海南', 1, 'chenjing@qq.com', '18795556693', '海南省海口市美兰区', 82, 12, 30, '劳动合同', '高中', '市场营销', '武汉大学', '2015-06-09', NULL, '00000022', 3, NULL, NULL, '2015-06-09', '2018-06-08', NULL);
INSERT INTO `employee` VALUES (2163, '鹿存亮3', '男', '1990-01-03', '610122199001031456', '已婚', 1, '陕西', 3, 'zhao@qq.com', '15612347795', '陕西省西安市莲湖区', 92, 12, 34, '劳动合同', '高中', '电子工程', '哈尔滨理工大学', '2018-01-01', NULL, '00000024', 3.5, NULL, NULL, '2018-01-01', '2021-07-14', NULL);
INSERT INTO `employee` VALUES (2164, '姚森3', '男', '1991-02-05', '610122199102058952', '已婚', 1, '河南', 3, 'yaosen@qq.com', '14785559936', '河南洛阳人民大道58号', 92, 15, 34, '劳动合同', '初中', '室内装修设计', '西北大学', '2017-01-02', NULL, '00000025', 7, NULL, NULL, '2017-01-02', '2024-01-17', NULL);
INSERT INTO `employee` VALUES (2165, '云星3', '女', '1993-01-05', '610122199301054789', '已婚', 1, '陕西西安', 1, 'yunxing@qq.com', '15644442252', '陕西西安新城区', 92, 16, 34, '劳务合同', '硕士', '通信工程', '西安电子科技学校', '2018-01-01', NULL, '00000026', 5.25, NULL, NULL, '2018-01-01', '2023-04-13', NULL);
INSERT INTO `employee` VALUES (2166, '贾旭明3', '男', '1993-11-11', '610122199311111234', '已婚', 1, '广东广州', 4, 'jiaxuming@qq.com', '15644441234', '广东省广州市天河区冼村路', 78, 15, 33, '劳务合同', '初中', '通信工程', '西北大学', '2018-01-01', NULL, '00000027', 5.25, NULL, NULL, '2018-01-01', '2023-04-13', NULL);
INSERT INTO `employee` VALUES (2167, '张黎明3', '男', '1991-02-01', '610144199102014569', '已婚', 1, '广东', 6, 'zhangliming@qq.com', '18979994478', '广东珠海', 91, 15, 33, '劳动合同', '高中', '考古', '清华大学', '2018-01-01', NULL, '00000028', 7, NULL, NULL, '2018-01-01', '2025-01-30', NULL);
INSERT INTO `employee` VALUES (2168, '薛磊3', '男', '1992-07-01', '610144199207017895', '已婚', 1, '陕西西安', 13, 'xuelei@qq.com', '15648887741', '西安市雁塔区', 92, 14, 34, '劳动合同', '初中', '无', '华胥中学', '2018-01-01', NULL, '00000029', 6, NULL, NULL, '2018-01-01', '2024-01-17', NULL);
INSERT INTO `employee` VALUES (2169, '陈静4', '女', '1989-02-01', '421288198902011234', '已婚', 1, '海南', 1, 'chenjing@qq.com', '18795556693', '海南省海口市美兰区', 82, 12, 30, '劳动合同', '高中', '市场营销', '武汉大学', '2015-06-09', NULL, '00000032', 3, NULL, NULL, '2015-06-09', '2018-06-08', NULL);
INSERT INTO `employee` VALUES (2170, '赵琳浩4', '男', '1993-03-04', '610122199303041456', '未婚', 1, '陕西', 3, 'zhao@qq.com', '15698887795', '陕西省西安市莲湖区', 91, 12, 33, '劳动合同', '博士', '电子工程', '哈尔滨理工大学', '2018-01-01', NULL, '00000033', 3.5, NULL, NULL, '2018-01-01', '2021-07-14', NULL);
INSERT INTO `employee` VALUES (2171, '鹿存亮4', '男', '1990-01-03', '610122199001031456', '已婚', 1, '陕西', 3, 'zhao@qq.com', '15612347795', '陕西省西安市莲湖区', 92, 12, 34, '劳动合同', '高中', '电子工程', '哈尔滨理工大学', '2018-01-01', NULL, '00000034', 3.5, NULL, NULL, '2018-01-01', '2021-07-14', NULL);
INSERT INTO `employee` VALUES (2172, '姚森4', '男', '1991-02-05', '610122199102058952', '已婚', 1, '河南', 3, 'yaosen@qq.com', '14785559936', '河南洛阳人民大道58号', 92, 15, 34, '劳动合同', '初中', '室内装修设计', '西北大学', '2017-01-02', NULL, '00000035', 7, NULL, NULL, '2017-01-02', '2024-01-17', NULL);
INSERT INTO `employee` VALUES (2173, '云星4', '女', '1993-01-05', '610122199301054789', '已婚', 1, '陕西西安', 1, 'yunxing@qq.com', '15644442252', '陕西西安新城区', 92, 16, 34, '劳务合同', '硕士', '通信工程', '西安电子科技学校', '2018-01-01', NULL, '00000036', 5.25, NULL, NULL, '2018-01-01', '2023-04-13', NULL);
INSERT INTO `employee` VALUES (2174, '贾旭明4', '男', '1993-11-11', '610122199311111234', '已婚', 1, '广东广州', 4, 'jiaxuming@qq.com', '15644441234', '广东省广州市天河区冼村路', 78, 15, 33, '劳务合同', '初中', '通信工程', '西北大学', '2018-01-01', NULL, '00000037', 5.25, NULL, NULL, '2018-01-01', '2023-04-13', NULL);
INSERT INTO `employee` VALUES (2175, '谢工', '女', '1970-01-01', '618177197001011234', '离异', 1, '江苏', 1, '584991843@qq.com', '18558887788', '北京', 91, 12, 29, '劳动合同', '本科', '计算机软件', '南华大学', '2018-01-01', NULL, '00000038', 5, '2019-01-01', NULL, '2018-01-01', '2023-01-01', NULL);
INSERT INTO `employee` VALUES (2176, '林昭亮', '男', '1990-01-01', '610122199809091234', '已婚', 1, '广东', 13, '584991843@qq.com', '16767776654', '广东深圳', 91, 15, 33, '劳动合同', '大专', '计算机软件', '广东职业技术学院', '2018-01-01', NULL, '00000039', 5, '2018-04-01', NULL, '2018-01-01', '2023-01-01', NULL);
INSERT INTO `employee` VALUES (2178, '陈静', '女', '1989-02-01', '421288198902011234', '已婚', 1, '海南', 1, 'chenjing@qq.com', '18795556693', '海南省海口市美兰区', 8, 12, 30, '劳动合同', '高中', '市场营销', '武汉大学', '2015-06-09', NULL, '00000002', 3, NULL, NULL, '2015-06-09', '2018-06-08', NULL);
INSERT INTO `employee` VALUES (2179, '赵琳浩', '男', '1993-03-04', '610122199303041456', '未婚', 1, '陕西', 3, 'zhao@qq.com', '15698887795', '陕西省西安市莲湖区', 91, 12, 33, '劳动合同', '博士', '电子工程', '哈尔滨理工大学', '2018-01-01', NULL, '00000003', 3.5, NULL, NULL, '2018-01-01', '2021-07-14', NULL);
INSERT INTO `employee` VALUES (2180, '鹿存亮', '男', '1990-01-03', '610122199001031456', '已婚', 1, '陕西', 3, 'zhao@qq.com', '15612347795', '陕西省西安市莲湖区', 92, 12, 34, '劳动合同', '高中', '电子工程', '哈尔滨理工大学', '2018-01-01', NULL, '00000004', 3.5, NULL, NULL, '2018-01-01', '2021-07-14', NULL);
INSERT INTO `employee` VALUES (2181, '姚森', '男', '1991-02-05', '610122199102058952', '已婚', 1, '河南', 3, 'yaosen@qq.com', '14785559936', '河南洛阳人民大道58号', 92, 15, 34, '劳动合同', '硕士', '室内装修设计', '西北大学', '2017-01-02', NULL, '00000005', 7, NULL, NULL, '2017-01-02', '2024-01-17', NULL);
INSERT INTO `employee` VALUES (2182, '云星', '女', '1993-01-05', '610122199301054789', '已婚', 1, '陕西西安', 1, 'yunxing@qq.com', '15644442252', '陕西西安新城区', 92, 16, 34, '劳务合同', '硕士', '通信工程', '西安电子科技学校', '2018-01-01', NULL, '00000006', 5.25, NULL, NULL, '2018-01-01', '2023-04-13', NULL);
INSERT INTO `employee` VALUES (2183, '贾旭明', '男', '1993-11-11', '610122199311111234', '已婚', 1, '广东广州', 4, 'jiaxuming@qq.com', '15644441234', '广东省广州市天河区冼村路', 78, 15, 33, '劳务合同', '初中', '通信工程', '西北大学', '2018-01-01', NULL, '00000007', 5.25, NULL, NULL, '2018-01-01', '2023-04-13', NULL);
INSERT INTO `employee` VALUES (2184, '张黎明', '男', '1991-02-01', '610144199102014569', '已婚', 1, '广东', 6, 'zhangliming@qq.com', '18979994478', '广东珠海', 91, 15, 33, '劳动合同', '高中', '考古', '清华大学', '2018-01-01', NULL, '00000008', 7, NULL, NULL, '2018-01-01', '2025-01-30', NULL);
INSERT INTO `employee` VALUES (2185, '薛磊', '男', '1992-07-01', '610144199207017895', '已婚', 1, '陕西西安', 13, 'xuelei@qq.com', '15648887741', '西安市雁塔区', 92, 14, 34, '劳动合同', '初中', '无', '华胥中学', '2018-01-01', NULL, '00000009', 6, NULL, NULL, '2018-01-01', '2024-01-17', NULL);
INSERT INTO `employee` VALUES (2186, '张洁', '女', '1990-10-09', '420177199010093652', '未婚', 1, '海南', 5, 'zhangjie@qq.com', '13695557742', '海口市美兰区', 92, 16, 34, '劳动合同', '高中', '无', '海南侨中', '2018-01-01', NULL, '00000010', 1, NULL, NULL, '2018-01-01', '2019-01-01', NULL);
INSERT INTO `employee` VALUES (2187, '陈静2', '女', '1989-02-01', '421288198902011234', '已婚', 1, '海南', 1, 'chenjing@qq.com', '18795556693', '海南省海口市美兰区', 82, 12, 30, '劳动合同', '高中', '市场营销', '武汉大学', '2015-06-09', NULL, '00000012', 3, NULL, NULL, '2015-06-09', '2018-06-08', NULL);
INSERT INTO `employee` VALUES (2188, '赵琳浩2', '男', '1993-03-04', '610122199303041456', '未婚', 1, '陕西', 3, 'zhao@qq.com', '15698887795', '陕西省西安市莲湖区', 91, 12, 33, '劳动合同', '博士', '电子工程', '哈尔滨理工大学', '2018-01-01', NULL, '00000013', 3.5, NULL, NULL, '2018-01-01', '2021-07-14', NULL);
INSERT INTO `employee` VALUES (2189, '鹿存亮2', '男', '1990-01-03', '610122199001031456', '已婚', 1, '陕西', 3, 'zhao@qq.com', '15612347795', '陕西省西安市莲湖区', 92, 12, 34, '劳动合同', '高中', '电子工程', '哈尔滨理工大学', '2018-01-01', NULL, '00000014', 3.5, NULL, NULL, '2018-01-01', '2021-07-14', NULL);
INSERT INTO `employee` VALUES (2190, '姚森2', '男', '1991-02-05', '610122199102058952', '已婚', 1, '河南', 3, 'yaosen@qq.com', '14785559936', '河南洛阳人民大道58号', 92, 15, 34, '劳动合同', '初中', '室内装修设计', '西北大学', '2017-01-02', NULL, '00000015', 7, NULL, NULL, '2017-01-02', '2024-01-17', NULL);
INSERT INTO `employee` VALUES (2191, '云星2', '女', '1993-01-05', '610122199301054789', '已婚', 1, '陕西西安', 1, 'yunxing@qq.com', '15644442252', '陕西西安新城区', 92, 16, 34, '劳务合同', '硕士', '通信工程', '西安电子科技学校', '2018-01-01', NULL, '00000016', 5.25, NULL, NULL, '2018-01-01', '2023-04-13', NULL);
INSERT INTO `employee` VALUES (2192, '贾旭明2', '男', '1993-11-11', '610122199311111234', '已婚', 1, '广东广州', 4, 'jiaxuming@qq.com', '15644441234', '广东省广州市天河区冼村路', 78, 15, 33, '劳务合同', '初中', '通信工程', '西北大学', '2018-01-01', NULL, '00000017', 5.25, NULL, NULL, '2018-01-01', '2023-04-13', NULL);
INSERT INTO `employee` VALUES (2193, '王一亭', '男', '1991-02-01', '610144199102014569', '已婚', 1, '广东', 6, 'zhangliming@qq.com', '18979994478', '广东珠海', 91, 15, 33, '劳动合同', '高中', '考古', '清华大学', '2018-01-01', NULL, '00000018', 7, NULL, NULL, '2018-01-01', '2025-01-30', NULL);
INSERT INTO `employee` VALUES (2194, '薛磊2', '男', '1992-07-01', '610144199207017895', '已婚', 1, '陕西西安', 13, 'xuelei@qq.com', '15648887741', '西安市雁塔区', 92, 14, 34, '劳动合同', '初中', '无', '华胥中学', '2018-01-01', NULL, '00000019', 1, NULL, NULL, '2018-01-01', '2019-01-01', NULL);
INSERT INTO `employee` VALUES (2195, '张洁2', '女', '1990-10-09', '420177199010093652', '未婚', 1, '海南', 5, 'zhangjie@qq.com', '13695557742', '海口市美兰区', 92, 16, 34, '劳动合同', '高中', '无', '海南侨中', '2018-01-01', NULL, '00000020', 1, NULL, NULL, '2018-01-01', '2019-01-01', NULL);
INSERT INTO `employee` VALUES (2196, '陈静3', '女', '1989-02-01', '421288198902011234', '已婚', 1, '海南', 1, 'chenjing@qq.com', '18795556693', '海南省海口市美兰区', 82, 12, 30, '劳动合同', '高中', '市场营销', '武汉大学', '2015-06-09', NULL, '00000022', 3, NULL, NULL, '2015-06-09', '2018-06-08', NULL);
INSERT INTO `employee` VALUES (2197, '鹿存亮3', '男', '1990-01-03', '610122199001031456', '已婚', 1, '陕西', 3, 'zhao@qq.com', '15612347795', '陕西省西安市莲湖区', 92, 12, 34, '劳动合同', '高中', '电子工程', '哈尔滨理工大学', '2018-01-01', NULL, '00000024', 3.5, NULL, NULL, '2018-01-01', '2021-07-14', NULL);
INSERT INTO `employee` VALUES (2198, '姚森3', '男', '1991-02-05', '610122199102058952', '已婚', 1, '河南', 3, 'yaosen@qq.com', '14785559936', '河南洛阳人民大道58号', 92, 15, 34, '劳动合同', '初中', '室内装修设计', '西北大学', '2017-01-02', NULL, '00000025', 7, NULL, NULL, '2017-01-02', '2024-01-17', NULL);
INSERT INTO `employee` VALUES (2199, '云星3', '女', '1993-01-05', '610122199301054789', '已婚', 1, '陕西西安', 1, 'yunxing@qq.com', '15644442252', '陕西西安新城区', 92, 16, 34, '劳务合同', '硕士', '通信工程', '西安电子科技学校', '2018-01-01', NULL, '00000026', 5.25, NULL, NULL, '2018-01-01', '2023-04-13', NULL);
INSERT INTO `employee` VALUES (2200, '贾旭明3', '男', '1993-11-11', '610122199311111234', '已婚', 1, '广东广州', 4, 'jiaxuming@qq.com', '15644441234', '广东省广州市天河区冼村路', 78, 15, 33, '劳务合同', '初中', '通信工程', '西北大学', '2018-01-01', NULL, '00000027', 5.25, NULL, NULL, '2018-01-01', '2023-04-13', NULL);
INSERT INTO `employee` VALUES (2201, '张黎明3', '男', '1991-02-01', '610144199102014569', '已婚', 1, '广东', 6, 'zhangliming@qq.com', '18979994478', '广东珠海', 91, 15, 33, '劳动合同', '高中', '考古', '清华大学', '2018-01-01', NULL, '00000028', 7, NULL, NULL, '2018-01-01', '2025-01-30', NULL);
INSERT INTO `employee` VALUES (2202, '薛磊3', '男', '1992-07-01', '610144199207017895', '已婚', 1, '陕西西安', 13, 'xuelei@qq.com', '15648887741', '西安市雁塔区', 92, 14, 34, '劳动合同', '初中', '无', '华胥中学', '2018-01-01', NULL, '00000029', 6, NULL, NULL, '2018-01-01', '2024-01-17', NULL);
INSERT INTO `employee` VALUES (2203, '陈静4', '女', '1989-02-01', '421288198902011234', '已婚', 1, '海南', 1, 'chenjing@qq.com', '18795556693', '海南省海口市美兰区', 82, 12, 30, '劳动合同', '高中', '市场营销', '武汉大学', '2015-06-09', NULL, '00000032', 3, NULL, NULL, '2015-06-09', '2018-06-08', NULL);
INSERT INTO `employee` VALUES (2204, '赵琳浩4', '男', '1993-03-04', '610122199303041456', '未婚', 1, '陕西', 3, 'zhao@qq.com', '15698887795', '陕西省西安市莲湖区', 91, 12, 33, '劳动合同', '博士', '电子工程', '哈尔滨理工大学', '2018-01-01', NULL, '00000033', 3.5, NULL, NULL, '2018-01-01', '2021-07-14', NULL);
INSERT INTO `employee` VALUES (2205, '鹿存亮4', '男', '1990-01-03', '610122199001031456', '已婚', 1, '陕西', 3, 'zhao@qq.com', '15612347795', '陕西省西安市莲湖区', 92, 12, 34, '劳动合同', '高中', '电子工程', '哈尔滨理工大学', '2018-01-01', NULL, '00000034', 3.5, NULL, NULL, '2018-01-01', '2021-07-14', NULL);
INSERT INTO `employee` VALUES (2206, '姚森4', '男', '1991-02-05', '610122199102058952', '已婚', 1, '河南', 3, 'yaosen@qq.com', '14785559936', '河南洛阳人民大道58号', 92, 15, 34, '劳动合同', '初中', '室内装修设计', '西北大学', '2017-01-02', NULL, '00000035', 7, NULL, NULL, '2017-01-02', '2024-01-17', NULL);
INSERT INTO `employee` VALUES (2207, '云星4', '女', '1993-01-05', '610122199301054789', '已婚', 1, '陕西西安', 1, 'yunxing@qq.com', '15644442252', '陕西西安新城区', 92, 16, 34, '劳务合同', '硕士', '通信工程', '西安电子科技学校', '2018-01-01', NULL, '00000036', 5.25, NULL, NULL, '2018-01-01', '2023-04-13', NULL);
INSERT INTO `employee` VALUES (2208, '贾旭明4', '男', '1993-11-11', '610122199311111234', '已婚', 1, '广东广州', 4, 'jiaxuming@qq.com', '15644441234', '广东省广州市天河区冼村路', 78, 15, 33, '劳务合同', '初中', '通信工程', '西北大学', '2018-01-01', NULL, '00000037', 5.25, NULL, NULL, '2018-01-01', '2023-04-13', NULL);
INSERT INTO `employee` VALUES (2209, '张黎明2', '男', '1991-02-01', '610144199102014569', '已婚', 1, '广东', 6, 'zhangliming@qq.com', '18979994478', '广东珠海', 91, 15, 33, '劳动合同', '高中', '考古', '清华大学', '2018-01-01', NULL, '00000038', 7, NULL, NULL, '2018-01-01', '2025-01-30', NULL);
INSERT INTO `employee` VALUES (2210, '薛磊4', '男', '1992-07-01', '610144199207017895', '已婚', 1, '陕西西安', 13, 'xuelei@qq.com', '15648887741', '西安市雁塔区', 92, 14, 34, '劳动合同', '初中', '无', '华胥中学', '2018-01-01', NULL, '00000039', 6, NULL, NULL, '2018-01-01', '2024-01-17', NULL);
INSERT INTO `employee` VALUES (2211, '张洁4', '女', '1990-10-09', '420177199010093652', '未婚', 1, '海南', 5, 'zhangjie@qq.com', '13695557742', '海口市美兰区', 92, 16, 34, '劳动合同', '高中', '无', '海南侨中', '2018-01-01', NULL, '00000040', 1, NULL, NULL, '2018-01-01', '2019-01-01', NULL);
INSERT INTO `employee` VALUES (2212, '陈静5', '女', '1989-02-01', '421288198902011234', '已婚', 1, '海南', 1, 'chenjing@qq.com', '18795556693', '海南省海口市美兰区', 82, 12, 30, '劳动合同', '高中', '市场营销', '武汉大学', '2015-06-09', NULL, '00000042', 3, NULL, NULL, '2015-06-09', '2018-06-08', NULL);
INSERT INTO `employee` VALUES (2213, '赵琳浩5', '男', '1993-03-04', '610122199303041456', '未婚', 1, '陕西', 3, 'zhao@qq.com', '15698887795', '陕西省西安市莲湖区', 91, 12, 33, '劳动合同', '博士', '电子工程', '哈尔滨理工大学', '2018-01-01', NULL, '00000043', 3.5, NULL, NULL, '2018-01-01', '2021-07-14', NULL);
INSERT INTO `employee` VALUES (2214, '鹿存亮5', '男', '1990-01-03', '610122199001031456', '已婚', 1, '陕西', 3, 'zhao@qq.com', '15612347795', '陕西省西安市莲湖区', 92, 12, 34, '劳动合同', '高中', '电子工程', '哈尔滨理工大学', '2018-01-01', NULL, '00000044', 3.5, NULL, NULL, '2018-01-01', '2021-07-14', NULL);
INSERT INTO `employee` VALUES (2215, '姚森5', '男', '1991-02-05', '610122199102058952', '已婚', 1, '河南', 3, 'yaosen@qq.com', '14785559936', '河南洛阳人民大道58号', 92, 15, 34, '劳动合同', '初中', '室内装修设计', '西北大学', '2017-01-02', NULL, '00000045', 7, NULL, NULL, '2017-01-02', '2024-01-17', NULL);
INSERT INTO `employee` VALUES (2216, '云星5', '女', '1993-01-05', '610122199301054789', '已婚', 1, '陕西西安', 1, 'yunxing@qq.com', '15644442252', '陕西西安新城区', 92, 16, 34, '劳务合同', '硕士', '通信工程', '西安电子科技学校', '2018-01-01', NULL, '00000046', 5.25, NULL, NULL, '2018-01-01', '2023-04-13', NULL);
INSERT INTO `employee` VALUES (2217, '贾旭明5', '男', '1993-11-11', '610122199311111234', '已婚', 1, '广东广州', 4, 'jiaxuming@qq.com', '15644441234', '广东省广州市天河区冼村路', 78, 15, 33, '劳务合同', '初中', '通信工程', '西北大学', '2018-01-01', NULL, '00000047', 5.25, NULL, NULL, '2018-01-01', '2023-04-13', NULL);
INSERT INTO `employee` VALUES (2218, '张黎明5', '男', '1991-02-01', '610144199102014569', '已婚', 1, '广东', 6, 'zhangliming@qq.com', '18979994478', '广东珠海', 91, 15, 33, '劳动合同', '高中', '考古', '清华大学', '2018-01-01', NULL, '00000048', 7, NULL, NULL, '2018-01-01', '2025-01-30', NULL);
INSERT INTO `employee` VALUES (2219, '薛磊5', '男', '1992-07-01', '610144199207017895', '已婚', 1, '陕西西安', 13, 'xuelei@qq.com', '15648887741', '西安市雁塔区', 92, 14, 34, '劳动合同', '初中', '无', '华胥中学', '2018-01-01', NULL, '00000049', 6, NULL, NULL, '2018-01-01', '2024-01-17', NULL);
INSERT INTO `employee` VALUES (2220, '张洁5', '女', '1990-10-09', '420177199010093652', '未婚', 1, '海南', 5, 'zhangjie@qq.com', '13695557742', '海口市美兰区', 92, 16, 34, '劳动合同', '高中', '无', '海南侨中', '2018-01-01', NULL, '00000050', 1, NULL, NULL, '2018-01-01', '2019-01-01', NULL);
INSERT INTO `employee` VALUES (2221, '陈静6', '女', '1989-02-01', '421288198902011234', '已婚', 1, '海南', 1, 'chenjing@qq.com', '18795556693', '海南省海口市美兰区', 82, 12, 30, '劳动合同', '高中', '市场营销', '武汉大学', '2015-06-09', NULL, '00000052', 3, NULL, NULL, '2015-06-09', '2018-06-08', NULL);
INSERT INTO `employee` VALUES (2222, '赵琳浩6', '男', '1993-03-04', '610122199303041456', '未婚', 1, '陕西', 3, 'zhao@qq.com', '15698887795', '陕西省西安市莲湖区', 91, 12, 33, '劳动合同', '博士', '电子工程', '哈尔滨理工大学', '2018-01-01', NULL, '00000053', 3.5, NULL, NULL, '2018-01-01', '2021-07-14', NULL);
INSERT INTO `employee` VALUES (2223, '鹿存亮6', '男', '1990-01-03', '610122199001031456', '已婚', 1, '陕西', 3, 'zhao@qq.com', '15612347795', '陕西省西安市莲湖区', 92, 12, 34, '劳动合同', '高中', '电子工程', '哈尔滨理工大学', '2018-01-01', NULL, '00000054', 3.5, NULL, NULL, '2018-01-01', '2021-07-14', NULL);
INSERT INTO `employee` VALUES (2224, '姚森6', '男', '1991-02-05', '610122199102058952', '已婚', 1, '河南', 3, 'yaosen@qq.com', '14785559936', '河南洛阳人民大道58号', 92, 15, 34, '劳动合同', '初中', '室内装修设计', '西北大学', '2017-01-02', NULL, '00000055', 7, NULL, NULL, '2017-01-02', '2024-01-17', NULL);
INSERT INTO `employee` VALUES (2225, '云星6', '女', '1993-01-05', '610122199301054789', '已婚', 1, '陕西西安', 1, 'yunxing@qq.com', '15644442252', '陕西西安新城区', 92, 16, 34, '劳务合同', '硕士', '通信工程', '西安电子科技学校', '2018-01-01', NULL, '00000056', 5.25, NULL, NULL, '2018-01-01', '2023-04-13', NULL);
INSERT INTO `employee` VALUES (2226, '陈静', '女', '1989-02-01', '421288198902011234', '已婚', 1, '海南', 1, 'chenjing@qq.com', '18795556693', '海南省海口市美兰区', 82, 12, 30, '劳动合同', '高中', '市场营销', '武汉大学', '2015-06-09', NULL, '00000002', 3, NULL, NULL, '2015-06-09', '2018-06-08', NULL);
INSERT INTO `employee` VALUES (2227, '赵琳浩', '男', '1993-03-04', '610122199303041456', '未婚', 1, '陕西', 3, 'zhao@qq.com', '15698887795', '陕西省西安市莲湖区', 91, 12, 33, '劳动合同', '博士', '电子工程', '哈尔滨理工大学', '2018-01-01', NULL, '00000003', 3.5, NULL, NULL, '2018-01-01', '2021-07-14', NULL);
INSERT INTO `employee` VALUES (2228, '鹿存亮', '男', '1990-01-03', '610122199001031456', '已婚', 1, '陕西', 3, 'zhao@qq.com', '15612347795', '陕西省西安市莲湖区', 92, 12, 34, '劳动合同', '高中', '电子工程', '哈尔滨理工大学', '2018-01-01', NULL, '00000004', 3.5, NULL, NULL, '2018-01-01', '2021-07-14', NULL);
INSERT INTO `employee` VALUES (2229, '姚森', '男', '1991-02-05', '610122199102058952', '已婚', 1, '河南', 3, 'yaosen@qq.com', '14785559936', '河南洛阳人民大道58号', 92, 15, 34, '劳动合同', '初中', '室内装修设计', '西北大学', '2017-01-02', NULL, '00000005', 7, NULL, NULL, '2017-01-02', '2024-01-17', NULL);
INSERT INTO `employee` VALUES (2230, '贾旭明', '男', '1993-11-11', '610122199311111234', '已婚', 1, '广东广州', 4, 'jiaxuming@qq.com', '15644441234', '广东省广州市天河区冼村路', 78, 15, 33, '劳务合同', '初中', '通信工程', '西北大学', '2018-01-01', NULL, '00000007', 5.25, NULL, NULL, '2018-01-01', '2023-04-13', NULL);
INSERT INTO `employee` VALUES (2231, '张黎明', '男', '1991-02-01', '610144199102014569', '已婚', 1, '广东', 6, 'zhangliming@qq.com', '18979994478', '广东珠海', 91, 15, 33, '劳动合同', '高中', '考古', '清华大学', '2018-01-01', NULL, '00000008', 7, NULL, NULL, '2018-01-01', '2025-01-30', NULL);
INSERT INTO `employee` VALUES (2232, '薛磊', '男', '1992-07-01', '610144199207017895', '已婚', 1, '陕西西安', 13, 'xuelei@qq.com', '15648887741', '西安市雁塔区', 92, 14, 34, '劳动合同', '初中', '无', '华胥中学', '2018-01-01', NULL, '00000009', 6, NULL, NULL, '2018-01-01', '2024-01-17', NULL);
INSERT INTO `employee` VALUES (2233, '张洁', '女', '1990-10-09', '420177199010093652', '未婚', 1, '海南', 5, 'zhangjie@qq.com', '13695557742', '海口市美兰区', 92, 16, 34, '劳动合同', '高中', '无', '海南侨中', '2018-01-01', NULL, '00000010', 1, NULL, NULL, '2018-01-01', '2019-01-01', NULL);
INSERT INTO `employee` VALUES (2234, '陈静2', '女', '1989-02-01', '421288198902011234', '已婚', 1, '海南', 1, 'chenjing@qq.com', '18795556693', '海南省海口市美兰区', 82, 12, 30, '劳动合同', '高中', '市场营销', '武汉大学', '2015-06-09', NULL, '00000012', 3, NULL, NULL, '2015-06-09', '2018-06-08', NULL);
INSERT INTO `employee` VALUES (2235, '赵琳浩2', '男', '1993-03-04', '610122199303041456', '未婚', 1, '陕西', 3, 'zhao@qq.com', '15698887795', '陕西省西安市莲湖区', 91, 12, 33, '劳动合同', '博士', '电子工程', '哈尔滨理工大学', '2018-01-01', NULL, '00000013', 3.5, NULL, NULL, '2018-01-01', '2021-07-14', NULL);
INSERT INTO `employee` VALUES (2236, '鹿存亮2', '男', '1990-01-03', '610122199001031456', '已婚', 1, '陕西', 3, 'zhao@qq.com', '15612347795', '陕西省西安市莲湖区', 92, 12, 34, '劳动合同', '高中', '电子工程', '哈尔滨理工大学', '2018-01-01', NULL, '00000014', 3.5, NULL, NULL, '2018-01-01', '2021-07-14', NULL);
INSERT INTO `employee` VALUES (2237, '姚森2', '男', '1991-02-05', '610122199102058952', '已婚', 1, '河南', 3, 'yaosen@qq.com', '14785559936', '河南洛阳人民大道58号', 92, 15, 34, '劳动合同', '初中', '室内装修设计', '西北大学', '2017-01-02', NULL, '00000015', 7, NULL, NULL, '2017-01-02', '2024-01-17', NULL);
INSERT INTO `employee` VALUES (2238, '云星2', '女', '1993-01-05', '610122199301054789', '已婚', 1, '陕西西安', 1, 'yunxing@qq.com', '15644442252', '陕西西安新城区', 92, 16, 34, '劳务合同', '硕士', '通信工程', '西安电子科技学校', '2018-01-01', NULL, '00000016', 5.25, NULL, NULL, '2018-01-01', '2023-04-13', NULL);
INSERT INTO `employee` VALUES (2239, '贾旭明2', '男', '1993-11-11', '610122199311111234', '已婚', 1, '广东广州', 4, 'jiaxuming@qq.com', '15644441234', '广东省广州市天河区冼村路', 78, 15, 33, '劳务合同', '初中', '通信工程', '西北大学', '2018-01-01', NULL, '00000017', 5.25, NULL, NULL, '2018-01-01', '2023-04-13', NULL);
INSERT INTO `employee` VALUES (2240, '王一亭', '男', '1991-02-01', '610144199102014569', '已婚', 1, '广东', 6, 'zhangliming@qq.com', '18979994478', '广东珠海', 91, 15, 33, '劳动合同', '高中', '考古', '清华大学', '2018-01-01', NULL, '00000018', 7, NULL, NULL, '2018-01-01', '2025-01-30', NULL);
INSERT INTO `employee` VALUES (2241, '薛磊2', '男', '1992-07-01', '610144199207017895', '已婚', 1, '陕西西安', 13, 'xuelei@qq.com', '15648887741', '西安市雁塔区', 92, 14, 34, '劳动合同', '初中', '无', '华胥中学', '2018-01-01', NULL, '00000019', 1, NULL, NULL, '2018-01-01', '2019-01-01', NULL);
INSERT INTO `employee` VALUES (2242, '张洁2', '女', '1990-10-09', '420177199010093652', '未婚', 1, '海南', 5, 'zhangjie@qq.com', '13695557742', '海口市美兰区', 92, 16, 34, '劳动合同', '高中', '无', '海南侨中', '2018-01-01', NULL, '00000020', 1, NULL, NULL, '2018-01-01', '2019-01-01', NULL);
INSERT INTO `employee` VALUES (2243, '陈静3', '女', '1989-02-01', '421288198902011234', '已婚', 1, '海南', 1, 'chenjing@qq.com', '18795556693', '海南省海口市美兰区', 82, 12, 30, '劳动合同', '高中', '市场营销', '武汉大学', '2015-06-09', NULL, '00000022', 3, NULL, NULL, '2015-06-09', '2018-06-08', NULL);
INSERT INTO `employee` VALUES (2244, '鹿存亮3', '男', '1990-01-03', '610122199001031456', '已婚', 1, '陕西', 3, 'zhao@qq.com', '15612347795', '陕西省西安市莲湖区', 92, 12, 34, '劳动合同', '高中', '电子工程', '哈尔滨理工大学', '2018-01-01', NULL, '00000024', 3.5, NULL, NULL, '2018-01-01', '2021-07-14', NULL);
INSERT INTO `employee` VALUES (2245, '姚森3', '男', '1991-02-05', '610122199102058952', '已婚', 1, '河南', 3, 'yaosen@qq.com', '14785559936', '河南洛阳人民大道58号', 92, 15, 34, '劳动合同', '初中', '室内装修设计', '西北大学', '2017-01-02', NULL, '00000025', 7, NULL, NULL, '2017-01-02', '2024-01-17', NULL);
INSERT INTO `employee` VALUES (2246, '云星3', '女', '1993-01-05', '610122199301054789', '已婚', 1, '陕西西安', 1, 'yunxing@qq.com', '15644442252', '陕西西安新城区', 92, 16, 34, '劳务合同', '硕士', '通信工程', '西安电子科技学校', '2018-01-01', NULL, '00000026', 5.25, NULL, NULL, '2018-01-01', '2023-04-13', NULL);
INSERT INTO `employee` VALUES (2247, '贾旭明3', '男', '1993-11-11', '610122199311111234', '已婚', 1, '广东广州', 4, 'jiaxuming@qq.com', '15644441234', '广东省广州市天河区冼村路', 78, 15, 33, '劳务合同', '初中', '通信工程', '西北大学', '2018-01-01', NULL, '00000027', 5.25, NULL, NULL, '2018-01-01', '2023-04-13', NULL);
INSERT INTO `employee` VALUES (2248, '张黎明3', '男', '1991-02-01', '610144199102014569', '已婚', 1, '广东', 6, 'zhangliming@qq.com', '18979994478', '广东珠海', 91, 15, 33, '劳动合同', '高中', '考古', '清华大学', '2018-01-01', NULL, '00000028', 7, NULL, NULL, '2018-01-01', '2025-01-30', NULL);
INSERT INTO `employee` VALUES (2249, '薛磊3', '男', '1992-07-01', '610144199207017895', '已婚', 1, '陕西西安', 13, 'xuelei@qq.com', '15648887741', '西安市雁塔区', 92, 14, 34, '劳动合同', '初中', '无', '华胥中学', '2018-01-01', NULL, '00000029', 6, NULL, NULL, '2018-01-01', '2024-01-17', NULL);
INSERT INTO `employee` VALUES (2250, '陈静4', '女', '1989-02-01', '421288198902011234', '已婚', 1, '海南', 1, 'chenjing@qq.com', '18795556693', '海南省海口市美兰区', 82, 12, 30, '劳动合同', '高中', '市场营销', '武汉大学', '2015-06-09', NULL, '00000032', 3, NULL, NULL, '2015-06-09', '2018-06-08', NULL);
INSERT INTO `employee` VALUES (2251, '赵琳浩4', '男', '1993-03-04', '610122199303041456', '未婚', 1, '陕西', 3, 'zhao@qq.com', '15698887795', '陕西省西安市莲湖区', 91, 12, 33, '劳动合同', '博士', '电子工程', '哈尔滨理工大学', '2018-01-01', NULL, '00000033', 3.5, NULL, NULL, '2018-01-01', '2021-07-14', NULL);
INSERT INTO `employee` VALUES (2252, '鹿存亮4', '男', '1990-01-03', '610122199001031456', '已婚', 1, '陕西', 3, 'zhao@qq.com', '15612347795', '陕西省西安市莲湖区', 92, 12, 34, '劳动合同', '高中', '电子工程', '哈尔滨理工大学', '2018-01-01', NULL, '00000034', 3.5, NULL, NULL, '2018-01-01', '2021-07-14', NULL);
INSERT INTO `employee` VALUES (2253, '姚森4', '男', '1991-02-05', '610122199102058952', '已婚', 1, '河南', 3, 'yaosen@qq.com', '14785559936', '河南洛阳人民大道58号', 92, 15, 34, '劳动合同', '初中', '室内装修设计', '西北大学', '2017-01-02', NULL, '00000035', 7, NULL, NULL, '2017-01-02', '2024-01-17', NULL);
INSERT INTO `employee` VALUES (2254, '云星4', '女', '1993-01-05', '610122199301054789', '已婚', 1, '陕西西安', 1, 'yunxing@qq.com', '15644442252', '陕西西安新城区', 92, 16, 34, '劳务合同', '硕士', '通信工程', '西安电子科技学校', '2018-01-01', NULL, '00000036', 5.25, NULL, NULL, '2018-01-01', '2023-04-13', NULL);
INSERT INTO `employee` VALUES (2255, '贾旭明4', '男', '1993-11-11', '610122199311111234', '已婚', 1, '广东广州', 4, 'jiaxuming@qq.com', '15644441234', '广东省广州市天河区冼村路', 78, 15, 33, '劳务合同', '初中', '通信工程', '西北大学', '2018-01-01', NULL, '00000037', 5.25, NULL, NULL, '2018-01-01', '2023-04-13', NULL);
INSERT INTO `employee` VALUES (2256, '谢工', '女', '1970-01-01', '618177197001011234', '离异', 1, '江苏', 1, '584991843@qq.com', '18558887788', '北京', 91, 12, 29, '劳动合同', '本科', '计算机软件', '南华大学', '2018-01-01', NULL, '00000038', 5, NULL, NULL, '2018-01-01', '2023-01-01', NULL);
INSERT INTO `employee` VALUES (2257, '林昭亮', '男', '1990-01-01', '610122199809091234', '已婚', 1, '广东', 13, '584991843@qq.com', '16767776654', '广东深圳', 91, 15, 33, '劳动合同', '大专', '计算机软件', '广东职业技术学院', '2018-01-01', NULL, '00000039', 5, NULL, NULL, '2018-01-01', '2023-01-01', NULL);
INSERT INTO `employee` VALUES (2259, '陈静', '女', '1989-02-01', '421288198902011234', '已婚', 1, '海南', 1, 'chenjing@qq.com', '18795556693', '海南省海口市美兰区', 91, 12, 29, '劳动合同', '高中', '市场营销', '武汉大学', '2015-06-09', NULL, '00000002', 3, '2015-09-10', NULL, '2015-06-09', '2018-06-08', NULL);
INSERT INTO `employee` VALUES (2260, '赵琳浩', '男', '1993-03-04', '610122199303041456', '未婚', 1, '陕西', 3, 'zhao@qq.com', '15698887795', '陕西省西安市莲湖区', 91, 12, 33, '劳动合同', '博士', '电子工程', '哈尔滨理工大学', '2018-01-01', NULL, '00000003', 3.5, '2018-04-01', NULL, '2018-01-01', '2021-07-14', NULL);
INSERT INTO `employee` VALUES (2261, '鹿存亮', '男', '1990-01-03', '610122199001031456', '已婚', 1, '陕西', 3, 'zhao@qq.com', '15612347795', '陕西省西安市莲湖区', 92, 12, 34, '劳动合同', '高中', '电子工程', '哈尔滨理工大学', '2018-01-01', NULL, '00000004', 3.5, '2018-04-01', NULL, '2018-01-01', '2021-07-14', NULL);
INSERT INTO `employee` VALUES (2262, '姚森', '男', '1991-02-05', '610122199102058952', '已婚', 1, '河南', 3, 'yaosen@qq.com', '14785559936', '河南洛阳人民大道58号', 92, 15, 34, '劳动合同', '硕士', '室内装修设计', '西北大学', '2017-01-02', NULL, '00000005', 7, '2017-04-02', NULL, '2017-01-02', '2024-01-17', NULL);
INSERT INTO `employee` VALUES (2263, '云星', '女', '1993-01-05', '610122199301054789', '已婚', 1, '陕西西安', 1, 'yunxing@qq.com', '15644442252', '陕西西安新城区', 92, 16, 34, '劳务合同', '硕士', '通信工程', '西安电子科技学校', '2018-01-01', NULL, '00000006', 5.25, '2018-04-01', NULL, '2018-01-01', '2023-04-13', NULL);
INSERT INTO `employee` VALUES (2264, '贾旭明', '男', '1993-11-11', '610122199311111234', '已婚', 1, '广东广州', 4, 'jiaxuming@qq.com', '15644441234', '广东省广州市天河区冼村路', 78, 15, 33, '劳务合同', '初中', '通信工程', '西北大学', '2018-01-01', NULL, '00000007', 5.25, '2018-04-01', NULL, '2018-01-01', '2023-04-13', NULL);
INSERT INTO `employee` VALUES (2265, '张黎明', '男', '1991-02-01', '610144199102014569', '已婚', 1, '广东', 6, 'zhangliming@qq.com', '18979994478', '广东珠海', 91, 15, 33, '劳动合同', '高中', '考古', '清华大学', '2018-01-01', NULL, '00000008', 7, '2018-04-01', NULL, '2018-01-01', '2025-01-30', NULL);
INSERT INTO `employee` VALUES (2266, '薛磊', '男', '1992-07-01', '610144199207017895', '已婚', 1, '陕西西安', 13, 'xuelei@qq.com', '15648887741', '西安市雁塔区', 92, 14, 34, '劳动合同', '初中', '无', '华胥中学', '2018-01-01', NULL, '00000009', 6, '2018-04-01', NULL, '2018-01-01', '2024-01-17', NULL);
INSERT INTO `employee` VALUES (2267, '张洁', '女', '1990-10-09', '420177199010093652', '未婚', 1, '海南', 5, 'zhangjie@qq.com', '13695557742', '海口市美兰区', 92, 16, 34, '劳动合同', '高中', '无', '海南侨中', '2018-01-01', NULL, '00000010', 1, '2018-01-31', NULL, '2018-01-01', '2019-01-01', NULL);
INSERT INTO `employee` VALUES (2268, '陈静2', '女', '1989-02-01', '421288198902011234', '已婚', 1, '海南', 1, 'chenjing@qq.com', '18795556693', '海南省海口市美兰区', 82, 12, 30, '劳动合同', '高中', '市场营销', '武汉大学', '2015-06-09', NULL, '00000012', 3, '2015-09-10', NULL, '2015-06-09', '2018-06-08', NULL);
INSERT INTO `employee` VALUES (2269, '赵琳浩2', '男', '1993-03-04', '610122199303041456', '未婚', 1, '陕西', 3, 'zhao@qq.com', '15698887795', '陕西省西安市莲湖区', 91, 12, 33, '劳动合同', '博士', '电子工程', '哈尔滨理工大学', '2018-01-01', NULL, '00000013', 3.5, '2018-04-01', NULL, '2018-01-01', '2021-07-14', NULL);
INSERT INTO `employee` VALUES (2270, '鹿存亮2', '男', '1990-01-03', '610122199001031456', '已婚', 1, '陕西', 3, 'zhao@qq.com', '15612347795', '陕西省西安市莲湖区', 92, 12, 34, '劳动合同', '高中', '电子工程', '哈尔滨理工大学', '2018-01-01', NULL, '00000014', 3.5, '2018-04-01', NULL, '2018-01-01', '2021-07-14', NULL);
INSERT INTO `employee` VALUES (2271, '姚森2', '男', '1991-02-05', '610122199102058952', '已婚', 1, '河南', 3, 'yaosen@qq.com', '14785559936', '河南洛阳人民大道58号', 92, 15, 34, '劳动合同', '初中', '室内装修设计', '西北大学', '2017-01-02', NULL, '00000015', 7, '2017-04-02', NULL, '2017-01-02', '2024-01-17', NULL);
INSERT INTO `employee` VALUES (2272, '云星2', '女', '1993-01-05', '610122199301054789', '已婚', 1, '陕西西安', 1, 'yunxing@qq.com', '15644442252', '陕西西安新城区', 92, 16, 34, '劳务合同', '硕士', '通信工程', '西安电子科技学校', '2018-01-01', NULL, '00000016', 5.25, '2018-04-01', NULL, '2018-01-01', '2023-04-13', NULL);
INSERT INTO `employee` VALUES (2273, '贾旭明2', '男', '1993-11-11', '610122199311111234', '已婚', 1, '广东广州', 4, 'jiaxuming@qq.com', '15644441234', '广东省广州市天河区冼村路', 78, 15, 33, '劳务合同', '初中', '通信工程', '西北大学', '2018-01-01', NULL, '00000017', 5.25, '2018-04-01', NULL, '2018-01-01', '2023-04-13', NULL);
INSERT INTO `employee` VALUES (2274, '王一亭', '男', '1991-02-01', '610144199102014569', '已婚', 1, '广东', 6, 'zhangliming@qq.com', '18979994478', '广东珠海', 91, 15, 33, '劳动合同', '高中', '考古', '清华大学', '2018-01-01', NULL, '00000018', 7, '2018-04-01', NULL, '2018-01-01', '2025-01-30', NULL);
INSERT INTO `employee` VALUES (2275, '薛磊2', '男', '1992-07-01', '610144199207017895', '已婚', 1, '陕西西安', 13, 'xuelei@qq.com', '15648887741', '西安市雁塔区', 92, 14, 34, '劳动合同', '初中', '无', '华胥中学', '2018-01-01', NULL, '00000019', 1, '2018-04-01', NULL, '2018-01-01', '2019-01-01', NULL);
INSERT INTO `employee` VALUES (2276, '张洁2', '女', '1990-10-09', '420177199010093652', '未婚', 1, '海南', 5, 'zhangjie@qq.com', '13695557742', '海口市美兰区', 92, 16, 34, '劳动合同', '高中', '无', '海南侨中', '2018-01-01', NULL, '00000020', 1, '2018-01-31', NULL, '2018-01-01', '2019-01-01', NULL);
INSERT INTO `employee` VALUES (2277, '陈静3', '女', '1989-02-01', '421288198902011234', '已婚', 1, '海南', 1, 'chenjing@qq.com', '18795556693', '海南省海口市美兰区', 82, 12, 30, '劳动合同', '高中', '市场营销', '武汉大学', '2015-06-09', NULL, '00000022', 3, '2015-09-10', NULL, '2015-06-09', '2018-06-08', NULL);
INSERT INTO `employee` VALUES (2278, '鹿存亮3', '男', '1990-01-03', '610122199001031456', '已婚', 1, '陕西', 3, 'zhao@qq.com', '15612347795', '陕西省西安市莲湖区', 92, 12, 34, '劳动合同', '高中', '电子工程', '哈尔滨理工大学', '2018-01-01', NULL, '00000024', 3.5, '2018-04-01', NULL, '2018-01-01', '2021-07-14', NULL);
INSERT INTO `employee` VALUES (2279, '姚森3', '男', '1991-02-05', '610122199102058952', '已婚', 1, '河南', 3, 'yaosen@qq.com', '14785559936', '河南洛阳人民大道58号', 92, 15, 34, '劳动合同', '初中', '室内装修设计', '西北大学', '2017-01-02', NULL, '00000025', 7, '2017-04-02', NULL, '2017-01-02', '2024-01-17', NULL);
INSERT INTO `employee` VALUES (2280, '云星3', '女', '1993-01-05', '610122199301054789', '已婚', 1, '陕西西安', 1, 'yunxing@qq.com', '15644442252', '陕西西安新城区', 92, 16, 34, '劳务合同', '硕士', '通信工程', '西安电子科技学校', '2018-01-01', NULL, '00000026', 5.25, '2018-04-01', NULL, '2018-01-01', '2023-04-13', NULL);
INSERT INTO `employee` VALUES (2281, '贾旭明3', '男', '1993-11-11', '610122199311111234', '已婚', 1, '广东广州', 4, 'jiaxuming@qq.com', '15644441234', '广东省广州市天河区冼村路', 78, 15, 33, '劳务合同', '初中', '通信工程', '西北大学', '2018-01-01', NULL, '00000027', 5.25, '2018-04-01', NULL, '2018-01-01', '2023-04-13', NULL);
INSERT INTO `employee` VALUES (2282, '张黎明3', '男', '1991-02-01', '610144199102014569', '已婚', 1, '广东', 6, 'zhangliming@qq.com', '18979994478', '广东珠海', 91, 15, 33, '劳动合同', '高中', '考古', '清华大学', '2018-01-01', NULL, '00000028', 7, '2018-04-01', NULL, '2018-01-01', '2025-01-30', NULL);
INSERT INTO `employee` VALUES (2283, '薛磊3', '男', '1992-07-01', '610144199207017895', '已婚', 1, '陕西西安', 13, 'xuelei@qq.com', '15648887741', '西安市雁塔区', 92, 14, 34, '劳动合同', '初中', '无', '华胥中学', '2018-01-01', NULL, '00000029', 6, '2018-04-01', NULL, '2018-01-01', '2024-01-17', NULL);
INSERT INTO `employee` VALUES (2284, '陈静4', '女', '1989-02-01', '421288198902011234', '已婚', 1, '海南', 1, 'chenjing@qq.com', '18795556693', '海南省海口市美兰区', 82, 12, 30, '劳动合同', '高中', '市场营销', '武汉大学', '2015-06-09', NULL, '00000032', 3, '2015-09-10', NULL, '2015-06-09', '2018-06-08', NULL);
INSERT INTO `employee` VALUES (2285, '赵琳浩4', '男', '1993-03-04', '610122199303041456', '未婚', 1, '陕西', 3, 'zhao@qq.com', '15698887795', '陕西省西安市莲湖区', 91, 12, 33, '劳动合同', '博士', '电子工程', '哈尔滨理工大学', '2018-01-01', NULL, '00000033', 3.5, '2018-04-01', NULL, '2018-01-01', '2021-07-14', NULL);
INSERT INTO `employee` VALUES (2286, '鹿存亮4', '男', '1990-01-03', '610122199001031456', '已婚', 1, '陕西', 3, 'zhao@qq.com', '15612347795', '陕西省西安市莲湖区', 92, 12, 34, '劳动合同', '高中', '电子工程', '哈尔滨理工大学', '2018-01-01', NULL, '00000034', 3.5, '2018-04-01', NULL, '2018-01-01', '2021-07-14', NULL);
INSERT INTO `employee` VALUES (2287, '姚森4', '男', '1991-02-05', '610122199102058952', '已婚', 1, '河南', 3, 'yaosen@qq.com', '14785559936', '河南洛阳人民大道58号', 92, 15, 34, '劳动合同', '初中', '室内装修设计', '西北大学', '2017-01-02', NULL, '00000035', 7, '2017-04-02', NULL, '2017-01-02', '2024-01-17', NULL);
INSERT INTO `employee` VALUES (2288, '云星4', '女', '1993-01-05', '610122199301054789', '已婚', 1, '陕西西安', 1, 'yunxing@qq.com', '15644442252', '陕西西安新城区', 92, 16, 34, '劳务合同', '硕士', '通信工程', '西安电子科技学校', '2018-01-01', NULL, '00000036', 5.25, '2018-04-01', NULL, '2018-01-01', '2023-04-13', NULL);
INSERT INTO `employee` VALUES (2289, '贾旭明4', '男', '1993-11-11', '610122199311111234', '已婚', 1, '广东广州', 4, 'jiaxuming@qq.com', '15644441234', '广东省广州市天河区冼村路', 78, 15, 33, '劳务合同', '初中', '通信工程', '西北大学', '2018-01-01', NULL, '00000037', 5.25, '2018-04-01', NULL, '2018-01-01', '2023-04-13', NULL);
INSERT INTO `employee` VALUES (2290, '张黎明2', '男', '1991-02-01', '610144199102014569', '已婚', 1, '广东', 6, 'zhangliming@qq.com', '18979994478', '广东珠海', 91, 15, 33, '劳动合同', '高中', '考古', '清华大学', '2018-01-01', NULL, '00000038', 7, '2018-04-01', NULL, '2018-01-01', '2025-01-30', NULL);
INSERT INTO `employee` VALUES (2291, '薛磊4', '男', '1992-07-01', '610144199207017895', '已婚', 1, '陕西西安', 13, 'xuelei@qq.com', '15648887741', '西安市雁塔区', 92, 14, 34, '劳动合同', '初中', '无', '华胥中学', '2018-01-01', NULL, '00000039', 6, '2018-04-01', NULL, '2018-01-01', '2024-01-17', NULL);
INSERT INTO `employee` VALUES (2292, '张洁4', '女', '1990-10-09', '420177199010093652', '未婚', 1, '海南', 5, 'zhangjie@qq.com', '13695557742', '海口市美兰区', 92, 16, 34, '劳动合同', '高中', '无', '海南侨中', '2018-01-01', NULL, '00000040', 1, '2018-01-31', NULL, '2018-01-01', '2019-01-01', NULL);
INSERT INTO `employee` VALUES (2293, '陈静5', '女', '1989-02-01', '421288198902011234', '已婚', 1, '海南', 1, 'chenjing@qq.com', '18795556693', '海南省海口市美兰区', 82, 12, 30, '劳动合同', '高中', '市场营销', '武汉大学', '2015-06-09', NULL, '00000042', 3, '2015-09-10', NULL, '2015-06-09', '2018-06-08', NULL);
INSERT INTO `employee` VALUES (2294, '赵琳浩5', '男', '1993-03-04', '610122199303041456', '未婚', 1, '陕西', 3, 'zhao@qq.com', '15698887795', '陕西省西安市莲湖区', 91, 12, 33, '劳动合同', '博士', '电子工程', '哈尔滨理工大学', '2018-01-01', NULL, '00000043', 3.5, '2018-04-01', NULL, '2018-01-01', '2021-07-14', NULL);
INSERT INTO `employee` VALUES (2295, '鹿存亮5', '男', '1990-01-03', '610122199001031456', '已婚', 1, '陕西', 3, 'zhao@qq.com', '15612347795', '陕西省西安市莲湖区', 92, 12, 34, '劳动合同', '高中', '电子工程', '哈尔滨理工大学', '2018-01-01', NULL, '00000044', 3.5, '2018-04-01', NULL, '2018-01-01', '2021-07-14', NULL);
INSERT INTO `employee` VALUES (2296, '姚森5', '男', '1991-02-05', '610122199102058952', '已婚', 1, '河南', 3, 'yaosen@qq.com', '14785559936', '河南洛阳人民大道58号', 92, 15, 34, '劳动合同', '初中', '室内装修设计', '西北大学', '2017-01-02', NULL, '00000045', 7, '2017-04-02', NULL, '2017-01-02', '2024-01-17', NULL);
INSERT INTO `employee` VALUES (2297, '云星5', '女', '1993-01-05', '610122199301054789', '已婚', 1, '陕西西安', 1, 'yunxing@qq.com', '15644442252', '陕西西安新城区', 92, 16, 34, '劳务合同', '硕士', '通信工程', '西安电子科技学校', '2018-01-01', NULL, '00000046', 5.25, '2018-04-01', NULL, '2018-01-01', '2023-04-13', NULL);
INSERT INTO `employee` VALUES (2298, '贾旭明5', '男', '1993-11-11', '610122199311111234', '已婚', 1, '广东广州', 4, 'jiaxuming@qq.com', '15644441234', '广东省广州市天河区冼村路', 78, 15, 33, '劳务合同', '初中', '通信工程', '西北大学', '2018-01-01', NULL, '00000047', 5.25, '2018-04-01', NULL, '2018-01-01', '2023-04-13', NULL);
INSERT INTO `employee` VALUES (2299, '张黎明5', '男', '1991-02-01', '610144199102014569', '已婚', 1, '广东', 6, 'zhangliming@qq.com', '18979994478', '广东珠海', 91, 15, 33, '劳动合同', '高中', '考古', '清华大学', '2018-01-01', NULL, '00000048', 7, '2018-04-01', NULL, '2018-01-01', '2025-01-30', NULL);
INSERT INTO `employee` VALUES (2300, '薛磊5', '男', '1992-07-01', '610144199207017895', '已婚', 1, '陕西西安', 13, 'xuelei@qq.com', '15648887741', '西安市雁塔区', 92, 14, 34, '劳动合同', '初中', '无', '华胥中学', '2018-01-01', NULL, '00000049', 6, '2018-04-01', NULL, '2018-01-01', '2024-01-17', NULL);
INSERT INTO `employee` VALUES (2301, '张洁5', '女', '1990-10-09', '420177199010093652', '未婚', 1, '海南', 5, 'zhangjie@qq.com', '13695557742', '海口市美兰区', 92, 16, 34, '劳动合同', '高中', '无', '海南侨中', '2018-01-01', NULL, '00000050', 1, '2018-01-31', NULL, '2018-01-01', '2019-01-01', NULL);
INSERT INTO `employee` VALUES (2302, '陈静6', '女', '1989-02-01', '421288198902011234', '已婚', 1, '海南', 1, 'chenjing@qq.com', '18795556693', '海南省海口市美兰区', 82, 12, 30, '劳动合同', '高中', '市场营销', '武汉大学', '2015-06-09', NULL, '00000052', 3, '2015-09-10', NULL, '2015-06-09', '2018-06-08', NULL);
INSERT INTO `employee` VALUES (2303, '赵琳浩6', '男', '1993-03-04', '610122199303041456', '未婚', 1, '陕西', 3, 'zhao@qq.com', '15698887795', '陕西省西安市莲湖区', 91, 12, 33, '劳动合同', '博士', '电子工程', '哈尔滨理工大学', '2018-01-01', NULL, '00000053', 3.5, '2018-04-01', NULL, '2018-01-01', '2021-07-14', NULL);
INSERT INTO `employee` VALUES (2304, '鹿存亮6', '男', '1990-01-03', '610122199001031456', '已婚', 1, '陕西', 3, 'zhao@qq.com', '15612347795', '陕西省西安市莲湖区', 92, 12, 34, '劳动合同', '高中', '电子工程', '哈尔滨理工大学', '2018-01-01', NULL, '00000054', 3.5, '2018-04-01', NULL, '2018-01-01', '2021-07-14', NULL);
INSERT INTO `employee` VALUES (2305, '姚森6', '男', '1991-02-05', '610122199102058952', '已婚', 1, '河南', 3, 'yaosen@qq.com', '14785559936', '河南洛阳人民大道58号', 92, 15, 34, '劳动合同', '初中', '室内装修设计', '西北大学', '2017-01-02', NULL, '00000055', 7, '2017-04-02', NULL, '2017-01-02', '2024-01-17', NULL);
INSERT INTO `employee` VALUES (2306, '云星6', '女', '1993-01-05', '610122199301054789', '已婚', 1, '陕西西安', 1, 'yunxing@qq.com', '15644442252', '陕西西安新城区', 92, 16, 34, '劳务合同', '硕士', '通信工程', '西安电子科技学校', '2018-01-01', NULL, '00000056', 5.25, '2018-04-01', NULL, '2018-01-01', '2023-04-13', NULL);
INSERT INTO `employee` VALUES (2307, '陈静', '女', '1989-02-01', '421288198902011234', '已婚', 1, '海南', 1, 'chenjing@qq.com', '18795556693', '海南省海口市美兰区', 82, 12, 30, '劳动合同', '高中', '市场营销', '武汉大学', '2015-06-09', NULL, '00000002', 3, NULL, NULL, '2015-06-09', '2018-06-08', NULL);
INSERT INTO `employee` VALUES (2308, '赵琳浩', '男', '1993-03-04', '610122199303041456', '未婚', 1, '陕西', 3, 'zhao@qq.com', '15698887795', '陕西省西安市莲湖区', 91, 12, 33, '劳动合同', '博士', '电子工程', '哈尔滨理工大学', '2018-01-01', NULL, '00000003', 3.5, NULL, NULL, '2018-01-01', '2021-07-14', NULL);
INSERT INTO `employee` VALUES (2309, '鹿存亮', '男', '1990-01-03', '610122199001031456', '已婚', 1, '陕西', 3, 'zhao@qq.com', '15612347795', '陕西省西安市莲湖区', 92, 12, 34, '劳动合同', '高中', '电子工程', '哈尔滨理工大学', '2018-01-01', NULL, '00000004', 3.5, NULL, NULL, '2018-01-01', '2021-07-14', NULL);
INSERT INTO `employee` VALUES (2310, '姚森', '男', '1991-02-05', '610122199102058952', '已婚', 1, '河南', 3, 'yaosen@qq.com', '14785559936', '河南洛阳人民大道58号', 92, 15, 34, '劳动合同', '初中', '室内装修设计', '西北大学', '2017-01-02', NULL, '00000005', 7, NULL, NULL, '2017-01-02', '2024-01-17', NULL);
INSERT INTO `employee` VALUES (2311, '贾旭明', '男', '1993-11-11', '610122199311111234', '已婚', 1, '广东广州', 4, 'jiaxuming@qq.com', '15644441234', '广东省广州市天河区冼村路', 78, 15, 33, '劳务合同', '初中', '通信工程', '西北大学', '2018-01-01', NULL, '00000007', 5.25, NULL, NULL, '2018-01-01', '2023-04-13', NULL);
INSERT INTO `employee` VALUES (2312, '张黎明', '男', '1991-02-01', '610144199102014569', '已婚', 1, '广东', 6, 'zhangliming@qq.com', '18979994478', '广东珠海', 91, 15, 33, '劳动合同', '高中', '考古', '清华大学', '2018-01-01', NULL, '00000008', 7, NULL, NULL, '2018-01-01', '2025-01-30', NULL);
INSERT INTO `employee` VALUES (2313, '薛磊', '男', '1992-07-01', '610144199207017895', '已婚', 1, '陕西西安', 13, 'xuelei@qq.com', '15648887741', '西安市雁塔区', 92, 14, 34, '劳动合同', '初中', '无', '华胥中学', '2018-01-01', NULL, '00000009', 6, NULL, NULL, '2018-01-01', '2024-01-17', NULL);
INSERT INTO `employee` VALUES (2314, '张洁', '女', '1990-10-09', '420177199010093652', '未婚', 1, '海南', 5, 'zhangjie@qq.com', '13695557742', '海口市美兰区', 92, 16, 34, '劳动合同', '高中', '无', '海南侨中', '2018-01-01', NULL, '00000010', 1, NULL, NULL, '2018-01-01', '2019-01-01', NULL);
INSERT INTO `employee` VALUES (2315, '陈静2', '女', '1989-02-01', '421288198902011234', '已婚', 1, '海南', 1, 'chenjing@qq.com', '18795556693', '海南省海口市美兰区', 82, 12, 30, '劳动合同', '高中', '市场营销', '武汉大学', '2015-06-09', NULL, '00000012', 3, NULL, NULL, '2015-06-09', '2018-06-08', NULL);
INSERT INTO `employee` VALUES (2316, '赵琳浩2', '男', '1993-03-04', '610122199303041456', '未婚', 1, '陕西', 3, 'zhao@qq.com', '15698887795', '陕西省西安市莲湖区', 91, 12, 33, '劳动合同', '博士', '电子工程', '哈尔滨理工大学', '2018-01-01', NULL, '00000013', 3.5, NULL, NULL, '2018-01-01', '2021-07-14', NULL);
INSERT INTO `employee` VALUES (2317, '鹿存亮2', '男', '1990-01-03', '610122199001031456', '已婚', 1, '陕西', 3, 'zhao@qq.com', '15612347795', '陕西省西安市莲湖区', 92, 12, 34, '劳动合同', '高中', '电子工程', '哈尔滨理工大学', '2018-01-01', NULL, '00000014', 3.5, NULL, NULL, '2018-01-01', '2021-07-14', NULL);
INSERT INTO `employee` VALUES (2318, '姚森2', '男', '1991-02-05', '610122199102058952', '已婚', 1, '河南', 3, 'yaosen@qq.com', '14785559936', '河南洛阳人民大道58号', 92, 15, 34, '劳动合同', '初中', '室内装修设计', '西北大学', '2017-01-02', NULL, '00000015', 7, NULL, NULL, '2017-01-02', '2024-01-17', NULL);
INSERT INTO `employee` VALUES (2319, '云星2', '女', '1993-01-05', '610122199301054789', '已婚', 1, '陕西西安', 1, 'yunxing@qq.com', '15644442252', '陕西西安新城区', 92, 16, 34, '劳务合同', '硕士', '通信工程', '西安电子科技学校', '2018-01-01', NULL, '00000016', 5.25, NULL, NULL, '2018-01-01', '2023-04-13', NULL);
INSERT INTO `employee` VALUES (2320, '贾旭明2', '男', '1993-11-11', '610122199311111234', '已婚', 1, '广东广州', 4, 'jiaxuming@qq.com', '15644441234', '广东省广州市天河区冼村路', 78, 15, 33, '劳务合同', '初中', '通信工程', '西北大学', '2018-01-01', NULL, '00000017', 5.25, NULL, NULL, '2018-01-01', '2023-04-13', NULL);
INSERT INTO `employee` VALUES (2321, '王一亭', '男', '1991-02-01', '610144199102014569', '已婚', 1, '广东', 6, 'zhangliming@qq.com', '18979994478', '广东珠海', 91, 15, 33, '劳动合同', '高中', '考古', '清华大学', '2018-01-01', NULL, '00000018', 7, NULL, NULL, '2018-01-01', '2025-01-30', NULL);
INSERT INTO `employee` VALUES (2322, '薛磊2', '男', '1992-07-01', '610144199207017895', '已婚', 1, '陕西西安', 13, 'xuelei@qq.com', '15648887741', '西安市雁塔区', 92, 14, 34, '劳动合同', '初中', '无', '华胥中学', '2018-01-01', NULL, '00000019', 1, NULL, NULL, '2018-01-01', '2019-01-01', NULL);
INSERT INTO `employee` VALUES (2323, '张洁2', '女', '1990-10-09', '420177199010093652', '未婚', 1, '海南', 5, 'zhangjie@qq.com', '13695557742', '海口市美兰区', 92, 16, 34, '劳动合同', '高中', '无', '海南侨中', '2018-01-01', NULL, '00000020', 1, NULL, NULL, '2018-01-01', '2019-01-01', NULL);
INSERT INTO `employee` VALUES (2324, '陈静3', '女', '1989-02-01', '421288198902011234', '已婚', 1, '海南', 1, 'chenjing@qq.com', '18795556693', '海南省海口市美兰区', 82, 12, 30, '劳动合同', '高中', '市场营销', '武汉大学', '2015-06-09', NULL, '00000022', 3, NULL, NULL, '2015-06-09', '2018-06-08', NULL);
INSERT INTO `employee` VALUES (2325, '鹿存亮3', '男', '1990-01-03', '610122199001031456', '已婚', 1, '陕西', 3, 'zhao@qq.com', '15612347795', '陕西省西安市莲湖区', 92, 12, 34, '劳动合同', '高中', '电子工程', '哈尔滨理工大学', '2018-01-01', NULL, '00000024', 3.5, NULL, NULL, '2018-01-01', '2021-07-14', NULL);
INSERT INTO `employee` VALUES (2326, '姚森3', '男', '1991-02-05', '610122199102058952', '已婚', 1, '河南', 3, 'yaosen@qq.com', '14785559936', '河南洛阳人民大道58号', 92, 15, 34, '劳动合同', '初中', '室内装修设计', '西北大学', '2017-01-02', NULL, '00000025', 7, NULL, NULL, '2017-01-02', '2024-01-17', NULL);
INSERT INTO `employee` VALUES (2327, '云星3', '女', '1993-01-05', '610122199301054789', '已婚', 1, '陕西西安', 1, 'yunxing@qq.com', '15644442252', '陕西西安新城区', 92, 16, 34, '劳务合同', '硕士', '通信工程', '西安电子科技学校', '2018-01-01', NULL, '00000026', 5.25, NULL, NULL, '2018-01-01', '2023-04-13', NULL);
INSERT INTO `employee` VALUES (2328, '贾旭明3', '男', '1993-11-11', '610122199311111234', '已婚', 1, '广东广州', 4, 'jiaxuming@qq.com', '15644441234', '广东省广州市天河区冼村路', 78, 15, 33, '劳务合同', '初中', '通信工程', '西北大学', '2018-01-01', NULL, '00000027', 5.25, NULL, NULL, '2018-01-01', '2023-04-13', NULL);
INSERT INTO `employee` VALUES (2329, '张黎明3', '男', '1991-02-01', '610144199102014569', '已婚', 1, '广东', 6, 'zhangliming@qq.com', '18979994478', '广东珠海', 91, 15, 33, '劳动合同', '高中', '考古', '清华大学', '2018-01-01', NULL, '00000028', 7, NULL, NULL, '2018-01-01', '2025-01-30', NULL);
INSERT INTO `employee` VALUES (2330, '薛磊3', '男', '1992-07-01', '610144199207017895', '已婚', 1, '陕西西安', 13, 'xuelei@qq.com', '15648887741', '西安市雁塔区', 92, 14, 34, '劳动合同', '初中', '无', '华胥中学', '2018-01-01', NULL, '00000029', 6, NULL, NULL, '2018-01-01', '2024-01-17', NULL);
INSERT INTO `employee` VALUES (2331, '陈静4', '女', '1989-02-01', '421288198902011234', '已婚', 1, '海南', 1, 'chenjing@qq.com', '18795556693', '海南省海口市美兰区', 82, 12, 30, '劳动合同', '高中', '市场营销', '武汉大学', '2015-06-09', NULL, '00000032', 3, NULL, NULL, '2015-06-09', '2018-06-08', NULL);
INSERT INTO `employee` VALUES (2332, '赵琳浩4', '男', '1993-03-04', '610122199303041456', '未婚', 1, '陕西', 3, 'zhao@qq.com', '15698887795', '陕西省西安市莲湖区', 91, 12, 33, '劳动合同', '博士', '电子工程', '哈尔滨理工大学', '2018-01-01', NULL, '00000033', 3.5, NULL, NULL, '2018-01-01', '2021-07-14', NULL);
INSERT INTO `employee` VALUES (2333, '鹿存亮4', '男', '1990-01-03', '610122199001031456', '已婚', 1, '陕西', 3, 'zhao@qq.com', '15612347795', '陕西省西安市莲湖区', 92, 12, 34, '劳动合同', '高中', '电子工程', '哈尔滨理工大学', '2018-01-01', NULL, '00000034', 3.5, NULL, NULL, '2018-01-01', '2021-07-14', NULL);
INSERT INTO `employee` VALUES (2334, '姚森4', '男', '1991-02-05', '610122199102058952', '已婚', 1, '河南', 3, 'yaosen@qq.com', '14785559936', '河南洛阳人民大道58号', 92, 15, 34, '劳动合同', '初中', '室内装修设计', '西北大学', '2017-01-02', NULL, '00000035', 7, NULL, NULL, '2017-01-02', '2024-01-17', NULL);
INSERT INTO `employee` VALUES (2335, '云星4', '女', '1993-01-05', '610122199301054789', '已婚', 1, '陕西西安', 1, 'yunxing@qq.com', '15644442252', '陕西西安新城区', 92, 16, 34, '劳务合同', '硕士', '通信工程', '西安电子科技学校', '2018-01-01', NULL, '00000036', 5.25, NULL, NULL, '2018-01-01', '2023-04-13', NULL);
INSERT INTO `employee` VALUES (2336, '贾旭明4', '男', '1993-11-11', '610122199311111234', '已婚', 1, '广东广州', 4, 'jiaxuming@qq.com', '15644441234', '广东省广州市天河区冼村路', 78, 15, 33, '劳务合同', '初中', '通信工程', '西北大学', '2018-01-01', NULL, '00000037', 5.25, NULL, NULL, '2018-01-01', '2023-04-13', NULL);
INSERT INTO `employee` VALUES (2337, '谢工', '女', '1970-01-01', '618177197001011234', '离异', 1, '江苏', 1, '584991843@qq.com', '18558887788', '北京', 91, 12, 29, '劳动合同', '本科', '计算机软件', '南华大学', '2018-01-01', NULL, '00000038', 5, '2019-01-01', NULL, '2018-01-01', '2023-01-01', NULL);
INSERT INTO `employee` VALUES (2338, '林昭亮', '男', '1990-01-01', '610122199809091234', '已婚', 1, '广东', 13, '584991843@qq.com', '16767776654', '广东深圳', 91, 15, 33, '劳动合同', '大专', '计算机软件', '广东职业技术学院', '2018-01-01', NULL, '00000039', 5, '2018-04-01', NULL, '2018-01-01', '2023-01-01', NULL);
INSERT INTO `employee` VALUES (2340, '陈静', '女', '1989-02-01', '421288198902011234', '已婚', 1, '海南', 1, 'chenjing@qq.com', '18795556693', '海南省海口市美兰区', 8, 12, 30, '劳动合同', '高中', '市场营销', '武汉大学', '2015-06-09', NULL, '00000002', 3, NULL, NULL, '2015-06-09', '2018-06-08', NULL);
INSERT INTO `employee` VALUES (2341, '赵琳浩', '男', '1993-03-04', '610122199303041456', '未婚', 1, '陕西', 3, 'zhao@qq.com', '15698887795', '陕西省西安市莲湖区', 91, 12, 33, '劳动合同', '博士', '电子工程', '哈尔滨理工大学', '2018-01-01', NULL, '00000003', 3.5, NULL, NULL, '2018-01-01', '2021-07-14', NULL);
INSERT INTO `employee` VALUES (2342, '鹿存亮', '男', '1990-01-03', '610122199001031456', '已婚', 1, '陕西', 3, 'zhao@qq.com', '15612347795', '陕西省西安市莲湖区', 92, 12, 34, '劳动合同', '高中', '电子工程', '哈尔滨理工大学', '2018-01-01', NULL, '00000004', 3.5, NULL, NULL, '2018-01-01', '2021-07-14', NULL);
INSERT INTO `employee` VALUES (2343, '姚森', '男', '1991-02-05', '610122199102058952', '已婚', 1, '河南', 3, 'yaosen@qq.com', '14785559936', '河南洛阳人民大道58号', 92, 15, 34, '劳动合同', '硕士', '室内装修设计', '西北大学', '2017-01-02', NULL, '00000005', 7, NULL, NULL, '2017-01-02', '2024-01-17', NULL);
INSERT INTO `employee` VALUES (2344, '云星', '女', '1993-01-05', '610122199301054789', '已婚', 1, '陕西西安', 1, 'yunxing@qq.com', '15644442252', '陕西西安新城区', 92, 16, 34, '劳务合同', '硕士', '通信工程', '西安电子科技学校', '2018-01-01', NULL, '00000006', 5.25, NULL, NULL, '2018-01-01', '2023-04-13', NULL);
INSERT INTO `employee` VALUES (2345, '贾旭明', '男', '1993-11-11', '610122199311111234', '已婚', 1, '广东广州', 4, 'jiaxuming@qq.com', '15644441234', '广东省广州市天河区冼村路', 78, 15, 33, '劳务合同', '初中', '通信工程', '西北大学', '2018-01-01', NULL, '00000007', 5.25, NULL, NULL, '2018-01-01', '2023-04-13', NULL);
INSERT INTO `employee` VALUES (2346, '张黎明', '男', '1991-02-01', '610144199102014569', '已婚', 1, '广东', 6, 'zhangliming@qq.com', '18979994478', '广东珠海', 91, 15, 33, '劳动合同', '高中', '考古', '清华大学', '2018-01-01', NULL, '00000008', 7, NULL, NULL, '2018-01-01', '2025-01-30', NULL);
INSERT INTO `employee` VALUES (2347, '薛磊', '男', '1992-07-01', '610144199207017895', '已婚', 1, '陕西西安', 13, 'xuelei@qq.com', '15648887741', '西安市雁塔区', 92, 14, 34, '劳动合同', '初中', '无', '华胥中学', '2018-01-01', NULL, '00000009', 6, NULL, NULL, '2018-01-01', '2024-01-17', NULL);
INSERT INTO `employee` VALUES (2348, '张洁', '女', '1990-10-09', '420177199010093652', '未婚', 1, '海南', 5, 'zhangjie@qq.com', '13695557742', '海口市美兰区', 92, 16, 34, '劳动合同', '高中', '无', '海南侨中', '2018-01-01', NULL, '00000010', 1, NULL, NULL, '2018-01-01', '2019-01-01', NULL);
INSERT INTO `employee` VALUES (2349, '陈静2', '女', '1989-02-01', '421288198902011234', '已婚', 1, '海南', 1, 'chenjing@qq.com', '18795556693', '海南省海口市美兰区', 82, 12, 30, '劳动合同', '高中', '市场营销', '武汉大学', '2015-06-09', NULL, '00000012', 3, NULL, NULL, '2015-06-09', '2018-06-08', NULL);
INSERT INTO `employee` VALUES (2350, '赵琳浩2', '男', '1993-03-04', '610122199303041456', '未婚', 1, '陕西', 3, 'zhao@qq.com', '15698887795', '陕西省西安市莲湖区', 91, 12, 33, '劳动合同', '博士', '电子工程', '哈尔滨理工大学', '2018-01-01', NULL, '00000013', 3.5, NULL, NULL, '2018-01-01', '2021-07-14', NULL);
INSERT INTO `employee` VALUES (2351, '鹿存亮2', '男', '1990-01-03', '610122199001031456', '已婚', 1, '陕西', 3, 'zhao@qq.com', '15612347795', '陕西省西安市莲湖区', 92, 12, 34, '劳动合同', '高中', '电子工程', '哈尔滨理工大学', '2018-01-01', NULL, '00000014', 3.5, NULL, NULL, '2018-01-01', '2021-07-14', NULL);
INSERT INTO `employee` VALUES (2352, '姚森2', '男', '1991-02-05', '610122199102058952', '已婚', 1, '河南', 3, 'yaosen@qq.com', '14785559936', '河南洛阳人民大道58号', 92, 15, 34, '劳动合同', '初中', '室内装修设计', '西北大学', '2017-01-02', NULL, '00000015', 7, NULL, NULL, '2017-01-02', '2024-01-17', NULL);
INSERT INTO `employee` VALUES (2353, '云星2', '女', '1993-01-05', '610122199301054789', '已婚', 1, '陕西西安', 1, 'yunxing@qq.com', '15644442252', '陕西西安新城区', 92, 16, 34, '劳务合同', '硕士', '通信工程', '西安电子科技学校', '2018-01-01', NULL, '00000016', 5.25, NULL, NULL, '2018-01-01', '2023-04-13', NULL);
INSERT INTO `employee` VALUES (2354, '贾旭明2', '男', '1993-11-11', '610122199311111234', '已婚', 1, '广东广州', 4, 'jiaxuming@qq.com', '15644441234', '广东省广州市天河区冼村路', 78, 15, 33, '劳务合同', '初中', '通信工程', '西北大学', '2018-01-01', NULL, '00000017', 5.25, NULL, NULL, '2018-01-01', '2023-04-13', NULL);
INSERT INTO `employee` VALUES (2355, '王一亭', '男', '1991-02-01', '610144199102014569', '已婚', 1, '广东', 6, 'zhangliming@qq.com', '18979994478', '广东珠海', 91, 15, 33, '劳动合同', '高中', '考古', '清华大学', '2018-01-01', NULL, '00000018', 7, NULL, NULL, '2018-01-01', '2025-01-30', NULL);
INSERT INTO `employee` VALUES (2356, '薛磊2', '男', '1992-07-01', '610144199207017895', '已婚', 1, '陕西西安', 13, 'xuelei@qq.com', '15648887741', '西安市雁塔区', 92, 14, 34, '劳动合同', '初中', '无', '华胥中学', '2018-01-01', NULL, '00000019', 1, NULL, NULL, '2018-01-01', '2019-01-01', NULL);
INSERT INTO `employee` VALUES (2357, '张洁2', '女', '1990-10-09', '420177199010093652', '未婚', 1, '海南', 5, 'zhangjie@qq.com', '13695557742', '海口市美兰区', 92, 16, 34, '劳动合同', '高中', '无', '海南侨中', '2018-01-01', NULL, '00000020', 1, NULL, NULL, '2018-01-01', '2019-01-01', NULL);
INSERT INTO `employee` VALUES (2358, '陈静3', '女', '1989-02-01', '421288198902011234', '已婚', 1, '海南', 1, 'chenjing@qq.com', '18795556693', '海南省海口市美兰区', 82, 12, 30, '劳动合同', '高中', '市场营销', '武汉大学', '2015-06-09', NULL, '00000022', 3, NULL, NULL, '2015-06-09', '2018-06-08', NULL);
INSERT INTO `employee` VALUES (2359, '鹿存亮3', '男', '1990-01-03', '610122199001031456', '已婚', 1, '陕西', 3, 'zhao@qq.com', '15612347795', '陕西省西安市莲湖区', 92, 12, 34, '劳动合同', '高中', '电子工程', '哈尔滨理工大学', '2018-01-01', NULL, '00000024', 3.5, NULL, NULL, '2018-01-01', '2021-07-14', NULL);
INSERT INTO `employee` VALUES (2360, '姚森3', '男', '1991-02-05', '610122199102058952', '已婚', 1, '河南', 3, 'yaosen@qq.com', '14785559936', '河南洛阳人民大道58号', 92, 15, 34, '劳动合同', '初中', '室内装修设计', '西北大学', '2017-01-02', NULL, '00000025', 7, NULL, NULL, '2017-01-02', '2024-01-17', NULL);
INSERT INTO `employee` VALUES (2361, '云星3', '女', '1993-01-05', '610122199301054789', '已婚', 1, '陕西西安', 1, 'yunxing@qq.com', '15644442252', '陕西西安新城区', 92, 16, 34, '劳务合同', '硕士', '通信工程', '西安电子科技学校', '2018-01-01', NULL, '00000026', 5.25, NULL, NULL, '2018-01-01', '2023-04-13', NULL);
INSERT INTO `employee` VALUES (2362, '贾旭明3', '男', '1993-11-11', '610122199311111234', '已婚', 1, '广东广州', 4, 'jiaxuming@qq.com', '15644441234', '广东省广州市天河区冼村路', 78, 15, 33, '劳务合同', '初中', '通信工程', '西北大学', '2018-01-01', NULL, '00000027', 5.25, NULL, NULL, '2018-01-01', '2023-04-13', NULL);
INSERT INTO `employee` VALUES (2363, '张黎明3', '男', '1991-02-01', '610144199102014569', '已婚', 1, '广东', 6, 'zhangliming@qq.com', '18979994478', '广东珠海', 91, 15, 33, '劳动合同', '高中', '考古', '清华大学', '2018-01-01', NULL, '00000028', 7, NULL, NULL, '2018-01-01', '2025-01-30', NULL);
INSERT INTO `employee` VALUES (2364, '薛磊3', '男', '1992-07-01', '610144199207017895', '已婚', 1, '陕西西安', 13, 'xuelei@qq.com', '15648887741', '西安市雁塔区', 92, 14, 34, '劳动合同', '初中', '无', '华胥中学', '2018-01-01', NULL, '00000029', 6, NULL, NULL, '2018-01-01', '2024-01-17', NULL);
INSERT INTO `employee` VALUES (2365, '陈静4', '女', '1989-02-01', '421288198902011234', '已婚', 1, '海南', 1, 'chenjing@qq.com', '18795556693', '海南省海口市美兰区', 82, 12, 30, '劳动合同', '高中', '市场营销', '武汉大学', '2015-06-09', NULL, '00000032', 3, NULL, NULL, '2015-06-09', '2018-06-08', NULL);
INSERT INTO `employee` VALUES (2366, '赵琳浩4', '男', '1993-03-04', '610122199303041456', '未婚', 1, '陕西', 3, 'zhao@qq.com', '15698887795', '陕西省西安市莲湖区', 91, 12, 33, '劳动合同', '博士', '电子工程', '哈尔滨理工大学', '2018-01-01', NULL, '00000033', 3.5, NULL, NULL, '2018-01-01', '2021-07-14', NULL);
INSERT INTO `employee` VALUES (2367, '鹿存亮4', '男', '1990-01-03', '610122199001031456', '已婚', 1, '陕西', 3, 'zhao@qq.com', '15612347795', '陕西省西安市莲湖区', 92, 12, 34, '劳动合同', '高中', '电子工程', '哈尔滨理工大学', '2018-01-01', NULL, '00000034', 3.5, NULL, NULL, '2018-01-01', '2021-07-14', NULL);
INSERT INTO `employee` VALUES (2368, '姚森4', '男', '1991-02-05', '610122199102058952', '已婚', 1, '河南', 3, 'yaosen@qq.com', '14785559936', '河南洛阳人民大道58号', 92, 15, 34, '劳动合同', '初中', '室内装修设计', '西北大学', '2017-01-02', NULL, '00000035', 7, NULL, NULL, '2017-01-02', '2024-01-17', NULL);
INSERT INTO `employee` VALUES (2369, '云星4', '女', '1993-01-05', '610122199301054789', '已婚', 1, '陕西西安', 1, 'yunxing@qq.com', '15644442252', '陕西西安新城区', 92, 16, 34, '劳务合同', '硕士', '通信工程', '西安电子科技学校', '2018-01-01', NULL, '00000036', 5.25, NULL, NULL, '2018-01-01', '2023-04-13', NULL);
INSERT INTO `employee` VALUES (2370, '贾旭明4', '男', '1993-11-11', '610122199311111234', '已婚', 1, '广东广州', 4, 'jiaxuming@qq.com', '15644441234', '广东省广州市天河区冼村路', 78, 15, 33, '劳务合同', '初中', '通信工程', '西北大学', '2018-01-01', NULL, '00000037', 5.25, NULL, NULL, '2018-01-01', '2023-04-13', NULL);
INSERT INTO `employee` VALUES (2371, '张黎明2', '男', '1991-02-01', '610144199102014569', '已婚', 1, '广东', 6, 'zhangliming@qq.com', '18979994478', '广东珠海', 91, 15, 33, '劳动合同', '高中', '考古', '清华大学', '2018-01-01', NULL, '00000038', 7, NULL, NULL, '2018-01-01', '2025-01-30', NULL);
INSERT INTO `employee` VALUES (2372, '薛磊4', '男', '1992-07-01', '610144199207017895', '已婚', 1, '陕西西安', 13, 'xuelei@qq.com', '15648887741', '西安市雁塔区', 92, 14, 34, '劳动合同', '初中', '无', '华胥中学', '2018-01-01', NULL, '00000039', 6, NULL, NULL, '2018-01-01', '2024-01-17', NULL);
INSERT INTO `employee` VALUES (2373, '张洁4', '女', '1990-10-09', '420177199010093652', '未婚', 1, '海南', 5, 'zhangjie@qq.com', '13695557742', '海口市美兰区', 92, 16, 34, '劳动合同', '高中', '无', '海南侨中', '2018-01-01', NULL, '00000040', 1, NULL, NULL, '2018-01-01', '2019-01-01', NULL);
INSERT INTO `employee` VALUES (2374, '陈静5', '女', '1989-02-01', '421288198902011234', '已婚', 1, '海南', 1, 'chenjing@qq.com', '18795556693', '海南省海口市美兰区', 82, 12, 30, '劳动合同', '高中', '市场营销', '武汉大学', '2015-06-09', NULL, '00000042', 3, NULL, NULL, '2015-06-09', '2018-06-08', NULL);
INSERT INTO `employee` VALUES (2375, '赵琳浩5', '男', '1993-03-04', '610122199303041456', '未婚', 1, '陕西', 3, 'zhao@qq.com', '15698887795', '陕西省西安市莲湖区', 91, 12, 33, '劳动合同', '博士', '电子工程', '哈尔滨理工大学', '2018-01-01', NULL, '00000043', 3.5, NULL, NULL, '2018-01-01', '2021-07-14', NULL);
INSERT INTO `employee` VALUES (2376, '鹿存亮5', '男', '1990-01-03', '610122199001031456', '已婚', 1, '陕西', 3, 'zhao@qq.com', '15612347795', '陕西省西安市莲湖区', 92, 12, 34, '劳动合同', '高中', '电子工程', '哈尔滨理工大学', '2018-01-01', NULL, '00000044', 3.5, NULL, NULL, '2018-01-01', '2021-07-14', NULL);
INSERT INTO `employee` VALUES (2377, '姚森5', '男', '1991-02-05', '610122199102058952', '已婚', 1, '河南', 3, 'yaosen@qq.com', '14785559936', '河南洛阳人民大道58号', 92, 15, 34, '劳动合同', '初中', '室内装修设计', '西北大学', '2017-01-02', NULL, '00000045', 7, NULL, NULL, '2017-01-02', '2024-01-17', NULL);
INSERT INTO `employee` VALUES (2378, '云星5', '女', '1993-01-05', '610122199301054789', '已婚', 1, '陕西西安', 1, 'yunxing@qq.com', '15644442252', '陕西西安新城区', 92, 16, 34, '劳务合同', '硕士', '通信工程', '西安电子科技学校', '2018-01-01', NULL, '00000046', 5.25, NULL, NULL, '2018-01-01', '2023-04-13', NULL);
INSERT INTO `employee` VALUES (2379, '贾旭明5', '男', '1993-11-11', '610122199311111234', '已婚', 1, '广东广州', 4, 'jiaxuming@qq.com', '15644441234', '广东省广州市天河区冼村路', 78, 15, 33, '劳务合同', '初中', '通信工程', '西北大学', '2018-01-01', NULL, '00000047', 5.25, NULL, NULL, '2018-01-01', '2023-04-13', NULL);
INSERT INTO `employee` VALUES (2380, '张黎明5', '男', '1991-02-01', '610144199102014569', '已婚', 1, '广东', 6, 'zhangliming@qq.com', '18979994478', '广东珠海', 91, 15, 33, '劳动合同', '高中', '考古', '清华大学', '2018-01-01', NULL, '00000048', 7, NULL, NULL, '2018-01-01', '2025-01-30', NULL);
INSERT INTO `employee` VALUES (2381, '薛磊5', '男', '1992-07-01', '610144199207017895', '已婚', 1, '陕西西安', 13, 'xuelei@qq.com', '15648887741', '西安市雁塔区', 92, 14, 34, '劳动合同', '初中', '无', '华胥中学', '2018-01-01', NULL, '00000049', 6, NULL, NULL, '2018-01-01', '2024-01-17', NULL);
INSERT INTO `employee` VALUES (2382, '张洁5', '女', '1990-10-09', '420177199010093652', '未婚', 1, '海南', 5, 'zhangjie@qq.com', '13695557742', '海口市美兰区', 92, 16, 34, '劳动合同', '高中', '无', '海南侨中', '2018-01-01', NULL, '00000050', 1, NULL, NULL, '2018-01-01', '2019-01-01', NULL);
INSERT INTO `employee` VALUES (2383, '陈静6', '女', '1989-02-01', '421288198902011234', '已婚', 1, '海南', 1, 'chenjing@qq.com', '18795556693', '海南省海口市美兰区', 82, 12, 30, '劳动合同', '高中', '市场营销', '武汉大学', '2015-06-09', NULL, '00000052', 3, NULL, NULL, '2015-06-09', '2018-06-08', NULL);
INSERT INTO `employee` VALUES (2384, '赵琳浩6', '男', '1993-03-04', '610122199303041456', '未婚', 1, '陕西', 3, 'zhao@qq.com', '15698887795', '陕西省西安市莲湖区', 91, 12, 33, '劳动合同', '博士', '电子工程', '哈尔滨理工大学', '2018-01-01', NULL, '00000053', 3.5, NULL, NULL, '2018-01-01', '2021-07-14', NULL);
INSERT INTO `employee` VALUES (2385, '鹿存亮6', '男', '1990-01-03', '610122199001031456', '已婚', 1, '陕西', 3, 'zhao@qq.com', '15612347795', '陕西省西安市莲湖区', 92, 12, 34, '劳动合同', '高中', '电子工程', '哈尔滨理工大学', '2018-01-01', NULL, '00000054', 3.5, NULL, NULL, '2018-01-01', '2021-07-14', NULL);
INSERT INTO `employee` VALUES (2386, '姚森6', '男', '1991-02-05', '610122199102058952', '已婚', 1, '河南', 3, 'yaosen@qq.com', '14785559936', '河南洛阳人民大道58号', 92, 15, 34, '劳动合同', '初中', '室内装修设计', '西北大学', '2017-01-02', NULL, '00000055', 7, NULL, NULL, '2017-01-02', '2024-01-17', NULL);
INSERT INTO `employee` VALUES (2387, '云星6', '女', '1993-01-05', '610122199301054789', '已婚', 1, '陕西西安', 1, 'yunxing@qq.com', '15644442252', '陕西西安新城区', 92, 16, 34, '劳务合同', '硕士', '通信工程', '西安电子科技学校', '2018-01-01', NULL, '00000056', 5.25, NULL, NULL, '2018-01-01', '2023-04-13', NULL);
INSERT INTO `employee` VALUES (2388, '陈静', '女', '1989-02-01', '421288198902011234', '已婚', 1, '海南', 1, 'chenjing@qq.com', '18795556693', '海南省海口市美兰区', 82, 12, 30, '劳动合同', '高中', '市场营销', '武汉大学', '2015-06-09', NULL, '00000002', 3, NULL, NULL, '2015-06-09', '2018-06-08', NULL);
INSERT INTO `employee` VALUES (2389, '赵琳浩', '男', '1993-03-04', '610122199303041456', '未婚', 1, '陕西', 3, 'zhao@qq.com', '15698887795', '陕西省西安市莲湖区', 91, 12, 33, '劳动合同', '博士', '电子工程', '哈尔滨理工大学', '2018-01-01', NULL, '00000003', 3.5, NULL, NULL, '2018-01-01', '2021-07-14', NULL);
INSERT INTO `employee` VALUES (2390, '鹿存亮', '男', '1990-01-03', '610122199001031456', '已婚', 1, '陕西', 3, 'zhao@qq.com', '15612347795', '陕西省西安市莲湖区', 92, 12, 34, '劳动合同', '高中', '电子工程', '哈尔滨理工大学', '2018-01-01', NULL, '00000004', 3.5, NULL, NULL, '2018-01-01', '2021-07-14', NULL);
INSERT INTO `employee` VALUES (2391, '姚森', '男', '1991-02-05', '610122199102058952', '已婚', 1, '河南', 3, 'yaosen@qq.com', '14785559936', '河南洛阳人民大道58号', 92, 15, 34, '劳动合同', '初中', '室内装修设计', '西北大学', '2017-01-02', NULL, '00000005', 7, NULL, NULL, '2017-01-02', '2024-01-17', NULL);
INSERT INTO `employee` VALUES (2392, '贾旭明', '男', '1993-11-11', '610122199311111234', '已婚', 1, '广东广州', 4, 'jiaxuming@qq.com', '15644441234', '广东省广州市天河区冼村路', 78, 15, 33, '劳务合同', '初中', '通信工程', '西北大学', '2018-01-01', NULL, '00000007', 5.25, NULL, NULL, '2018-01-01', '2023-04-13', NULL);
INSERT INTO `employee` VALUES (2393, '张黎明', '男', '1991-02-01', '610144199102014569', '已婚', 1, '广东', 6, 'zhangliming@qq.com', '18979994478', '广东珠海', 91, 15, 33, '劳动合同', '高中', '考古', '清华大学', '2018-01-01', NULL, '00000008', 7, NULL, NULL, '2018-01-01', '2025-01-30', NULL);
INSERT INTO `employee` VALUES (2394, '薛磊', '男', '1992-07-01', '610144199207017895', '已婚', 1, '陕西西安', 13, 'xuelei@qq.com', '15648887741', '西安市雁塔区', 92, 14, 34, '劳动合同', '初中', '无', '华胥中学', '2018-01-01', NULL, '00000009', 6, NULL, NULL, '2018-01-01', '2024-01-17', NULL);
INSERT INTO `employee` VALUES (2395, '张洁', '女', '1990-10-09', '420177199010093652', '未婚', 1, '海南', 5, 'zhangjie@qq.com', '13695557742', '海口市美兰区', 92, 16, 34, '劳动合同', '高中', '无', '海南侨中', '2018-01-01', NULL, '00000010', 1, NULL, NULL, '2018-01-01', '2019-01-01', NULL);
INSERT INTO `employee` VALUES (2396, '陈静2', '女', '1989-02-01', '421288198902011234', '已婚', 1, '海南', 1, 'chenjing@qq.com', '18795556693', '海南省海口市美兰区', 82, 12, 30, '劳动合同', '高中', '市场营销', '武汉大学', '2015-06-09', NULL, '00000012', 3, NULL, NULL, '2015-06-09', '2018-06-08', NULL);
INSERT INTO `employee` VALUES (2397, '赵琳浩2', '男', '1993-03-04', '610122199303041456', '未婚', 1, '陕西', 3, 'zhao@qq.com', '15698887795', '陕西省西安市莲湖区', 91, 12, 33, '劳动合同', '博士', '电子工程', '哈尔滨理工大学', '2018-01-01', NULL, '00000013', 3.5, NULL, NULL, '2018-01-01', '2021-07-14', NULL);
INSERT INTO `employee` VALUES (2398, '鹿存亮2', '男', '1990-01-03', '610122199001031456', '已婚', 1, '陕西', 3, 'zhao@qq.com', '15612347795', '陕西省西安市莲湖区', 92, 12, 34, '劳动合同', '高中', '电子工程', '哈尔滨理工大学', '2018-01-01', NULL, '00000014', 3.5, NULL, NULL, '2018-01-01', '2021-07-14', NULL);
INSERT INTO `employee` VALUES (2399, '姚森2', '男', '1991-02-05', '610122199102058952', '已婚', 1, '河南', 3, 'yaosen@qq.com', '14785559936', '河南洛阳人民大道58号', 92, 15, 34, '劳动合同', '初中', '室内装修设计', '西北大学', '2017-01-02', NULL, '00000015', 7, NULL, NULL, '2017-01-02', '2024-01-17', NULL);
INSERT INTO `employee` VALUES (2400, '云星2', '女', '1993-01-05', '610122199301054789', '已婚', 1, '陕西西安', 1, 'yunxing@qq.com', '15644442252', '陕西西安新城区', 92, 16, 34, '劳务合同', '硕士', '通信工程', '西安电子科技学校', '2018-01-01', NULL, '00000016', 5.25, NULL, NULL, '2018-01-01', '2023-04-13', NULL);
INSERT INTO `employee` VALUES (2401, '贾旭明2', '男', '1993-11-11', '610122199311111234', '已婚', 1, '广东广州', 4, 'jiaxuming@qq.com', '15644441234', '广东省广州市天河区冼村路', 78, 15, 33, '劳务合同', '初中', '通信工程', '西北大学', '2018-01-01', NULL, '00000017', 5.25, NULL, NULL, '2018-01-01', '2023-04-13', NULL);
INSERT INTO `employee` VALUES (2402, '王一亭', '男', '1991-02-01', '610144199102014569', '已婚', 1, '广东', 6, 'zhangliming@qq.com', '18979994478', '广东珠海', 91, 15, 33, '劳动合同', '高中', '考古', '清华大学', '2018-01-01', NULL, '00000018', 7, NULL, NULL, '2018-01-01', '2025-01-30', NULL);
INSERT INTO `employee` VALUES (2403, '薛磊2', '男', '1992-07-01', '610144199207017895', '已婚', 1, '陕西西安', 13, 'xuelei@qq.com', '15648887741', '西安市雁塔区', 92, 14, 34, '劳动合同', '初中', '无', '华胥中学', '2018-01-01', NULL, '00000019', 1, NULL, NULL, '2018-01-01', '2019-01-01', NULL);
INSERT INTO `employee` VALUES (2404, '张洁2', '女', '1990-10-09', '420177199010093652', '未婚', 1, '海南', 5, 'zhangjie@qq.com', '13695557742', '海口市美兰区', 92, 16, 34, '劳动合同', '高中', '无', '海南侨中', '2018-01-01', NULL, '00000020', 1, NULL, NULL, '2018-01-01', '2019-01-01', NULL);
INSERT INTO `employee` VALUES (2405, '陈静3', '女', '1989-02-01', '421288198902011234', '已婚', 1, '海南', 1, 'chenjing@qq.com', '18795556693', '海南省海口市美兰区', 82, 12, 30, '劳动合同', '高中', '市场营销', '武汉大学', '2015-06-09', NULL, '00000022', 3, NULL, NULL, '2015-06-09', '2018-06-08', NULL);
INSERT INTO `employee` VALUES (2406, '鹿存亮3', '男', '1990-01-03', '610122199001031456', '已婚', 1, '陕西', 3, 'zhao@qq.com', '15612347795', '陕西省西安市莲湖区', 92, 12, 34, '劳动合同', '高中', '电子工程', '哈尔滨理工大学', '2018-01-01', NULL, '00000024', 3.5, NULL, NULL, '2018-01-01', '2021-07-14', NULL);
INSERT INTO `employee` VALUES (2407, '姚森3', '男', '1991-02-05', '610122199102058952', '已婚', 1, '河南', 3, 'yaosen@qq.com', '14785559936', '河南洛阳人民大道58号', 92, 15, 34, '劳动合同', '初中', '室内装修设计', '西北大学', '2017-01-02', NULL, '00000025', 7, NULL, NULL, '2017-01-02', '2024-01-17', NULL);
INSERT INTO `employee` VALUES (2408, '云星3', '女', '1993-01-05', '610122199301054789', '已婚', 1, '陕西西安', 1, 'yunxing@qq.com', '15644442252', '陕西西安新城区', 92, 16, 34, '劳务合同', '硕士', '通信工程', '西安电子科技学校', '2018-01-01', NULL, '00000026', 5.25, NULL, NULL, '2018-01-01', '2023-04-13', NULL);
INSERT INTO `employee` VALUES (2409, '贾旭明3', '男', '1993-11-11', '610122199311111234', '已婚', 1, '广东广州', 4, 'jiaxuming@qq.com', '15644441234', '广东省广州市天河区冼村路', 78, 15, 33, '劳务合同', '初中', '通信工程', '西北大学', '2018-01-01', NULL, '00000027', 5.25, NULL, NULL, '2018-01-01', '2023-04-13', NULL);
INSERT INTO `employee` VALUES (2410, '张黎明3', '男', '1991-02-01', '610144199102014569', '已婚', 1, '广东', 6, 'zhangliming@qq.com', '18979994478', '广东珠海', 91, 15, 33, '劳动合同', '高中', '考古', '清华大学', '2018-01-01', NULL, '00000028', 7, NULL, NULL, '2018-01-01', '2025-01-30', NULL);
INSERT INTO `employee` VALUES (2411, '薛磊3', '男', '1992-07-01', '610144199207017895', '已婚', 1, '陕西西安', 13, 'xuelei@qq.com', '15648887741', '西安市雁塔区', 92, 14, 34, '劳动合同', '初中', '无', '华胥中学', '2018-01-01', NULL, '00000029', 6, NULL, NULL, '2018-01-01', '2024-01-17', NULL);
INSERT INTO `employee` VALUES (2412, '陈静4', '女', '1989-02-01', '421288198902011234', '已婚', 1, '海南', 1, 'chenjing@qq.com', '18795556693', '海南省海口市美兰区', 82, 12, 30, '劳动合同', '高中', '市场营销', '武汉大学', '2015-06-09', NULL, '00000032', 3, NULL, NULL, '2015-06-09', '2018-06-08', NULL);
INSERT INTO `employee` VALUES (2413, '赵琳浩4', '男', '1993-03-04', '610122199303041456', '未婚', 1, '陕西', 3, 'zhao@qq.com', '15698887795', '陕西省西安市莲湖区', 91, 12, 33, '劳动合同', '博士', '电子工程', '哈尔滨理工大学', '2018-01-01', NULL, '00000033', 3.5, NULL, NULL, '2018-01-01', '2021-07-14', NULL);
INSERT INTO `employee` VALUES (2414, '鹿存亮4', '男', '1990-01-03', '610122199001031456', '已婚', 1, '陕西', 3, 'zhao@qq.com', '15612347795', '陕西省西安市莲湖区', 92, 12, 34, '劳动合同', '高中', '电子工程', '哈尔滨理工大学', '2018-01-01', NULL, '00000034', 3.5, NULL, NULL, '2018-01-01', '2021-07-14', NULL);
INSERT INTO `employee` VALUES (2415, '姚森4', '男', '1991-02-05', '610122199102058952', '已婚', 1, '河南', 3, 'yaosen@qq.com', '14785559936', '河南洛阳人民大道58号', 92, 15, 34, '劳动合同', '初中', '室内装修设计', '西北大学', '2017-01-02', NULL, '00000035', 7, NULL, NULL, '2017-01-02', '2024-01-17', NULL);
INSERT INTO `employee` VALUES (2416, '贾旭明4', '男', '1993-11-11', '610122199311111234', '已婚', 1, '广东广州', 4, 'jiaxuming@qq.com', '15644441234', '广东省广州市天河区冼村路', 78, 15, 33, '劳务合同', '初中', '通信工程', '西北大学', '2018-01-01', NULL, '00000037', 5.25, NULL, NULL, '2018-01-01', '2023-04-13', NULL);
INSERT INTO `employee` VALUES (2417, '谢工', '女', '1970-01-01', '618177197001011234', '离异', 1, '江苏', 1, '584991843@qq.com', '18558887788', '北京', 91, 12, 29, '劳动合同', '本科', '计算机软件', '南华大学', '2018-01-01', NULL, '00000038', 5, NULL, NULL, '2018-01-01', '2023-01-01', NULL);
INSERT INTO `employee` VALUES (2418, '林昭亮', '男', '1990-01-01', '610122199809091234', '已婚', 1, '广东', 13, '584991843@qq.com', '16767776654', '广东深圳', 91, 15, 33, '劳动合同', '大专', '计算机软件', '广东职业技术学院', '2018-01-01', NULL, '00000039', 5, NULL, NULL, '2018-01-01', '2023-01-01', NULL);
INSERT INTO `employee` VALUES (2423, '番茄', '男', '2021-02-01', '51112320000805011', '已婚', 1, '成都', 2, '1352955539@qq.com', '13699408858', '成都', 78, 10, 31, '劳动合同', '高中', '市场营销', '嘎达高中', '2021-02-10', '在职', '00000056', NULL, '2021-02-02', NULL, '2021-02-02', '2021-02-09', NULL);
INSERT INTO `employee` VALUES (2424, '葡萄', '男', '2021-02-07', '515554645648485', '已婚', 1, '泸州', 5, '1352955539@qq.com', '13699408858', '成都', 78, 10, 30, '劳动合同', '硕士', '市场营销', '北大', '2021-01-31', '在职', '00000056', NULL, '2021-02-26', NULL, '2022-02-25', '2023-02-24', NULL);
INSERT INTO `employee` VALUES (2425, '西瓜', '男', '2021-02-17', '4564654648948485', '已婚', 1, '成都', 3, '1352955539@qq.com', '13699488585', '成都', 4, 10, 29, '劳动合同', '高中', '似的', '可垃圾啊', '2021-02-03', '在职', '00000056', NULL, '2021-02-09', NULL, '2021-02-15', '2021-02-14', NULL);
INSERT INTO `employee` VALUES (2427, '南瓜', '男', '2021-02-01', '564646564564654', '已婚', 1, '成都', 4, '1352955539@qq.com', '13699408858', '成都市成华区', 78, 13, 30, '劳动合同', '硕士', '市场', '成都理工大学', '2021-02-03', '在职', '00000056', NULL, '2021-02-03', NULL, '2021-02-02', '2021-02-09', NULL);
INSERT INTO `employee` VALUES (2428, '大聪明', '男', '2021-02-08', '5656485645646', '已婚', 1, '肥宅', 1, '1352955539@qq.com', '13699408858', '地方', 8, 12, 33, '劳动合同', '硕士', '阿斯蒂芬', '撒的发生的', '2021-02-10', '在职', '00000056', NULL, '2021-02-02', NULL, '2021-02-15', '2021-02-07', NULL);
INSERT INTO `employee` VALUES (2430, '陈静', '女', '1989-02-01', '421288198902011234', '已婚', 1, '海南', 1, 'chenjing@qq.com', '18795556693', '海南省海口市美兰区', 91, 12, 29, '劳动合同', '高中', '市场营销', '武汉大学', '2015-06-09', NULL, '00000002', 3, '2015-09-10', NULL, '2015-06-09', '2018-06-08', NULL);
INSERT INTO `employee` VALUES (2431, '赵琳浩', '男', '1993-03-04', '610122199303041456', '未婚', 1, '陕西', 3, 'zhao@qq.com', '15698887795', '陕西省西安市莲湖区', 91, 12, 33, '劳动合同', '博士', '电子工程', '哈尔滨理工大学', '2018-01-01', NULL, '00000003', 3.5, '2018-04-01', NULL, '2018-01-01', '2021-07-14', NULL);
INSERT INTO `employee` VALUES (2432, '鹿存亮', '男', '1990-01-02', '610122199001031456', '已婚', 2, '陕西', 3, 'zhao@qq.com', '15612347795', '陕西省西安市莲湖区', 92, 12, 34, '劳动合同', '高中', '电子工程', '哈尔滨理工大学', '2017-12-31', NULL, '00000056', 3.5, '2018-03-31', NULL, '2017-12-31', '2021-07-13', NULL);
INSERT INTO `employee` VALUES (2433, '姚森', '男', '1991-02-05', '610122199102058952', '已婚', 1, '河南', 3, 'yaosen@qq.com', '14785559936', '河南洛阳人民大道58号', 92, 15, 34, '劳动合同', '硕士', '室内装修设计', '西北大学', '2017-01-02', NULL, '00000005', 7, '2017-04-02', NULL, '2017-01-02', '2024-01-17', NULL);
INSERT INTO `employee` VALUES (2434, '云星', '女', '1993-01-05', '610122199301054789', '已婚', 1, '陕西西安', 1, 'yunxing@qq.com', '15644442252', '陕西西安新城区', 92, 16, 34, '劳务合同', '硕士', '通信工程', '西安电子科技学校', '2018-01-01', NULL, '00000006', 5.25, '2018-04-01', NULL, '2018-01-01', '2023-04-13', NULL);
INSERT INTO `employee` VALUES (2435, '贾旭明', '男', '1993-11-11', '610122199311111234', '已婚', 1, '广东广州', 4, 'jiaxuming@qq.com', '15644441234', '广东省广州市天河区冼村路', 78, 15, 33, '劳务合同', '初中', '通信工程', '西北大学', '2018-01-01', NULL, '00000007', 5.25, '2018-04-01', NULL, '2018-01-01', '2023-04-13', NULL);
INSERT INTO `employee` VALUES (2436, '张黎明', '男', '1991-02-01', '610144199102014569', '已婚', 1, '广东', 6, 'zhangliming@qq.com', '18979994478', '广东珠海', 91, 15, 33, '劳动合同', '高中', '考古', '清华大学', '2018-01-01', NULL, '00000008', 7, '2018-04-01', NULL, '2018-01-01', '2025-01-30', NULL);
INSERT INTO `employee` VALUES (2437, '薛磊', '男', '1992-07-01', '610144199207017895', '已婚', 1, '陕西西安', 13, 'xuelei@qq.com', '15648887741', '西安市雁塔区', 92, 14, 34, '劳动合同', '初中', '无', '华胥中学', '2018-01-01', NULL, '00000009', 6, '2018-04-01', NULL, '2018-01-01', '2024-01-17', NULL);
INSERT INTO `employee` VALUES (2438, '张洁', '女', '1990-10-07', '420177199010093652', '未婚', 1, '海南', 5, 'zhangjie@qq.com', '13695557742', '海口市美兰区', 92, 16, 34, '劳动合同', '高中', '无', '海南侨中', '2017-12-30', NULL, '00000056', 1, '2018-01-29', NULL, '2017-12-30', '2018-12-30', NULL);
INSERT INTO `employee` VALUES (2439, '陈静2', '女', '1989-02-01', '421288198902011234', '已婚', 1, '海南', 1, 'chenjing@qq.com', '18795556693', '海南省海口市美兰区', 82, 12, 30, '劳动合同', '高中', '市场营销', '武汉大学', '2015-06-09', NULL, '00000012', 3, '2015-09-10', NULL, '2015-06-09', '2018-06-08', NULL);
INSERT INTO `employee` VALUES (2440, '赵琳浩2', '男', '1993-03-04', '610122199303041456', '未婚', 1, '陕西', 3, 'zhao@qq.com', '15698887795', '陕西省西安市莲湖区', 91, 12, 33, '劳动合同', '博士', '电子工程', '哈尔滨理工大学', '2018-01-01', NULL, '00000013', 3.5, '2018-04-01', NULL, '2018-01-01', '2021-07-14', NULL);
INSERT INTO `employee` VALUES (2441, '鹿存亮2', '男', '1990-01-03', '610122199001031456', '已婚', 1, '陕西', 3, 'zhao@qq.com', '15612347795', '陕西省西安市莲湖区', 92, 12, 34, '劳动合同', '高中', '电子工程', '哈尔滨理工大学', '2018-01-01', NULL, '00000014', 3.5, '2018-04-01', NULL, '2018-01-01', '2021-07-14', NULL);
INSERT INTO `employee` VALUES (2442, '姚森2', '男', '1991-02-05', '610122199102058952', '已婚', 1, '河南', 3, 'yaosen@qq.com', '14785559936', '河南洛阳人民大道58号', 92, 15, 34, '劳动合同', '初中', '室内装修设计', '西北大学', '2017-01-02', NULL, '00000015', 7, '2017-04-02', NULL, '2017-01-02', '2024-01-17', NULL);
INSERT INTO `employee` VALUES (2443, '云星2', '女', '1993-01-05', '610122199301054789', '已婚', 1, '陕西西安', 1, 'yunxing@qq.com', '15644442252', '陕西西安新城区', 92, 16, 34, '劳务合同', '硕士', '通信工程', '西安电子科技学校', '2018-01-01', NULL, '00000016', 5.25, '2018-04-01', NULL, '2018-01-01', '2023-04-13', NULL);
INSERT INTO `employee` VALUES (2444, '贾旭明2', '男', '1993-11-11', '610122199311111234', '已婚', 1, '广东广州', 4, 'jiaxuming@qq.com', '15644441234', '广东省广州市天河区冼村路', 78, 15, 33, '劳务合同', '初中', '通信工程', '西北大学', '2018-01-01', NULL, '00000017', 5.25, '2018-04-01', NULL, '2018-01-01', '2023-04-13', NULL);
INSERT INTO `employee` VALUES (2445, '王一亭', '男', '1991-02-01', '610144199102014569', '已婚', 1, '广东', 6, 'zhangliming@qq.com', '18979994478', '广东珠海', 91, 15, 33, '劳动合同', '高中', '考古', '清华大学', '2018-01-01', NULL, '00000018', 7, '2018-04-01', NULL, '2018-01-01', '2025-01-30', NULL);
INSERT INTO `employee` VALUES (2446, '薛磊2', '男', '1992-07-01', '610144199207017895', '已婚', 1, '陕西西安', 13, 'xuelei@qq.com', '15648887741', '西安市雁塔区', 92, 14, 34, '劳动合同', '初中', '无', '华胥中学', '2018-01-01', NULL, '00000019', 1, '2018-04-01', NULL, '2018-01-01', '2019-01-01', NULL);
INSERT INTO `employee` VALUES (2447, '张洁2', '女', '1990-10-09', '420177199010093652', '未婚', 1, '海南', 5, 'zhangjie@qq.com', '13695557742', '海口市美兰区', 92, 16, 34, '劳动合同', '高中', '无', '海南侨中', '2018-01-01', NULL, '00000020', 1, '2018-01-31', NULL, '2018-01-01', '2019-01-01', NULL);
INSERT INTO `employee` VALUES (2448, '陈静3', '女', '1989-02-01', '421288198902011234', '已婚', 1, '海南', 1, 'chenjing@qq.com', '18795556693', '海南省海口市美兰区', 82, 12, 30, '劳动合同', '高中', '市场营销', '武汉大学', '2015-06-09', NULL, '00000022', 3, '2015-09-10', NULL, '2015-06-09', '2018-06-08', NULL);
INSERT INTO `employee` VALUES (2449, '鹿存亮3', '男', '1990-01-03', '610122199001031456', '已婚', 1, '陕西', 3, 'zhao@qq.com', '15612347795', '陕西省西安市莲湖区', 92, 12, 34, '劳动合同', '高中', '电子工程', '哈尔滨理工大学', '2018-01-01', NULL, '00000024', 3.5, '2018-04-01', NULL, '2018-01-01', '2021-07-14', NULL);
INSERT INTO `employee` VALUES (2450, '姚森3', '男', '1991-02-05', '610122199102058952', '已婚', 1, '河南', 3, 'yaosen@qq.com', '14785559936', '河南洛阳人民大道58号', 92, 15, 34, '劳动合同', '初中', '室内装修设计', '西北大学', '2017-01-02', NULL, '00000025', 7, '2017-04-02', NULL, '2017-01-02', '2024-01-17', NULL);
INSERT INTO `employee` VALUES (2451, '云星3', '女', '1993-01-05', '610122199301054789', '已婚', 1, '陕西西安', 1, 'yunxing@qq.com', '15644442252', '陕西西安新城区', 92, 16, 34, '劳务合同', '硕士', '通信工程', '西安电子科技学校', '2018-01-01', NULL, '00000026', 5.25, '2018-04-01', NULL, '2018-01-01', '2023-04-13', NULL);
INSERT INTO `employee` VALUES (2452, '贾旭明3', '男', '1993-11-11', '610122199311111234', '已婚', 1, '广东广州', 4, 'jiaxuming@qq.com', '15644441234', '广东省广州市天河区冼村路', 78, 15, 33, '劳务合同', '初中', '通信工程', '西北大学', '2018-01-01', NULL, '00000027', 5.25, '2018-04-01', NULL, '2018-01-01', '2023-04-13', NULL);
INSERT INTO `employee` VALUES (2453, '张黎明3', '男', '1991-02-01', '610144199102014569', '已婚', 1, '广东', 6, 'zhangliming@qq.com', '18979994478', '广东珠海', 91, 15, 33, '劳动合同', '高中', '考古', '清华大学', '2018-01-01', NULL, '00000028', 7, '2018-04-01', NULL, '2018-01-01', '2025-01-30', NULL);
INSERT INTO `employee` VALUES (2454, '薛磊3', '男', '1992-07-01', '610144199207017895', '已婚', 1, '陕西西安', 13, 'xuelei@qq.com', '15648887741', '西安市雁塔区', 92, 14, 34, '劳动合同', '初中', '无', '华胥中学', '2018-01-01', NULL, '00000029', 6, '2018-04-01', NULL, '2018-01-01', '2024-01-17', NULL);
INSERT INTO `employee` VALUES (2455, '陈静4', '女', '1989-02-01', '421288198902011234', '已婚', 1, '海南', 1, 'chenjing@qq.com', '18795556693', '海南省海口市美兰区', 82, 12, 30, '劳动合同', '高中', '市场营销', '武汉大学', '2015-06-09', NULL, '00000032', 3, '2015-09-10', NULL, '2015-06-09', '2018-06-08', NULL);
INSERT INTO `employee` VALUES (2456, '赵琳浩4', '男', '1993-03-04', '610122199303041456', '未婚', 1, '陕西', 3, 'zhao@qq.com', '15698887795', '陕西省西安市莲湖区', 91, 12, 33, '劳动合同', '博士', '电子工程', '哈尔滨理工大学', '2018-01-01', NULL, '00000033', 3.5, '2018-04-01', NULL, '2018-01-01', '2021-07-14', NULL);
INSERT INTO `employee` VALUES (2457, '鹿存亮4', '男', '1990-01-03', '610122199001031456', '已婚', 1, '陕西', 3, 'zhao@qq.com', '15612347795', '陕西省西安市莲湖区', 92, 12, 34, '劳动合同', '高中', '电子工程', '哈尔滨理工大学', '2018-01-01', NULL, '00000034', 3.5, '2018-04-01', NULL, '2018-01-01', '2021-07-14', NULL);
INSERT INTO `employee` VALUES (2458, '姚森4', '男', '1991-02-05', '610122199102058952', '已婚', 1, '河南', 3, 'yaosen@qq.com', '14785559936', '河南洛阳人民大道58号', 92, 15, 34, '劳动合同', '初中', '室内装修设计', '西北大学', '2017-01-02', NULL, '00000035', 7, '2017-04-02', NULL, '2017-01-02', '2024-01-17', NULL);
INSERT INTO `employee` VALUES (2459, '云星4', '女', '1993-01-05', '610122199301054789', '已婚', 1, '陕西西安', 1, 'yunxing@qq.com', '15644442252', '陕西西安新城区', 92, 16, 34, '劳务合同', '硕士', '通信工程', '西安电子科技学校', '2018-01-01', NULL, '00000036', 5.25, '2018-04-01', NULL, '2018-01-01', '2023-04-13', NULL);
INSERT INTO `employee` VALUES (2460, '贾旭明4', '男', '1993-11-11', '610122199311111234', '已婚', 1, '广东广州', 4, 'jiaxuming@qq.com', '15644441234', '广东省广州市天河区冼村路', 78, 15, 33, '劳务合同', '初中', '通信工程', '西北大学', '2018-01-01', NULL, '00000037', 5.25, '2018-04-01', NULL, '2018-01-01', '2023-04-13', NULL);
INSERT INTO `employee` VALUES (2461, '张黎明2', '男', '1991-02-01', '610144199102014569', '已婚', 1, '广东', 6, 'zhangliming@qq.com', '18979994478', '广东珠海', 91, 15, 33, '劳动合同', '高中', '考古', '清华大学', '2018-01-01', NULL, '00000038', 7, '2018-04-01', NULL, '2018-01-01', '2025-01-30', NULL);
INSERT INTO `employee` VALUES (2462, '薛磊4', '男', '1992-07-01', '610144199207017895', '已婚', 1, '陕西西安', 13, 'xuelei@qq.com', '15648887741', '西安市雁塔区', 92, 14, 34, '劳动合同', '初中', '无', '华胥中学', '2018-01-01', NULL, '00000039', 6, '2018-04-01', NULL, '2018-01-01', '2024-01-17', NULL);
INSERT INTO `employee` VALUES (2463, '张洁4', '女', '1990-10-09', '420177199010093652', '未婚', 1, '海南', 5, 'zhangjie@qq.com', '13695557742', '海口市美兰区', 92, 16, 34, '劳动合同', '高中', '无', '海南侨中', '2018-01-01', NULL, '00000040', 1, '2018-01-31', NULL, '2018-01-01', '2019-01-01', NULL);
INSERT INTO `employee` VALUES (2464, '陈静5', '女', '1989-02-01', '421288198902011234', '已婚', 1, '海南', 1, 'chenjing@qq.com', '18795556693', '海南省海口市美兰区', 82, 12, 30, '劳动合同', '高中', '市场营销', '武汉大学', '2015-06-09', NULL, '00000042', 3, '2015-09-10', NULL, '2015-06-09', '2018-06-08', NULL);
INSERT INTO `employee` VALUES (2465, '赵琳浩5', '男', '1993-03-04', '610122199303041456', '未婚', 1, '陕西', 3, 'zhao@qq.com', '15698887795', '陕西省西安市莲湖区', 91, 12, 33, '劳动合同', '博士', '电子工程', '哈尔滨理工大学', '2018-01-01', NULL, '00000043', 3.5, '2018-04-01', NULL, '2018-01-01', '2021-07-14', NULL);
INSERT INTO `employee` VALUES (2466, '鹿存亮5', '男', '1990-01-03', '610122199001031456', '已婚', 1, '陕西', 3, 'zhao@qq.com', '15612347795', '陕西省西安市莲湖区', 92, 12, 34, '劳动合同', '高中', '电子工程', '哈尔滨理工大学', '2018-01-01', NULL, '00000044', 3.5, '2018-04-01', NULL, '2018-01-01', '2021-07-14', NULL);
INSERT INTO `employee` VALUES (2467, '姚森5', '男', '1991-02-05', '610122199102058952', '已婚', 1, '河南', 3, 'yaosen@qq.com', '14785559936', '河南洛阳人民大道58号', 92, 15, 34, '劳动合同', '初中', '室内装修设计', '西北大学', '2017-01-02', NULL, '00000045', 7, '2017-04-02', NULL, '2017-01-02', '2024-01-17', NULL);
INSERT INTO `employee` VALUES (2468, '云星5', '女', '1993-01-05', '610122199301054789', '已婚', 1, '陕西西安', 1, 'yunxing@qq.com', '15644442252', '陕西西安新城区', 92, 16, 34, '劳务合同', '硕士', '通信工程', '西安电子科技学校', '2018-01-01', NULL, '00000046', 5.25, '2018-04-01', NULL, '2018-01-01', '2023-04-13', NULL);
INSERT INTO `employee` VALUES (2469, '贾旭明5', '男', '1993-11-11', '610122199311111234', '已婚', 1, '广东广州', 4, 'jiaxuming@qq.com', '15644441234', '广东省广州市天河区冼村路', 78, 15, 33, '劳务合同', '初中', '通信工程', '西北大学', '2018-01-01', NULL, '00000047', 5.25, '2018-04-01', NULL, '2018-01-01', '2023-04-13', NULL);
INSERT INTO `employee` VALUES (2470, '张黎明5', '男', '1991-02-01', '610144199102014569', '已婚', 1, '广东', 6, 'zhangliming@qq.com', '18979994478', '广东珠海', 91, 15, 33, '劳动合同', '高中', '考古', '清华大学', '2018-01-01', NULL, '00000048', 7, '2018-04-01', NULL, '2018-01-01', '2025-01-30', NULL);
INSERT INTO `employee` VALUES (2471, '薛磊5', '男', '1992-07-01', '610144199207017895', '已婚', 1, '陕西西安', 13, 'xuelei@qq.com', '15648887741', '西安市雁塔区', 92, 14, 34, '劳动合同', '初中', '无', '华胥中学', '2018-01-01', NULL, '00000049', 6, '2018-04-01', NULL, '2018-01-01', '2024-01-17', NULL);
INSERT INTO `employee` VALUES (2472, '张洁5', '女', '1990-10-09', '420177199010093652', '未婚', 1, '海南', 5, 'zhangjie@qq.com', '13695557742', '海口市美兰区', 92, 16, 34, '劳动合同', '高中', '无', '海南侨中', '2018-01-01', NULL, '00000050', 1, '2018-01-31', NULL, '2018-01-01', '2019-01-01', NULL);
INSERT INTO `employee` VALUES (2473, '陈静6', '女', '1989-02-01', '421288198902011234', '已婚', 1, '海南', 1, 'chenjing@qq.com', '18795556693', '海南省海口市美兰区', 82, 12, 30, '劳动合同', '高中', '市场营销', '武汉大学', '2015-06-09', NULL, '00000052', 3, '2015-09-10', NULL, '2015-06-09', '2018-06-08', NULL);
INSERT INTO `employee` VALUES (2474, '赵琳浩6', '男', '1993-03-04', '610122199303041456', '未婚', 1, '陕西', 3, 'zhao@qq.com', '15698887795', '陕西省西安市莲湖区', 91, 12, 33, '劳动合同', '博士', '电子工程', '哈尔滨理工大学', '2018-01-01', NULL, '00000053', 3.5, '2018-04-01', NULL, '2018-01-01', '2021-07-14', NULL);
INSERT INTO `employee` VALUES (2475, '鹿存亮6', '男', '1990-01-03', '610122199001031456', '已婚', 1, '陕西', 3, 'zhao@qq.com', '15612347795', '陕西省西安市莲湖区', 92, 12, 34, '劳动合同', '高中', '电子工程', '哈尔滨理工大学', '2018-01-01', NULL, '00000054', 3.5, '2018-04-01', NULL, '2018-01-01', '2021-07-14', NULL);
INSERT INTO `employee` VALUES (2476, '姚森6', '男', '1991-02-05', '610122199102058952', '已婚', 1, '河南', 3, 'yaosen@qq.com', '14785559936', '河南洛阳人民大道58号', 92, 15, 34, '劳动合同', '初中', '室内装修设计', '西北大学', '2017-01-02', NULL, '00000055', 7, '2017-04-02', NULL, '2017-01-02', '2024-01-17', NULL);
INSERT INTO `employee` VALUES (2477, '云星6', '女', '1993-01-05', '610122199301054789', '已婚', 1, '陕西西安', 1, 'yunxing@qq.com', '15644442252', '陕西西安新城区', 92, 16, 34, '劳务合同', '硕士', '通信工程', '西安电子科技学校', '2018-01-01', NULL, '00000056', 5.25, '2018-04-01', NULL, '2018-01-01', '2023-04-13', NULL);
INSERT INTO `employee` VALUES (2478, '陈静', '女', '1989-02-01', '421288198902011234', '已婚', 1, '海南', 1, 'chenjing@qq.com', '18795556693', '海南省海口市美兰区', 82, 12, 30, '劳动合同', '高中', '市场营销', '武汉大学', '2015-06-09', NULL, '00000002', 3, NULL, NULL, '2015-06-09', '2018-06-08', NULL);
INSERT INTO `employee` VALUES (2479, '赵琳浩', '男', '1993-03-04', '610122199303041456', '未婚', 1, '陕西', 3, 'zhao@qq.com', '15698887795', '陕西省西安市莲湖区', 91, 12, 33, '劳动合同', '博士', '电子工程', '哈尔滨理工大学', '2018-01-01', NULL, '00000003', 3.5, NULL, NULL, '2018-01-01', '2021-07-14', NULL);
INSERT INTO `employee` VALUES (2480, '鹿存亮', '男', '1990-01-03', '610122199001031456', '已婚', 1, '陕西', 3, 'zhao@qq.com', '15612347795', '陕西省西安市莲湖区', 92, 12, 34, '劳动合同', '高中', '电子工程', '哈尔滨理工大学', '2018-01-01', NULL, '00000004', 3.5, NULL, NULL, '2018-01-01', '2021-07-14', NULL);
INSERT INTO `employee` VALUES (2481, '姚森', '男', '1991-02-05', '610122199102058952', '已婚', 1, '河南', 3, 'yaosen@qq.com', '14785559936', '河南洛阳人民大道58号', 92, 15, 34, '劳动合同', '初中', '室内装修设计', '西北大学', '2017-01-02', NULL, '00000005', 7, NULL, NULL, '2017-01-02', '2024-01-17', NULL);
INSERT INTO `employee` VALUES (2482, '贾旭明', '男', '1993-11-11', '610122199311111234', '已婚', 1, '广东广州', 4, 'jiaxuming@qq.com', '15644441234', '广东省广州市天河区冼村路', 78, 15, 33, '劳务合同', '初中', '通信工程', '西北大学', '2018-01-01', NULL, '00000007', 5.25, NULL, NULL, '2018-01-01', '2023-04-13', NULL);
INSERT INTO `employee` VALUES (2483, '张黎明', '男', '1991-02-01', '610144199102014569', '已婚', 1, '广东', 6, 'zhangliming@qq.com', '18979994478', '广东珠海', 91, 15, 33, '劳动合同', '高中', '考古', '清华大学', '2018-01-01', NULL, '00000008', 7, NULL, NULL, '2018-01-01', '2025-01-30', NULL);
INSERT INTO `employee` VALUES (2484, '薛磊', '男', '1992-07-01', '610144199207017895', '已婚', 1, '陕西西安', 13, 'xuelei@qq.com', '15648887741', '西安市雁塔区', 92, 14, 34, '劳动合同', '初中', '无', '华胥中学', '2018-01-01', NULL, '00000009', 6, NULL, NULL, '2018-01-01', '2024-01-17', NULL);
INSERT INTO `employee` VALUES (2485, '张洁', '女', '1990-10-09', '420177199010093652', '未婚', 1, '海南', 5, 'zhangjie@qq.com', '13695557742', '海口市美兰区', 92, 16, 34, '劳动合同', '高中', '无', '海南侨中', '2018-01-01', NULL, '00000010', 1, NULL, NULL, '2018-01-01', '2019-01-01', NULL);
INSERT INTO `employee` VALUES (2486, '陈静2', '女', '1989-02-01', '421288198902011234', '已婚', 1, '海南', 1, 'chenjing@qq.com', '18795556693', '海南省海口市美兰区', 82, 12, 30, '劳动合同', '高中', '市场营销', '武汉大学', '2015-06-09', NULL, '00000012', 3, NULL, NULL, '2015-06-09', '2018-06-08', NULL);
INSERT INTO `employee` VALUES (2487, '赵琳浩2', '男', '1993-03-04', '610122199303041456', '未婚', 1, '陕西', 3, 'zhao@qq.com', '15698887795', '陕西省西安市莲湖区', 91, 12, 33, '劳动合同', '博士', '电子工程', '哈尔滨理工大学', '2018-01-01', NULL, '00000013', 3.5, NULL, NULL, '2018-01-01', '2021-07-14', NULL);
INSERT INTO `employee` VALUES (2488, '鹿存亮2', '男', '1990-01-03', '610122199001031456', '已婚', 1, '陕西', 3, 'zhao@qq.com', '15612347795', '陕西省西安市莲湖区', 92, 12, 34, '劳动合同', '高中', '电子工程', '哈尔滨理工大学', '2018-01-01', NULL, '00000014', 3.5, NULL, NULL, '2018-01-01', '2021-07-14', NULL);
INSERT INTO `employee` VALUES (2489, '姚森2', '男', '1991-02-05', '610122199102058952', '已婚', 1, '河南', 3, 'yaosen@qq.com', '14785559936', '河南洛阳人民大道58号', 92, 15, 34, '劳动合同', '初中', '室内装修设计', '西北大学', '2017-01-02', NULL, '00000015', 7, NULL, NULL, '2017-01-02', '2024-01-17', NULL);
INSERT INTO `employee` VALUES (2490, '云星2', '女', '1993-01-05', '610122199301054789', '已婚', 1, '陕西西安', 1, 'yunxing@qq.com', '15644442252', '陕西西安新城区', 92, 16, 34, '劳务合同', '硕士', '通信工程', '西安电子科技学校', '2018-01-01', NULL, '00000016', 5.25, NULL, NULL, '2018-01-01', '2023-04-13', NULL);
INSERT INTO `employee` VALUES (2491, '贾旭明2', '男', '1993-11-11', '610122199311111234', '已婚', 1, '广东广州', 4, 'jiaxuming@qq.com', '15644441234', '广东省广州市天河区冼村路', 78, 15, 33, '劳务合同', '初中', '通信工程', '西北大学', '2018-01-01', NULL, '00000017', 5.25, NULL, NULL, '2018-01-01', '2023-04-13', NULL);
INSERT INTO `employee` VALUES (2492, '王一亭', '男', '1991-02-01', '610144199102014569', '已婚', 1, '广东', 6, 'zhangliming@qq.com', '18979994478', '广东珠海', 91, 15, 33, '劳动合同', '高中', '考古', '清华大学', '2018-01-01', NULL, '00000018', 7, NULL, NULL, '2018-01-01', '2025-01-30', NULL);
INSERT INTO `employee` VALUES (2493, '薛磊2', '男', '1992-07-01', '610144199207017895', '已婚', 1, '陕西西安', 13, 'xuelei@qq.com', '15648887741', '西安市雁塔区', 92, 14, 34, '劳动合同', '初中', '无', '华胥中学', '2018-01-01', NULL, '00000019', 1, NULL, NULL, '2018-01-01', '2019-01-01', NULL);
INSERT INTO `employee` VALUES (2494, '张洁2', '女', '1990-10-09', '420177199010093652', '未婚', 1, '海南', 5, 'zhangjie@qq.com', '13695557742', '海口市美兰区', 92, 16, 34, '劳动合同', '高中', '无', '海南侨中', '2018-01-01', NULL, '00000020', 1, NULL, NULL, '2018-01-01', '2019-01-01', NULL);
INSERT INTO `employee` VALUES (2495, '陈静3', '女', '1989-02-01', '421288198902011234', '已婚', 1, '海南', 1, 'chenjing@qq.com', '18795556693', '海南省海口市美兰区', 82, 12, 30, '劳动合同', '高中', '市场营销', '武汉大学', '2015-06-09', NULL, '00000022', 3, NULL, NULL, '2015-06-09', '2018-06-08', NULL);
INSERT INTO `employee` VALUES (2496, '鹿存亮3', '男', '1990-01-03', '610122199001031456', '已婚', 1, '陕西', 3, 'zhao@qq.com', '15612347795', '陕西省西安市莲湖区', 92, 12, 34, '劳动合同', '高中', '电子工程', '哈尔滨理工大学', '2018-01-01', NULL, '00000024', 3.5, NULL, NULL, '2018-01-01', '2021-07-14', NULL);
INSERT INTO `employee` VALUES (2497, '姚森3', '男', '1991-02-05', '610122199102058952', '已婚', 1, '河南', 3, 'yaosen@qq.com', '14785559936', '河南洛阳人民大道58号', 92, 15, 34, '劳动合同', '初中', '室内装修设计', '西北大学', '2017-01-02', NULL, '00000025', 7, NULL, NULL, '2017-01-02', '2024-01-17', NULL);
INSERT INTO `employee` VALUES (2498, '云星3', '女', '1993-01-05', '610122199301054789', '已婚', 1, '陕西西安', 1, 'yunxing@qq.com', '15644442252', '陕西西安新城区', 92, 16, 34, '劳务合同', '硕士', '通信工程', '西安电子科技学校', '2018-01-01', NULL, '00000026', 5.25, NULL, NULL, '2018-01-01', '2023-04-13', NULL);
INSERT INTO `employee` VALUES (2499, '贾旭明3', '男', '1993-11-11', '610122199311111234', '已婚', 1, '广东广州', 4, 'jiaxuming@qq.com', '15644441234', '广东省广州市天河区冼村路', 78, 15, 33, '劳务合同', '初中', '通信工程', '西北大学', '2018-01-01', NULL, '00000027', 5.25, NULL, NULL, '2018-01-01', '2023-04-13', NULL);
INSERT INTO `employee` VALUES (2500, '张黎明3', '男', '1991-02-01', '610144199102014569', '已婚', 1, '广东', 6, 'zhangliming@qq.com', '18979994478', '广东珠海', 91, 15, 33, '劳动合同', '高中', '考古', '清华大学', '2018-01-01', NULL, '00000028', 7, NULL, NULL, '2018-01-01', '2025-01-30', NULL);
INSERT INTO `employee` VALUES (2501, '薛磊3', '男', '1992-07-01', '610144199207017895', '已婚', 1, '陕西西安', 13, 'xuelei@qq.com', '15648887741', '西安市雁塔区', 92, 14, 34, '劳动合同', '初中', '无', '华胥中学', '2018-01-01', NULL, '00000029', 6, NULL, NULL, '2018-01-01', '2024-01-17', NULL);
INSERT INTO `employee` VALUES (2502, '陈静4', '女', '1989-02-01', '421288198902011234', '已婚', 1, '海南', 1, 'chenjing@qq.com', '18795556693', '海南省海口市美兰区', 82, 12, 30, '劳动合同', '高中', '市场营销', '武汉大学', '2015-06-09', NULL, '00000032', 3, NULL, NULL, '2015-06-09', '2018-06-08', NULL);
INSERT INTO `employee` VALUES (2503, '赵琳浩4', '男', '1993-03-04', '610122199303041456', '未婚', 1, '陕西', 3, 'zhao@qq.com', '15698887795', '陕西省西安市莲湖区', 91, 12, 33, '劳动合同', '博士', '电子工程', '哈尔滨理工大学', '2018-01-01', NULL, '00000033', 3.5, NULL, NULL, '2018-01-01', '2021-07-14', NULL);
INSERT INTO `employee` VALUES (2504, '鹿存亮4', '男', '1990-01-03', '610122199001031456', '已婚', 1, '陕西', 3, 'zhao@qq.com', '15612347795', '陕西省西安市莲湖区', 92, 12, 34, '劳动合同', '高中', '电子工程', '哈尔滨理工大学', '2018-01-01', NULL, '00000034', 3.5, NULL, NULL, '2018-01-01', '2021-07-14', NULL);
INSERT INTO `employee` VALUES (2505, '姚森4', '男', '1991-02-05', '610122199102058952', '已婚', 1, '河南', 3, 'yaosen@qq.com', '14785559936', '河南洛阳人民大道58号', 92, 15, 34, '劳动合同', '初中', '室内装修设计', '西北大学', '2017-01-02', NULL, '00000035', 7, NULL, NULL, '2017-01-02', '2024-01-17', NULL);
INSERT INTO `employee` VALUES (2506, '云星4', '女', '1993-01-05', '610122199301054789', '已婚', 1, '陕西西安', 1, 'yunxing@qq.com', '15644442252', '陕西西安新城区', 92, 16, 34, '劳务合同', '硕士', '通信工程', '西安电子科技学校', '2018-01-01', NULL, '00000036', 5.25, NULL, NULL, '2018-01-01', '2023-04-13', NULL);
INSERT INTO `employee` VALUES (2507, '贾旭明4', '男', '1993-11-11', '610122199311111234', '已婚', 1, '广东广州', 4, 'jiaxuming@qq.com', '15644441234', '广东省广州市天河区冼村路', 78, 15, 33, '劳务合同', '初中', '通信工程', '西北大学', '2018-01-01', NULL, '00000037', 5.25, NULL, NULL, '2018-01-01', '2023-04-13', NULL);
INSERT INTO `employee` VALUES (2508, '谢工', '女', '1970-01-01', '618177197001011234', '离异', 1, '江苏', 1, '584991843@qq.com', '18558887788', '北京', 91, 12, 29, '劳动合同', '本科', '计算机软件', '南华大学', '2018-01-01', NULL, '00000038', 5, '2019-01-01', NULL, '2018-01-01', '2023-01-01', NULL);
INSERT INTO `employee` VALUES (2509, '林昭亮', '男', '1990-01-01', '610122199809091234', '已婚', 1, '广东', 13, '584991843@qq.com', '16767776654', '广东深圳', 91, 15, 33, '劳动合同', '大专', '计算机软件', '广东职业技术学院', '2018-01-01', NULL, '00000039', 5, '2018-04-01', NULL, '2018-01-01', '2023-01-01', NULL);
INSERT INTO `employee` VALUES (2510, '林伯渠', '男', '2018-01-01', '610122199909099999', '未婚', 1, '1', 1, '584991843@qq.com', '1', '1', 8, 9, 29, '劳动合同', '博士', '1', '1', '2018-01-31', NULL, '00000046', 0, '2018-01-31', NULL, '2018-01-31', '2018-01-31', NULL);
INSERT INTO `employee` VALUES (2511, '陈静', '女', '1989-02-01', '421288198902011234', '已婚', 1, '海南', 1, 'chenjing@qq.com', '18795556693', '海南省海口市美兰区', 8, 12, 30, '劳动合同', '高中', '市场营销', '武汉大学', '2015-06-09', NULL, '00000002', 3, NULL, NULL, '2015-06-09', '2018-06-08', NULL);
INSERT INTO `employee` VALUES (2512, '赵琳浩', '男', '1993-03-04', '610122199303041456', '未婚', 1, '陕西', 3, 'zhao@qq.com', '15698887795', '陕西省西安市莲湖区', 91, 12, 33, '劳动合同', '博士', '电子工程', '哈尔滨理工大学', '2018-01-01', NULL, '00000003', 3.5, NULL, NULL, '2018-01-01', '2021-07-14', NULL);
INSERT INTO `employee` VALUES (2513, '鹿存亮', '男', '1990-01-03', '610122199001031456', '已婚', 1, '陕西', 3, 'zhao@qq.com', '15612347795', '陕西省西安市莲湖区', 92, 12, 34, '劳动合同', '高中', '电子工程', '哈尔滨理工大学', '2018-01-01', NULL, '00000004', 3.5, NULL, NULL, '2018-01-01', '2021-07-14', NULL);
INSERT INTO `employee` VALUES (2514, '姚森', '男', '1991-02-05', '610122199102058952', '已婚', 1, '河南', 3, 'yaosen@qq.com', '14785559936', '河南洛阳人民大道58号', 92, 15, 34, '劳动合同', '硕士', '室内装修设计', '西北大学', '2017-01-02', NULL, '00000005', 7, NULL, NULL, '2017-01-02', '2024-01-17', NULL);
INSERT INTO `employee` VALUES (2515, '云星', '女', '1993-01-05', '610122199301054789', '已婚', 1, '陕西西安', 1, 'yunxing@qq.com', '15644442252', '陕西西安新城区', 92, 16, 34, '劳务合同', '硕士', '通信工程', '西安电子科技学校', '2018-01-01', NULL, '00000006', 5.25, NULL, NULL, '2018-01-01', '2023-04-13', NULL);
INSERT INTO `employee` VALUES (2516, '贾旭明', '男', '1993-11-11', '610122199311111234', '已婚', 1, '广东广州', 4, 'jiaxuming@qq.com', '15644441234', '广东省广州市天河区冼村路', 78, 15, 33, '劳务合同', '初中', '通信工程', '西北大学', '2018-01-01', NULL, '00000007', 5.25, NULL, NULL, '2018-01-01', '2023-04-13', NULL);
INSERT INTO `employee` VALUES (2517, '张黎明', '男', '1991-02-01', '610144199102014569', '已婚', 1, '广东', 6, 'zhangliming@qq.com', '18979994478', '广东珠海', 91, 15, 33, '劳动合同', '高中', '考古', '清华大学', '2018-01-01', NULL, '00000008', 7, NULL, NULL, '2018-01-01', '2025-01-30', NULL);
INSERT INTO `employee` VALUES (2518, '薛磊', '男', '1992-07-01', '610144199207017895', '已婚', 1, '陕西西安', 13, 'xuelei@qq.com', '15648887741', '西安市雁塔区', 92, 14, 34, '劳动合同', '初中', '无', '华胥中学', '2018-01-01', NULL, '00000009', 6, NULL, NULL, '2018-01-01', '2024-01-17', NULL);
INSERT INTO `employee` VALUES (2519, '张洁', '女', '1990-10-09', '420177199010093652', '未婚', 1, '海南', 5, 'zhangjie@qq.com', '13695557742', '海口市美兰区', 92, 16, 34, '劳动合同', '高中', '无', '海南侨中', '2018-01-01', NULL, '00000010', 1, NULL, NULL, '2018-01-01', '2019-01-01', NULL);
INSERT INTO `employee` VALUES (2520, '陈静2', '女', '1989-02-01', '421288198902011234', '已婚', 1, '海南', 1, 'chenjing@qq.com', '18795556693', '海南省海口市美兰区', 82, 12, 30, '劳动合同', '高中', '市场营销', '武汉大学', '2015-06-09', NULL, '00000012', 3, NULL, NULL, '2015-06-09', '2018-06-08', NULL);
INSERT INTO `employee` VALUES (2521, '赵琳浩2', '男', '1993-03-04', '610122199303041456', '未婚', 1, '陕西', 3, 'zhao@qq.com', '15698887795', '陕西省西安市莲湖区', 91, 12, 33, '劳动合同', '博士', '电子工程', '哈尔滨理工大学', '2018-01-01', NULL, '00000013', 3.5, NULL, NULL, '2018-01-01', '2021-07-14', NULL);
INSERT INTO `employee` VALUES (2522, '鹿存亮2', '男', '1990-01-03', '610122199001031456', '已婚', 1, '陕西', 3, 'zhao@qq.com', '15612347795', '陕西省西安市莲湖区', 92, 12, 34, '劳动合同', '高中', '电子工程', '哈尔滨理工大学', '2018-01-01', NULL, '00000014', 3.5, NULL, NULL, '2018-01-01', '2021-07-14', NULL);
INSERT INTO `employee` VALUES (2523, '姚森2', '男', '1991-02-05', '610122199102058952', '已婚', 1, '河南', 3, 'yaosen@qq.com', '14785559936', '河南洛阳人民大道58号', 92, 15, 34, '劳动合同', '初中', '室内装修设计', '西北大学', '2017-01-02', NULL, '00000015', 7, NULL, NULL, '2017-01-02', '2024-01-17', NULL);
INSERT INTO `employee` VALUES (2524, '云星2', '女', '1993-01-05', '610122199301054789', '已婚', 1, '陕西西安', 1, 'yunxing@qq.com', '15644442252', '陕西西安新城区', 92, 16, 34, '劳务合同', '硕士', '通信工程', '西安电子科技学校', '2018-01-01', NULL, '00000016', 5.25, NULL, NULL, '2018-01-01', '2023-04-13', NULL);
INSERT INTO `employee` VALUES (2525, '贾旭明2', '男', '1993-11-11', '610122199311111234', '已婚', 1, '广东广州', 4, 'jiaxuming@qq.com', '15644441234', '广东省广州市天河区冼村路', 78, 15, 33, '劳务合同', '初中', '通信工程', '西北大学', '2018-01-01', NULL, '00000017', 5.25, NULL, NULL, '2018-01-01', '2023-04-13', NULL);
INSERT INTO `employee` VALUES (2526, '王一亭', '男', '1991-02-01', '610144199102014569', '已婚', 1, '广东', 6, 'zhangliming@qq.com', '18979994478', '广东珠海', 91, 15, 33, '劳动合同', '高中', '考古', '清华大学', '2018-01-01', NULL, '00000018', 7, NULL, NULL, '2018-01-01', '2025-01-30', NULL);
INSERT INTO `employee` VALUES (2527, '薛磊2', '男', '1992-07-01', '610144199207017895', '已婚', 1, '陕西西安', 13, 'xuelei@qq.com', '15648887741', '西安市雁塔区', 92, 14, 34, '劳动合同', '初中', '无', '华胥中学', '2018-01-01', NULL, '00000019', 1, NULL, NULL, '2018-01-01', '2019-01-01', NULL);
INSERT INTO `employee` VALUES (2528, '张洁2', '女', '1990-10-09', '420177199010093652', '未婚', 1, '海南', 5, 'zhangjie@qq.com', '13695557742', '海口市美兰区', 92, 16, 34, '劳动合同', '高中', '无', '海南侨中', '2018-01-01', NULL, '00000020', 1, NULL, NULL, '2018-01-01', '2019-01-01', NULL);
INSERT INTO `employee` VALUES (2529, '陈静3', '女', '1989-02-01', '421288198902011234', '已婚', 1, '海南', 1, 'chenjing@qq.com', '18795556693', '海南省海口市美兰区', 82, 12, 30, '劳动合同', '高中', '市场营销', '武汉大学', '2015-06-09', NULL, '00000022', 3, NULL, NULL, '2015-06-09', '2018-06-08', NULL);
INSERT INTO `employee` VALUES (2530, '鹿存亮3', '男', '1990-01-03', '610122199001031456', '已婚', 1, '陕西', 3, 'zhao@qq.com', '15612347795', '陕西省西安市莲湖区', 92, 12, 34, '劳动合同', '高中', '电子工程', '哈尔滨理工大学', '2018-01-01', NULL, '00000024', 3.5, NULL, NULL, '2018-01-01', '2021-07-14', NULL);
INSERT INTO `employee` VALUES (2531, '姚森3', '男', '1991-02-05', '610122199102058952', '已婚', 1, '河南', 3, 'yaosen@qq.com', '14785559936', '河南洛阳人民大道58号', 92, 15, 34, '劳动合同', '初中', '室内装修设计', '西北大学', '2017-01-02', NULL, '00000025', 7, NULL, NULL, '2017-01-02', '2024-01-17', NULL);
INSERT INTO `employee` VALUES (2532, '云星3', '女', '1993-01-05', '610122199301054789', '已婚', 1, '陕西西安', 1, 'yunxing@qq.com', '15644442252', '陕西西安新城区', 92, 16, 34, '劳务合同', '硕士', '通信工程', '西安电子科技学校', '2018-01-01', NULL, '00000026', 5.25, NULL, NULL, '2018-01-01', '2023-04-13', NULL);
INSERT INTO `employee` VALUES (2533, '贾旭明3', '男', '1993-11-11', '610122199311111234', '已婚', 1, '广东广州', 4, 'jiaxuming@qq.com', '15644441234', '广东省广州市天河区冼村路', 78, 15, 33, '劳务合同', '初中', '通信工程', '西北大学', '2018-01-01', NULL, '00000027', 5.25, NULL, NULL, '2018-01-01', '2023-04-13', NULL);
INSERT INTO `employee` VALUES (2534, '张黎明3', '男', '1991-02-01', '610144199102014569', '已婚', 1, '广东', 6, 'zhangliming@qq.com', '18979994478', '广东珠海', 91, 15, 33, '劳动合同', '高中', '考古', '清华大学', '2018-01-01', NULL, '00000028', 7, NULL, NULL, '2018-01-01', '2025-01-30', NULL);
INSERT INTO `employee` VALUES (2535, '薛磊3', '男', '1992-07-01', '610144199207017895', '已婚', 1, '陕西西安', 13, 'xuelei@qq.com', '15648887741', '西安市雁塔区', 92, 14, 34, '劳动合同', '初中', '无', '华胥中学', '2018-01-01', NULL, '00000029', 6, NULL, NULL, '2018-01-01', '2024-01-17', NULL);
INSERT INTO `employee` VALUES (2536, '陈静4', '女', '1989-02-01', '421288198902011234', '已婚', 1, '海南', 1, 'chenjing@qq.com', '18795556693', '海南省海口市美兰区', 82, 12, 30, '劳动合同', '高中', '市场营销', '武汉大学', '2015-06-09', NULL, '00000032', 3, NULL, NULL, '2015-06-09', '2018-06-08', NULL);
INSERT INTO `employee` VALUES (2537, '赵琳浩4', '男', '1993-03-04', '610122199303041456', '未婚', 1, '陕西', 3, 'zhao@qq.com', '15698887795', '陕西省西安市莲湖区', 91, 12, 33, '劳动合同', '博士', '电子工程', '哈尔滨理工大学', '2018-01-01', NULL, '00000033', 3.5, NULL, NULL, '2018-01-01', '2021-07-14', NULL);
INSERT INTO `employee` VALUES (2538, '鹿存亮4', '男', '1990-01-03', '610122199001031456', '已婚', 1, '陕西', 3, 'zhao@qq.com', '15612347795', '陕西省西安市莲湖区', 92, 12, 34, '劳动合同', '高中', '电子工程', '哈尔滨理工大学', '2018-01-01', NULL, '00000034', 3.5, NULL, NULL, '2018-01-01', '2021-07-14', NULL);
INSERT INTO `employee` VALUES (2539, '姚森4', '男', '1991-02-05', '610122199102058952', '已婚', 1, '河南', 3, 'yaosen@qq.com', '14785559936', '河南洛阳人民大道58号', 92, 15, 34, '劳动合同', '初中', '室内装修设计', '西北大学', '2017-01-02', NULL, '00000035', 7, NULL, NULL, '2017-01-02', '2024-01-17', NULL);
INSERT INTO `employee` VALUES (2540, '云星4', '女', '1993-01-05', '610122199301054789', '已婚', 1, '陕西西安', 1, 'yunxing@qq.com', '15644442252', '陕西西安新城区', 92, 16, 34, '劳务合同', '硕士', '通信工程', '西安电子科技学校', '2018-01-01', NULL, '00000036', 5.25, NULL, NULL, '2018-01-01', '2023-04-13', NULL);
INSERT INTO `employee` VALUES (2541, '贾旭明4', '男', '1993-11-11', '610122199311111234', '已婚', 1, '广东广州', 4, 'jiaxuming@qq.com', '15644441234', '广东省广州市天河区冼村路', 78, 15, 33, '劳务合同', '初中', '通信工程', '西北大学', '2018-01-01', NULL, '00000037', 5.25, NULL, NULL, '2018-01-01', '2023-04-13', NULL);
INSERT INTO `employee` VALUES (2542, '张黎明2', '男', '1991-02-01', '610144199102014569', '已婚', 1, '广东', 6, 'zhangliming@qq.com', '18979994478', '广东珠海', 91, 15, 33, '劳动合同', '高中', '考古', '清华大学', '2018-01-01', NULL, '00000038', 7, NULL, NULL, '2018-01-01', '2025-01-30', NULL);
INSERT INTO `employee` VALUES (2543, '薛磊4', '男', '1992-07-01', '610144199207017895', '已婚', 1, '陕西西安', 13, 'xuelei@qq.com', '15648887741', '西安市雁塔区', 92, 14, 34, '劳动合同', '初中', '无', '华胥中学', '2018-01-01', NULL, '00000039', 6, NULL, NULL, '2018-01-01', '2024-01-17', NULL);
INSERT INTO `employee` VALUES (2544, '张洁4', '女', '1990-10-09', '420177199010093652', '未婚', 1, '海南', 5, 'zhangjie@qq.com', '13695557742', '海口市美兰区', 92, 16, 34, '劳动合同', '高中', '无', '海南侨中', '2018-01-01', NULL, '00000040', 1, NULL, NULL, '2018-01-01', '2019-01-01', NULL);
INSERT INTO `employee` VALUES (2545, '陈静5', '女', '1989-02-01', '421288198902011234', '已婚', 1, '海南', 1, 'chenjing@qq.com', '18795556693', '海南省海口市美兰区', 82, 12, 30, '劳动合同', '高中', '市场营销', '武汉大学', '2015-06-09', NULL, '00000042', 3, NULL, NULL, '2015-06-09', '2018-06-08', NULL);
INSERT INTO `employee` VALUES (2546, '赵琳浩5', '男', '1993-03-04', '610122199303041456', '未婚', 1, '陕西', 3, 'zhao@qq.com', '15698887795', '陕西省西安市莲湖区', 91, 12, 33, '劳动合同', '博士', '电子工程', '哈尔滨理工大学', '2018-01-01', NULL, '00000043', 3.5, NULL, NULL, '2018-01-01', '2021-07-14', NULL);
INSERT INTO `employee` VALUES (2547, '鹿存亮5', '男', '1990-01-03', '610122199001031456', '已婚', 1, '陕西', 3, 'zhao@qq.com', '15612347795', '陕西省西安市莲湖区', 92, 12, 34, '劳动合同', '高中', '电子工程', '哈尔滨理工大学', '2018-01-01', NULL, '00000044', 3.5, NULL, NULL, '2018-01-01', '2021-07-14', NULL);
INSERT INTO `employee` VALUES (2548, '姚森5', '男', '1991-02-05', '610122199102058952', '已婚', 1, '河南', 3, 'yaosen@qq.com', '14785559936', '河南洛阳人民大道58号', 92, 15, 34, '劳动合同', '初中', '室内装修设计', '西北大学', '2017-01-02', NULL, '00000045', 7, NULL, NULL, '2017-01-02', '2024-01-17', NULL);
INSERT INTO `employee` VALUES (2549, '云星5', '女', '1993-01-05', '610122199301054789', '已婚', 1, '陕西西安', 1, 'yunxing@qq.com', '15644442252', '陕西西安新城区', 92, 16, 34, '劳务合同', '硕士', '通信工程', '西安电子科技学校', '2018-01-01', NULL, '00000046', 5.25, NULL, NULL, '2018-01-01', '2023-04-13', NULL);
INSERT INTO `employee` VALUES (2550, '贾旭明5', '男', '1993-11-11', '610122199311111234', '已婚', 1, '广东广州', 4, 'jiaxuming@qq.com', '15644441234', '广东省广州市天河区冼村路', 78, 15, 33, '劳务合同', '初中', '通信工程', '西北大学', '2018-01-01', NULL, '00000047', 5.25, NULL, NULL, '2018-01-01', '2023-04-13', NULL);
INSERT INTO `employee` VALUES (2551, '张黎明5', '男', '1991-02-01', '610144199102014569', '已婚', 1, '广东', 6, 'zhangliming@qq.com', '18979994478', '广东珠海', 91, 15, 33, '劳动合同', '高中', '考古', '清华大学', '2018-01-01', NULL, '00000048', 7, NULL, NULL, '2018-01-01', '2025-01-30', NULL);
INSERT INTO `employee` VALUES (2552, '薛磊5', '男', '1992-07-01', '610144199207017895', '已婚', 1, '陕西西安', 13, 'xuelei@qq.com', '15648887741', '西安市雁塔区', 92, 14, 34, '劳动合同', '初中', '无', '华胥中学', '2018-01-01', NULL, '00000049', 6, NULL, NULL, '2018-01-01', '2024-01-17', NULL);
INSERT INTO `employee` VALUES (2553, '张洁5', '女', '1990-10-09', '420177199010093652', '未婚', 1, '海南', 5, 'zhangjie@qq.com', '13695557742', '海口市美兰区', 92, 16, 34, '劳动合同', '高中', '无', '海南侨中', '2018-01-01', NULL, '00000050', 1, NULL, NULL, '2018-01-01', '2019-01-01', NULL);
INSERT INTO `employee` VALUES (2554, '陈静6', '女', '1989-02-01', '421288198902011234', '已婚', 1, '海南', 1, 'chenjing@qq.com', '18795556693', '海南省海口市美兰区', 82, 12, 30, '劳动合同', '高中', '市场营销', '武汉大学', '2015-06-09', NULL, '00000052', 3, NULL, NULL, '2015-06-09', '2018-06-08', NULL);
INSERT INTO `employee` VALUES (2555, '赵琳浩6', '男', '1993-03-04', '610122199303041456', '未婚', 1, '陕西', 3, 'zhao@qq.com', '15698887795', '陕西省西安市莲湖区', 91, 12, 33, '劳动合同', '博士', '电子工程', '哈尔滨理工大学', '2018-01-01', NULL, '00000053', 3.5, NULL, NULL, '2018-01-01', '2021-07-14', NULL);
INSERT INTO `employee` VALUES (2556, '鹿存亮6', '男', '1990-01-03', '610122199001031456', '已婚', 1, '陕西', 3, 'zhao@qq.com', '15612347795', '陕西省西安市莲湖区', 92, 12, 34, '劳动合同', '高中', '电子工程', '哈尔滨理工大学', '2018-01-01', NULL, '00000054', 3.5, NULL, NULL, '2018-01-01', '2021-07-14', NULL);
INSERT INTO `employee` VALUES (2557, '姚森6', '男', '1991-02-05', '610122199102058952', '已婚', 1, '河南', 3, 'yaosen@qq.com', '14785559936', '河南洛阳人民大道58号', 92, 15, 34, '劳动合同', '初中', '室内装修设计', '西北大学', '2017-01-02', NULL, '00000055', 7, NULL, NULL, '2017-01-02', '2024-01-17', NULL);
INSERT INTO `employee` VALUES (2558, '云星6', '女', '1993-01-05', '610122199301054789', '已婚', 1, '陕西西安', 1, 'yunxing@qq.com', '15644442252', '陕西西安新城区', 92, 16, 34, '劳务合同', '硕士', '通信工程', '西安电子科技学校', '2018-01-01', NULL, '00000056', 5.25, NULL, NULL, '2018-01-01', '2023-04-13', NULL);
INSERT INTO `employee` VALUES (2559, '陈静', '女', '1989-02-01', '421288198902011234', '已婚', 1, '海南', 1, 'chenjing@qq.com', '18795556693', '海南省海口市美兰区', 82, 12, 30, '劳动合同', '高中', '市场营销', '武汉大学', '2015-06-09', NULL, '00000002', 3, NULL, NULL, '2015-06-09', '2018-06-08', NULL);
INSERT INTO `employee` VALUES (2560, '赵琳浩', '男', '1993-03-04', '610122199303041456', '未婚', 1, '陕西', 3, 'zhao@qq.com', '15698887795', '陕西省西安市莲湖区', 91, 12, 33, '劳动合同', '博士', '电子工程', '哈尔滨理工大学', '2018-01-01', NULL, '00000003', 3.5, NULL, NULL, '2018-01-01', '2021-07-14', NULL);
INSERT INTO `employee` VALUES (2561, '鹿存亮', '男', '1990-01-03', '610122199001031456', '已婚', 1, '陕西', 3, 'zhao@qq.com', '15612347795', '陕西省西安市莲湖区', 92, 12, 34, '劳动合同', '高中', '电子工程', '哈尔滨理工大学', '2018-01-01', NULL, '00000004', 3.5, NULL, NULL, '2018-01-01', '2021-07-14', NULL);
INSERT INTO `employee` VALUES (2562, '姚森', '男', '1991-02-05', '610122199102058952', '已婚', 1, '河南', 3, 'yaosen@qq.com', '14785559936', '河南洛阳人民大道58号', 92, 15, 34, '劳动合同', '初中', '室内装修设计', '西北大学', '2017-01-02', NULL, '00000005', 7, NULL, NULL, '2017-01-02', '2024-01-17', NULL);
INSERT INTO `employee` VALUES (2563, '贾旭明', '男', '1993-11-11', '610122199311111234', '已婚', 1, '广东广州', 4, 'jiaxuming@qq.com', '15644441234', '广东省广州市天河区冼村路', 78, 15, 33, '劳务合同', '初中', '通信工程', '西北大学', '2018-01-01', NULL, '00000007', 5.25, NULL, NULL, '2018-01-01', '2023-04-13', NULL);
INSERT INTO `employee` VALUES (2564, '张黎明', '男', '1991-02-01', '610144199102014569', '已婚', 1, '广东', 6, 'zhangliming@qq.com', '18979994478', '广东珠海', 91, 15, 33, '劳动合同', '高中', '考古', '清华大学', '2018-01-01', NULL, '00000008', 7, NULL, NULL, '2018-01-01', '2025-01-30', NULL);
INSERT INTO `employee` VALUES (2565, '薛磊', '男', '1992-07-01', '610144199207017895', '已婚', 1, '陕西西安', 13, 'xuelei@qq.com', '15648887741', '西安市雁塔区', 92, 14, 34, '劳动合同', '初中', '无', '华胥中学', '2018-01-01', NULL, '00000009', 6, NULL, NULL, '2018-01-01', '2024-01-17', NULL);
INSERT INTO `employee` VALUES (2566, '张洁', '女', '1990-10-09', '420177199010093652', '未婚', 1, '海南', 5, 'zhangjie@qq.com', '13695557742', '海口市美兰区', 92, 16, 34, '劳动合同', '高中', '无', '海南侨中', '2018-01-01', NULL, '00000010', 1, NULL, NULL, '2018-01-01', '2019-01-01', NULL);
INSERT INTO `employee` VALUES (2567, '陈静2', '女', '1989-02-01', '421288198902011234', '已婚', 1, '海南', 1, 'chenjing@qq.com', '18795556693', '海南省海口市美兰区', 82, 12, 30, '劳动合同', '高中', '市场营销', '武汉大学', '2015-06-09', NULL, '00000012', 3, NULL, NULL, '2015-06-09', '2018-06-08', NULL);
INSERT INTO `employee` VALUES (2568, '赵琳浩2', '男', '1993-03-04', '610122199303041456', '未婚', 1, '陕西', 3, 'zhao@qq.com', '15698887795', '陕西省西安市莲湖区', 91, 12, 33, '劳动合同', '博士', '电子工程', '哈尔滨理工大学', '2018-01-01', NULL, '00000013', 3.5, NULL, NULL, '2018-01-01', '2021-07-14', NULL);
INSERT INTO `employee` VALUES (2569, '鹿存亮2', '男', '1990-01-03', '610122199001031456', '已婚', 1, '陕西', 3, 'zhao@qq.com', '15612347795', '陕西省西安市莲湖区', 92, 12, 34, '劳动合同', '高中', '电子工程', '哈尔滨理工大学', '2018-01-01', NULL, '00000014', 3.5, NULL, NULL, '2018-01-01', '2021-07-14', NULL);
INSERT INTO `employee` VALUES (2570, '姚森2', '男', '1991-02-05', '610122199102058952', '已婚', 1, '河南', 3, 'yaosen@qq.com', '14785559936', '河南洛阳人民大道58号', 92, 15, 34, '劳动合同', '初中', '室内装修设计', '西北大学', '2017-01-02', NULL, '00000015', 7, NULL, NULL, '2017-01-02', '2024-01-17', NULL);
INSERT INTO `employee` VALUES (2571, '云星2', '女', '1993-01-05', '610122199301054789', '已婚', 1, '陕西西安', 1, 'yunxing@qq.com', '15644442252', '陕西西安新城区', 92, 16, 34, '劳务合同', '硕士', '通信工程', '西安电子科技学校', '2018-01-01', NULL, '00000016', 5.25, NULL, NULL, '2018-01-01', '2023-04-13', NULL);
INSERT INTO `employee` VALUES (2572, '贾旭明2', '男', '1993-11-11', '610122199311111234', '已婚', 1, '广东广州', 4, 'jiaxuming@qq.com', '15644441234', '广东省广州市天河区冼村路', 78, 15, 33, '劳务合同', '初中', '通信工程', '西北大学', '2018-01-01', NULL, '00000017', 5.25, NULL, NULL, '2018-01-01', '2023-04-13', NULL);
INSERT INTO `employee` VALUES (2573, '王一亭', '男', '1991-02-01', '610144199102014569', '已婚', 1, '广东', 6, 'zhangliming@qq.com', '18979994478', '广东珠海', 91, 15, 33, '劳动合同', '高中', '考古', '清华大学', '2018-01-01', NULL, '00000018', 7, NULL, NULL, '2018-01-01', '2025-01-30', NULL);
INSERT INTO `employee` VALUES (2574, '薛磊2', '男', '1992-07-01', '610144199207017895', '已婚', 1, '陕西西安', 13, 'xuelei@qq.com', '15648887741', '西安市雁塔区', 92, 14, 34, '劳动合同', '初中', '无', '华胥中学', '2018-01-01', NULL, '00000019', 1, NULL, NULL, '2018-01-01', '2019-01-01', NULL);
INSERT INTO `employee` VALUES (2575, '张洁2', '女', '1990-10-09', '420177199010093652', '未婚', 1, '海南', 5, 'zhangjie@qq.com', '13695557742', '海口市美兰区', 92, 16, 34, '劳动合同', '高中', '无', '海南侨中', '2018-01-01', NULL, '00000020', 1, NULL, NULL, '2018-01-01', '2019-01-01', NULL);
INSERT INTO `employee` VALUES (2576, '陈静3', '女', '1989-02-01', '421288198902011234', '已婚', 1, '海南', 1, 'chenjing@qq.com', '18795556693', '海南省海口市美兰区', 82, 12, 30, '劳动合同', '高中', '市场营销', '武汉大学', '2015-06-09', NULL, '00000022', 3, NULL, NULL, '2015-06-09', '2018-06-08', NULL);
INSERT INTO `employee` VALUES (2577, '鹿存亮3', '男', '1990-01-03', '610122199001031456', '已婚', 1, '陕西', 3, 'zhao@qq.com', '15612347795', '陕西省西安市莲湖区', 92, 12, 34, '劳动合同', '高中', '电子工程', '哈尔滨理工大学', '2018-01-01', NULL, '00000024', 3.5, NULL, NULL, '2018-01-01', '2021-07-14', NULL);
INSERT INTO `employee` VALUES (2578, '姚森3', '男', '1991-02-05', '610122199102058952', '已婚', 1, '河南', 3, 'yaosen@qq.com', '14785559936', '河南洛阳人民大道58号', 92, 15, 34, '劳动合同', '初中', '室内装修设计', '西北大学', '2017-01-02', NULL, '00000025', 7, NULL, NULL, '2017-01-02', '2024-01-17', NULL);
INSERT INTO `employee` VALUES (2579, '云星3', '女', '1993-01-05', '610122199301054789', '已婚', 1, '陕西西安', 1, 'yunxing@qq.com', '15644442252', '陕西西安新城区', 92, 16, 34, '劳务合同', '硕士', '通信工程', '西安电子科技学校', '2018-01-01', NULL, '00000026', 5.25, NULL, NULL, '2018-01-01', '2023-04-13', NULL);
INSERT INTO `employee` VALUES (2580, '贾旭明3', '男', '1993-11-11', '610122199311111234', '已婚', 1, '广东广州', 4, 'jiaxuming@qq.com', '15644441234', '广东省广州市天河区冼村路', 78, 15, 33, '劳务合同', '初中', '通信工程', '西北大学', '2018-01-01', NULL, '00000027', 5.25, NULL, NULL, '2018-01-01', '2023-04-13', NULL);
INSERT INTO `employee` VALUES (2581, '张黎明3', '男', '1991-02-01', '610144199102014569', '已婚', 1, '广东', 6, 'zhangliming@qq.com', '18979994478', '广东珠海', 91, 15, 33, '劳动合同', '高中', '考古', '清华大学', '2018-01-01', NULL, '00000028', 7, NULL, NULL, '2018-01-01', '2025-01-30', NULL);
INSERT INTO `employee` VALUES (2582, '薛磊3', '男', '1992-07-01', '610144199207017895', '已婚', 1, '陕西西安', 13, 'xuelei@qq.com', '15648887741', '西安市雁塔区', 92, 14, 34, '劳动合同', '初中', '无', '华胥中学', '2018-01-01', NULL, '00000029', 6, NULL, NULL, '2018-01-01', '2024-01-17', NULL);
INSERT INTO `employee` VALUES (2583, '陈静4', '女', '1989-02-01', '421288198902011234', '已婚', 1, '海南', 1, 'chenjing@qq.com', '18795556693', '海南省海口市美兰区', 82, 12, 30, '劳动合同', '高中', '市场营销', '武汉大学', '2015-06-09', NULL, '00000032', 3, NULL, NULL, '2015-06-09', '2018-06-08', NULL);
INSERT INTO `employee` VALUES (2584, '赵琳浩4', '男', '1993-03-04', '610122199303041456', '未婚', 1, '陕西', 3, 'zhao@qq.com', '15698887795', '陕西省西安市莲湖区', 91, 12, 33, '劳动合同', '博士', '电子工程', '哈尔滨理工大学', '2018-01-01', NULL, '00000033', 3.5, NULL, NULL, '2018-01-01', '2021-07-14', NULL);
INSERT INTO `employee` VALUES (2585, '鹿存亮4', '男', '1990-01-03', '610122199001031456', '已婚', 1, '陕西', 3, 'zhao@qq.com', '15612347795', '陕西省西安市莲湖区', 92, 12, 34, '劳动合同', '高中', '电子工程', '哈尔滨理工大学', '2018-01-01', NULL, '00000034', 3.5, NULL, NULL, '2018-01-01', '2021-07-14', NULL);
INSERT INTO `employee` VALUES (2586, '姚森4', '男', '1991-02-05', '610122199102058952', '已婚', 1, '河南', 3, 'yaosen@qq.com', '14785559936', '河南洛阳人民大道58号', 92, 15, 34, '劳动合同', '初中', '室内装修设计', '西北大学', '2017-01-02', NULL, '00000035', 7, NULL, NULL, '2017-01-02', '2024-01-17', NULL);
INSERT INTO `employee` VALUES (2587, '云星4', '女', '1993-01-05', '610122199301054789', '已婚', 1, '陕西西安', 1, 'yunxing@qq.com', '15644442252', '陕西西安新城区', 92, 16, 34, '劳务合同', '硕士', '通信工程', '西安电子科技学校', '2018-01-01', NULL, '00000036', 5.25, NULL, NULL, '2018-01-01', '2023-04-13', NULL);
INSERT INTO `employee` VALUES (2588, '贾旭明4', '男', '1993-11-11', '610122199311111234', '已婚', 1, '广东广州', 4, 'jiaxuming@qq.com', '15644441234', '广东省广州市天河区冼村路', 78, 15, 33, '劳务合同', '初中', '通信工程', '西北大学', '2018-01-01', NULL, '00000037', 5.25, NULL, NULL, '2018-01-01', '2023-04-13', NULL);
INSERT INTO `employee` VALUES (2589, '谢工', '女', '1970-01-01', '618177197001011234', '离异', 1, '江苏', 1, '584991843@qq.com', '18558887788', '北京', 91, 12, 29, '劳动合同', '本科', '计算机软件', '南华大学', '2018-01-01', NULL, '00000038', 5, NULL, NULL, '2018-01-01', '2023-01-01', NULL);
INSERT INTO `employee` VALUES (2590, '林昭亮', '男', '1990-01-01', '610122199809091234', '已婚', 1, '广东', 13, '584991843@qq.com', '16767776654', '广东深圳', 91, 15, 33, '劳动合同', '大专', '计算机软件', '广东职业技术学院', '2018-01-01', NULL, '00000039', 5, NULL, NULL, '2018-01-01', '2023-01-01', NULL);
INSERT INTO `employee` VALUES (2591, '林伯渠', '男', '2018-01-01', '610122199909099999', '未婚', 1, '1', 1, '584991843@qq.com', '1', '1', 8, 9, 29, '劳动合同', '大专', '1', '1', '2018-01-31', NULL, '00000046', 0, NULL, NULL, '2018-01-31', '2018-01-31', NULL);
INSERT INTO `employee` VALUES (2592, '陈静', '女', '1989-02-01', '421288198902011234', '已婚', 1, '海南', 1, 'chenjing@qq.com', '18795556693', '海南省海口市美兰区', 91, 12, 29, '劳动合同', '高中', '市场营销', '武汉大学', '2015-06-09', NULL, '00000002', 3, '2015-09-10', NULL, '2015-06-09', '2018-06-08', NULL);
INSERT INTO `employee` VALUES (2593, '赵琳浩', '男', '1993-03-04', '610122199303041456', '未婚', 1, '陕西', 3, 'zhao@qq.com', '15698887795', '陕西省西安市莲湖区', 91, 12, 33, '劳动合同', '博士', '电子工程', '哈尔滨理工大学', '2018-01-01', NULL, '00000003', 3.5, '2018-04-01', NULL, '2018-01-01', '2021-07-14', NULL);
INSERT INTO `employee` VALUES (2594, '鹿存亮', '男', '1990-01-03', '610122199001031456', '已婚', 1, '陕西', 3, 'zhao@qq.com', '15612347795', '陕西省西安市莲湖区', 92, 12, 34, '劳动合同', '高中', '电子工程', '哈尔滨理工大学', '2018-01-01', NULL, '00000004', 3.5, '2018-04-01', NULL, '2018-01-01', '2021-07-14', NULL);
INSERT INTO `employee` VALUES (2595, '姚森', '男', '1991-02-05', '610122199102058952', '已婚', 1, '河南', 3, 'yaosen@qq.com', '14785559936', '河南洛阳人民大道58号', 92, 15, 34, '劳动合同', '硕士', '室内装修设计', '西北大学', '2017-01-02', NULL, '00000005', 7, '2017-04-02', NULL, '2017-01-02', '2024-01-17', NULL);
INSERT INTO `employee` VALUES (2596, '云星', '女', '1993-01-05', '610122199301054789', '已婚', 1, '陕西西安', 1, 'yunxing@qq.com', '15644442252', '陕西西安新城区', 92, 16, 34, '劳务合同', '硕士', '通信工程', '西安电子科技学校', '2018-01-01', NULL, '00000006', 5.25, '2018-04-01', NULL, '2018-01-01', '2023-04-13', NULL);
INSERT INTO `employee` VALUES (2597, '贾旭明', '男', '1993-11-11', '610122199311111234', '已婚', 1, '广东广州', 4, 'jiaxuming@qq.com', '15644441234', '广东省广州市天河区冼村路', 78, 15, 33, '劳务合同', '初中', '通信工程', '西北大学', '2018-01-01', NULL, '00000007', 5.25, '2018-04-01', NULL, '2018-01-01', '2023-04-13', NULL);
INSERT INTO `employee` VALUES (2598, '张黎明', '男', '1991-02-01', '610144199102014569', '已婚', 1, '广东', 6, 'zhangliming@qq.com', '18979994478', '广东珠海', 91, 15, 33, '劳动合同', '高中', '考古', '清华大学', '2018-01-01', NULL, '00000008', 7, '2018-04-01', NULL, '2018-01-01', '2025-01-30', NULL);
INSERT INTO `employee` VALUES (2599, '薛磊', '男', '1992-07-01', '610144199207017895', '已婚', 1, '陕西西安', 13, 'xuelei@qq.com', '15648887741', '西安市雁塔区', 92, 14, 34, '劳动合同', '初中', '无', '华胥中学', '2018-01-01', NULL, '00000009', 6, '2018-04-01', NULL, '2018-01-01', '2024-01-17', NULL);
INSERT INTO `employee` VALUES (2600, '张洁', '女', '1990-10-09', '420177199010093652', '未婚', 1, '海南', 5, 'zhangjie@qq.com', '13695557742', '海口市美兰区', 92, 16, 34, '劳动合同', '高中', '无', '海南侨中', '2018-01-01', NULL, '00000010', 1, '2018-01-31', NULL, '2018-01-01', '2019-01-01', NULL);
INSERT INTO `employee` VALUES (2601, '陈静2', '女', '1989-02-01', '421288198902011234', '已婚', 1, '海南', 1, 'chenjing@qq.com', '18795556693', '海南省海口市美兰区', 82, 12, 30, '劳动合同', '高中', '市场营销', '武汉大学', '2015-06-09', NULL, '00000012', 3, '2015-09-10', NULL, '2015-06-09', '2018-06-08', NULL);
INSERT INTO `employee` VALUES (2602, '赵琳浩2', '男', '1993-03-04', '610122199303041456', '未婚', 1, '陕西', 3, 'zhao@qq.com', '15698887795', '陕西省西安市莲湖区', 91, 12, 33, '劳动合同', '博士', '电子工程', '哈尔滨理工大学', '2018-01-01', NULL, '00000013', 3.5, '2018-04-01', NULL, '2018-01-01', '2021-07-14', NULL);
INSERT INTO `employee` VALUES (2603, '鹿存亮2', '男', '1990-01-03', '610122199001031456', '已婚', 1, '陕西', 3, 'zhao@qq.com', '15612347795', '陕西省西安市莲湖区', 92, 12, 34, '劳动合同', '高中', '电子工程', '哈尔滨理工大学', '2018-01-01', NULL, '00000014', 3.5, '2018-04-01', NULL, '2018-01-01', '2021-07-14', NULL);
INSERT INTO `employee` VALUES (2604, '姚森2', '男', '1991-02-05', '610122199102058952', '已婚', 1, '河南', 3, 'yaosen@qq.com', '14785559936', '河南洛阳人民大道58号', 92, 15, 34, '劳动合同', '初中', '室内装修设计', '西北大学', '2017-01-02', NULL, '00000015', 7, '2017-04-02', NULL, '2017-01-02', '2024-01-17', NULL);
INSERT INTO `employee` VALUES (2605, '云星2', '女', '1993-01-05', '610122199301054789', '已婚', 1, '陕西西安', 1, 'yunxing@qq.com', '15644442252', '陕西西安新城区', 92, 16, 34, '劳务合同', '硕士', '通信工程', '西安电子科技学校', '2018-01-01', NULL, '00000016', 5.25, '2018-04-01', NULL, '2018-01-01', '2023-04-13', NULL);
INSERT INTO `employee` VALUES (2606, '贾旭明2', '男', '1993-11-11', '610122199311111234', '已婚', 1, '广东广州', 4, 'jiaxuming@qq.com', '15644441234', '广东省广州市天河区冼村路', 78, 15, 33, '劳务合同', '初中', '通信工程', '西北大学', '2018-01-01', NULL, '00000017', 5.25, '2018-04-01', NULL, '2018-01-01', '2023-04-13', NULL);
INSERT INTO `employee` VALUES (2607, '王一亭', '男', '1991-02-01', '610144199102014569', '已婚', 1, '广东', 6, 'zhangliming@qq.com', '18979994478', '广东珠海', 91, 15, 33, '劳动合同', '高中', '考古', '清华大学', '2018-01-01', NULL, '00000018', 7, '2018-04-01', NULL, '2018-01-01', '2025-01-30', NULL);
INSERT INTO `employee` VALUES (2608, '薛磊2', '男', '1992-07-01', '610144199207017895', '已婚', 1, '陕西西安', 13, 'xuelei@qq.com', '15648887741', '西安市雁塔区', 92, 14, 34, '劳动合同', '初中', '无', '华胥中学', '2018-01-01', NULL, '00000019', 1, '2018-04-01', NULL, '2018-01-01', '2019-01-01', NULL);
INSERT INTO `employee` VALUES (2609, '张洁2', '女', '1990-10-09', '420177199010093652', '未婚', 1, '海南', 5, 'zhangjie@qq.com', '13695557742', '海口市美兰区', 92, 16, 34, '劳动合同', '高中', '无', '海南侨中', '2018-01-01', NULL, '00000020', 1, '2018-01-31', NULL, '2018-01-01', '2019-01-01', NULL);
INSERT INTO `employee` VALUES (2610, '陈静3', '女', '1989-02-01', '421288198902011234', '已婚', 1, '海南', 1, 'chenjing@qq.com', '18795556693', '海南省海口市美兰区', 82, 12, 30, '劳动合同', '高中', '市场营销', '武汉大学', '2015-06-09', NULL, '00000022', 3, '2015-09-10', NULL, '2015-06-09', '2018-06-08', NULL);
INSERT INTO `employee` VALUES (2611, '鹿存亮3', '男', '1990-01-03', '610122199001031456', '已婚', 1, '陕西', 3, 'zhao@qq.com', '15612347795', '陕西省西安市莲湖区', 92, 12, 34, '劳动合同', '高中', '电子工程', '哈尔滨理工大学', '2018-01-01', NULL, '00000024', 3.5, '2018-04-01', NULL, '2018-01-01', '2021-07-14', NULL);
INSERT INTO `employee` VALUES (2612, '姚森3', '男', '1991-02-05', '610122199102058952', '已婚', 1, '河南', 3, 'yaosen@qq.com', '14785559936', '河南洛阳人民大道58号', 92, 15, 34, '劳动合同', '初中', '室内装修设计', '西北大学', '2017-01-02', NULL, '00000025', 7, '2017-04-02', NULL, '2017-01-02', '2024-01-17', NULL);
INSERT INTO `employee` VALUES (2613, '云星3', '女', '1993-01-05', '610122199301054789', '已婚', 1, '陕西西安', 1, 'yunxing@qq.com', '15644442252', '陕西西安新城区', 92, 16, 34, '劳务合同', '硕士', '通信工程', '西安电子科技学校', '2018-01-01', NULL, '00000026', 5.25, '2018-04-01', NULL, '2018-01-01', '2023-04-13', NULL);
INSERT INTO `employee` VALUES (2614, '贾旭明3', '男', '1993-11-11', '610122199311111234', '已婚', 1, '广东广州', 4, 'jiaxuming@qq.com', '15644441234', '广东省广州市天河区冼村路', 78, 15, 33, '劳务合同', '初中', '通信工程', '西北大学', '2018-01-01', NULL, '00000027', 5.25, '2018-04-01', NULL, '2018-01-01', '2023-04-13', NULL);
INSERT INTO `employee` VALUES (2615, '张黎明3', '男', '1991-02-01', '610144199102014569', '已婚', 1, '广东', 6, 'zhangliming@qq.com', '18979994478', '广东珠海', 91, 15, 33, '劳动合同', '高中', '考古', '清华大学', '2018-01-01', NULL, '00000028', 7, '2018-04-01', NULL, '2018-01-01', '2025-01-30', NULL);
INSERT INTO `employee` VALUES (2616, '薛磊3', '男', '1992-07-01', '610144199207017895', '已婚', 1, '陕西西安', 13, 'xuelei@qq.com', '15648887741', '西安市雁塔区', 92, 14, 34, '劳动合同', '初中', '无', '华胥中学', '2018-01-01', NULL, '00000029', 6, '2018-04-01', NULL, '2018-01-01', '2024-01-17', NULL);
INSERT INTO `employee` VALUES (2617, '陈静4', '女', '1989-02-01', '421288198902011234', '已婚', 1, '海南', 1, 'chenjing@qq.com', '18795556693', '海南省海口市美兰区', 82, 12, 30, '劳动合同', '高中', '市场营销', '武汉大学', '2015-06-09', NULL, '00000032', 3, '2015-09-10', NULL, '2015-06-09', '2018-06-08', NULL);
INSERT INTO `employee` VALUES (2618, '赵琳浩4', '男', '1993-03-04', '610122199303041456', '未婚', 1, '陕西', 3, 'zhao@qq.com', '15698887795', '陕西省西安市莲湖区', 91, 12, 33, '劳动合同', '博士', '电子工程', '哈尔滨理工大学', '2018-01-01', NULL, '00000033', 3.5, '2018-04-01', NULL, '2018-01-01', '2021-07-14', NULL);
INSERT INTO `employee` VALUES (2619, '鹿存亮4', '男', '1990-01-03', '610122199001031456', '已婚', 1, '陕西', 3, 'zhao@qq.com', '15612347795', '陕西省西安市莲湖区', 92, 12, 34, '劳动合同', '高中', '电子工程', '哈尔滨理工大学', '2018-01-01', NULL, '00000034', 3.5, '2018-04-01', NULL, '2018-01-01', '2021-07-14', NULL);
INSERT INTO `employee` VALUES (2620, '姚森4', '男', '1991-02-05', '610122199102058952', '已婚', 1, '河南', 3, 'yaosen@qq.com', '14785559936', '河南洛阳人民大道58号', 92, 15, 34, '劳动合同', '初中', '室内装修设计', '西北大学', '2017-01-02', NULL, '00000035', 7, '2017-04-02', NULL, '2017-01-02', '2024-01-17', NULL);
INSERT INTO `employee` VALUES (2621, '云星4', '女', '1993-01-05', '610122199301054789', '已婚', 1, '陕西西安', 1, 'yunxing@qq.com', '15644442252', '陕西西安新城区', 92, 16, 34, '劳务合同', '硕士', '通信工程', '西安电子科技学校', '2018-01-01', NULL, '00000036', 5.25, '2018-04-01', NULL, '2018-01-01', '2023-04-13', NULL);
INSERT INTO `employee` VALUES (2622, '贾旭明4', '男', '1993-11-11', '610122199311111234', '已婚', 1, '广东广州', 4, 'jiaxuming@qq.com', '15644441234', '广东省广州市天河区冼村路', 78, 15, 33, '劳务合同', '初中', '通信工程', '西北大学', '2018-01-01', NULL, '00000037', 5.25, '2018-04-01', NULL, '2018-01-01', '2023-04-13', NULL);
INSERT INTO `employee` VALUES (2623, '张黎明2', '男', '1991-02-01', '610144199102014569', '已婚', 1, '广东', 6, 'zhangliming@qq.com', '18979994478', '广东珠海', 91, 15, 33, '劳动合同', '高中', '考古', '清华大学', '2018-01-01', NULL, '00000038', 7, '2018-04-01', NULL, '2018-01-01', '2025-01-30', NULL);
INSERT INTO `employee` VALUES (2624, '薛磊4', '男', '1992-07-01', '610144199207017895', '已婚', 1, '陕西西安', 13, 'xuelei@qq.com', '15648887741', '西安市雁塔区', 92, 14, 34, '劳动合同', '初中', '无', '华胥中学', '2018-01-01', NULL, '00000039', 6, '2018-04-01', NULL, '2018-01-01', '2024-01-17', NULL);
INSERT INTO `employee` VALUES (2625, '张洁4', '女', '1990-10-09', '420177199010093652', '未婚', 1, '海南', 5, 'zhangjie@qq.com', '13695557742', '海口市美兰区', 92, 16, 34, '劳动合同', '高中', '无', '海南侨中', '2018-01-01', NULL, '00000040', 1, '2018-01-31', NULL, '2018-01-01', '2019-01-01', NULL);
INSERT INTO `employee` VALUES (2626, '陈静5', '女', '1989-02-01', '421288198902011234', '已婚', 1, '海南', 1, 'chenjing@qq.com', '18795556693', '海南省海口市美兰区', 82, 12, 30, '劳动合同', '高中', '市场营销', '武汉大学', '2015-06-09', NULL, '00000042', 3, '2015-09-10', NULL, '2015-06-09', '2018-06-08', NULL);
INSERT INTO `employee` VALUES (2627, '赵琳浩5', '男', '1993-03-04', '610122199303041456', '未婚', 1, '陕西', 3, 'zhao@qq.com', '15698887795', '陕西省西安市莲湖区', 91, 12, 33, '劳动合同', '博士', '电子工程', '哈尔滨理工大学', '2018-01-01', NULL, '00000043', 3.5, '2018-04-01', NULL, '2018-01-01', '2021-07-14', NULL);
INSERT INTO `employee` VALUES (2628, '鹿存亮5', '男', '1990-01-03', '610122199001031456', '已婚', 1, '陕西', 3, 'zhao@qq.com', '15612347795', '陕西省西安市莲湖区', 92, 12, 34, '劳动合同', '高中', '电子工程', '哈尔滨理工大学', '2018-01-01', NULL, '00000044', 3.5, '2018-04-01', NULL, '2018-01-01', '2021-07-14', NULL);
INSERT INTO `employee` VALUES (2629, '姚森5', '男', '1991-02-05', '610122199102058952', '已婚', 1, '河南', 3, 'yaosen@qq.com', '14785559936', '河南洛阳人民大道58号', 92, 15, 34, '劳动合同', '初中', '室内装修设计', '西北大学', '2017-01-02', NULL, '00000045', 7, '2017-04-02', NULL, '2017-01-02', '2024-01-17', NULL);
INSERT INTO `employee` VALUES (2630, '云星5', '女', '1993-01-05', '610122199301054789', '已婚', 1, '陕西西安', 1, 'yunxing@qq.com', '15644442252', '陕西西安新城区', 92, 16, 34, '劳务合同', '硕士', '通信工程', '西安电子科技学校', '2018-01-01', NULL, '00000046', 5.25, '2018-04-01', NULL, '2018-01-01', '2023-04-13', NULL);
INSERT INTO `employee` VALUES (2631, '贾旭明5', '男', '1993-11-11', '610122199311111234', '已婚', 1, '广东广州', 4, 'jiaxuming@qq.com', '15644441234', '广东省广州市天河区冼村路', 78, 15, 33, '劳务合同', '初中', '通信工程', '西北大学', '2018-01-01', NULL, '00000047', 5.25, '2018-04-01', NULL, '2018-01-01', '2023-04-13', NULL);
INSERT INTO `employee` VALUES (2632, '张黎明5', '男', '1991-02-01', '610144199102014569', '已婚', 1, '广东', 6, 'zhangliming@qq.com', '18979994478', '广东珠海', 91, 15, 33, '劳动合同', '高中', '考古', '清华大学', '2018-01-01', NULL, '00000048', 7, '2018-04-01', NULL, '2018-01-01', '2025-01-30', NULL);
INSERT INTO `employee` VALUES (2633, '薛磊5', '男', '1992-07-01', '610144199207017895', '已婚', 1, '陕西西安', 13, 'xuelei@qq.com', '15648887741', '西安市雁塔区', 92, 14, 34, '劳动合同', '初中', '无', '华胥中学', '2018-01-01', NULL, '00000049', 6, '2018-04-01', NULL, '2018-01-01', '2024-01-17', NULL);
INSERT INTO `employee` VALUES (2634, '张洁5', '女', '1990-10-09', '420177199010093652', '未婚', 1, '海南', 5, 'zhangjie@qq.com', '13695557742', '海口市美兰区', 92, 16, 34, '劳动合同', '高中', '无', '海南侨中', '2018-01-01', NULL, '00000050', 1, '2018-01-31', NULL, '2018-01-01', '2019-01-01', NULL);
INSERT INTO `employee` VALUES (2635, '陈静6', '女', '1989-02-01', '421288198902011234', '已婚', 1, '海南', 1, 'chenjing@qq.com', '18795556693', '海南省海口市美兰区', 82, 12, 30, '劳动合同', '高中', '市场营销', '武汉大学', '2015-06-09', NULL, '00000052', 3, '2015-09-10', NULL, '2015-06-09', '2018-06-08', NULL);
INSERT INTO `employee` VALUES (2636, '赵琳浩6', '男', '1993-03-04', '610122199303041456', '未婚', 1, '陕西', 3, 'zhao@qq.com', '15698887795', '陕西省西安市莲湖区', 91, 12, 33, '劳动合同', '博士', '电子工程', '哈尔滨理工大学', '2018-01-01', NULL, '00000053', 3.5, '2018-04-01', NULL, '2018-01-01', '2021-07-14', NULL);
INSERT INTO `employee` VALUES (2637, '鹿存亮6', '男', '1990-01-03', '610122199001031456', '已婚', 1, '陕西', 3, 'zhao@qq.com', '15612347795', '陕西省西安市莲湖区', 92, 12, 34, '劳动合同', '高中', '电子工程', '哈尔滨理工大学', '2018-01-01', NULL, '00000054', 3.5, '2018-04-01', NULL, '2018-01-01', '2021-07-14', NULL);
INSERT INTO `employee` VALUES (2638, '姚森6', '男', '1991-02-05', '610122199102058952', '已婚', 1, '河南', 3, 'yaosen@qq.com', '14785559936', '河南洛阳人民大道58号', 92, 15, 34, '劳动合同', '初中', '室内装修设计', '西北大学', '2017-01-02', NULL, '00000055', 7, '2017-04-02', NULL, '2017-01-02', '2024-01-17', NULL);
INSERT INTO `employee` VALUES (2639, '云星6', '女', '1993-01-05', '610122199301054789', '已婚', 1, '陕西西安', 1, 'yunxing@qq.com', '15644442252', '陕西西安新城区', 92, 16, 34, '劳务合同', '硕士', '通信工程', '西安电子科技学校', '2018-01-01', NULL, '00000056', 5.25, '2018-04-01', NULL, '2018-01-01', '2023-04-13', NULL);
INSERT INTO `employee` VALUES (2640, '陈静', '女', '1989-02-01', '421288198902011234', '已婚', 1, '海南', 1, 'chenjing@qq.com', '18795556693', '海南省海口市美兰区', 82, 12, 30, '劳动合同', '高中', '市场营销', '武汉大学', '2015-06-09', NULL, '00000002', 3, NULL, NULL, '2015-06-09', '2018-06-08', NULL);
INSERT INTO `employee` VALUES (2641, '赵琳浩', '男', '1993-03-04', '610122199303041456', '未婚', 1, '陕西', 3, 'zhao@qq.com', '15698887795', '陕西省西安市莲湖区', 91, 12, 33, '劳动合同', '博士', '电子工程', '哈尔滨理工大学', '2018-01-01', NULL, '00000003', 3.5, NULL, NULL, '2018-01-01', '2021-07-14', NULL);
INSERT INTO `employee` VALUES (2642, '鹿存亮', '男', '1990-01-03', '610122199001031456', '已婚', 1, '陕西', 3, 'zhao@qq.com', '15612347795', '陕西省西安市莲湖区', 92, 12, 34, '劳动合同', '高中', '电子工程', '哈尔滨理工大学', '2018-01-01', NULL, '00000004', 3.5, NULL, NULL, '2018-01-01', '2021-07-14', NULL);
INSERT INTO `employee` VALUES (2643, '姚森', '男', '1991-02-05', '610122199102058952', '已婚', 1, '河南', 3, 'yaosen@qq.com', '14785559936', '河南洛阳人民大道58号', 92, 15, 34, '劳动合同', '初中', '室内装修设计', '西北大学', '2017-01-02', NULL, '00000005', 7, NULL, NULL, '2017-01-02', '2024-01-17', NULL);
INSERT INTO `employee` VALUES (2644, '贾旭明', '男', '1993-11-11', '610122199311111234', '已婚', 1, '广东广州', 4, 'jiaxuming@qq.com', '15644441234', '广东省广州市天河区冼村路', 78, 15, 33, '劳务合同', '初中', '通信工程', '西北大学', '2018-01-01', NULL, '00000007', 5.25, NULL, NULL, '2018-01-01', '2023-04-13', NULL);
INSERT INTO `employee` VALUES (2645, '张黎明', '男', '1991-02-01', '610144199102014569', '已婚', 1, '广东', 6, 'zhangliming@qq.com', '18979994478', '广东珠海', 91, 15, 33, '劳动合同', '高中', '考古', '清华大学', '2018-01-01', NULL, '00000008', 7, NULL, NULL, '2018-01-01', '2025-01-30', NULL);
INSERT INTO `employee` VALUES (2646, '薛磊', '男', '1992-07-01', '610144199207017895', '已婚', 1, '陕西西安', 13, 'xuelei@qq.com', '15648887741', '西安市雁塔区', 92, 14, 34, '劳动合同', '初中', '无', '华胥中学', '2018-01-01', NULL, '00000009', 6, NULL, NULL, '2018-01-01', '2024-01-17', NULL);
INSERT INTO `employee` VALUES (2647, '张洁', '女', '1990-10-09', '420177199010093652', '未婚', 1, '海南', 5, 'zhangjie@qq.com', '13695557742', '海口市美兰区', 92, 16, 34, '劳动合同', '高中', '无', '海南侨中', '2018-01-01', NULL, '00000010', 1, NULL, NULL, '2018-01-01', '2019-01-01', NULL);
INSERT INTO `employee` VALUES (2648, '陈静2', '女', '1989-02-01', '421288198902011234', '已婚', 1, '海南', 1, 'chenjing@qq.com', '18795556693', '海南省海口市美兰区', 82, 12, 30, '劳动合同', '高中', '市场营销', '武汉大学', '2015-06-09', NULL, '00000012', 3, NULL, NULL, '2015-06-09', '2018-06-08', NULL);
INSERT INTO `employee` VALUES (2649, '赵琳浩2', '男', '1993-03-04', '610122199303041456', '未婚', 1, '陕西', 3, 'zhao@qq.com', '15698887795', '陕西省西安市莲湖区', 91, 12, 33, '劳动合同', '博士', '电子工程', '哈尔滨理工大学', '2018-01-01', NULL, '00000013', 3.5, NULL, NULL, '2018-01-01', '2021-07-14', NULL);
INSERT INTO `employee` VALUES (2650, '鹿存亮2', '男', '1990-01-03', '610122199001031456', '已婚', 1, '陕西', 3, 'zhao@qq.com', '15612347795', '陕西省西安市莲湖区', 92, 12, 34, '劳动合同', '高中', '电子工程', '哈尔滨理工大学', '2018-01-01', NULL, '00000014', 3.5, NULL, NULL, '2018-01-01', '2021-07-14', NULL);
INSERT INTO `employee` VALUES (2651, '姚森2', '男', '1991-02-05', '610122199102058952', '已婚', 1, '河南', 3, 'yaosen@qq.com', '14785559936', '河南洛阳人民大道58号', 92, 15, 34, '劳动合同', '初中', '室内装修设计', '西北大学', '2017-01-02', NULL, '00000015', 7, NULL, NULL, '2017-01-02', '2024-01-17', NULL);
INSERT INTO `employee` VALUES (2652, '云星2', '女', '1993-01-05', '610122199301054789', '已婚', 1, '陕西西安', 1, 'yunxing@qq.com', '15644442252', '陕西西安新城区', 92, 16, 34, '劳务合同', '硕士', '通信工程', '西安电子科技学校', '2018-01-01', NULL, '00000016', 5.25, NULL, NULL, '2018-01-01', '2023-04-13', NULL);
INSERT INTO `employee` VALUES (2653, '贾旭明2', '男', '1993-11-11', '610122199311111234', '已婚', 1, '广东广州', 4, 'jiaxuming@qq.com', '15644441234', '广东省广州市天河区冼村路', 78, 15, 33, '劳务合同', '初中', '通信工程', '西北大学', '2018-01-01', NULL, '00000017', 5.25, NULL, NULL, '2018-01-01', '2023-04-13', NULL);
INSERT INTO `employee` VALUES (2654, '王一亭', '男', '1991-02-01', '610144199102014569', '已婚', 1, '广东', 6, 'zhangliming@qq.com', '18979994478', '广东珠海', 91, 15, 33, '劳动合同', '高中', '考古', '清华大学', '2018-01-01', NULL, '00000018', 7, NULL, NULL, '2018-01-01', '2025-01-30', NULL);
INSERT INTO `employee` VALUES (2655, '薛磊2', '男', '1992-07-01', '610144199207017895', '已婚', 1, '陕西西安', 13, 'xuelei@qq.com', '15648887741', '西安市雁塔区', 92, 14, 34, '劳动合同', '初中', '无', '华胥中学', '2018-01-01', NULL, '00000019', 1, NULL, NULL, '2018-01-01', '2019-01-01', NULL);
INSERT INTO `employee` VALUES (2656, '张洁2', '女', '1990-10-09', '420177199010093652', '未婚', 1, '海南', 5, 'zhangjie@qq.com', '13695557742', '海口市美兰区', 92, 16, 34, '劳动合同', '高中', '无', '海南侨中', '2018-01-01', NULL, '00000020', 1, NULL, NULL, '2018-01-01', '2019-01-01', NULL);
INSERT INTO `employee` VALUES (2657, '陈静3', '女', '1989-02-01', '421288198902011234', '已婚', 1, '海南', 1, 'chenjing@qq.com', '18795556693', '海南省海口市美兰区', 82, 12, 30, '劳动合同', '高中', '市场营销', '武汉大学', '2015-06-09', NULL, '00000022', 3, NULL, NULL, '2015-06-09', '2018-06-08', NULL);
INSERT INTO `employee` VALUES (2658, '鹿存亮3', '男', '1990-01-03', '610122199001031456', '已婚', 1, '陕西', 3, 'zhao@qq.com', '15612347795', '陕西省西安市莲湖区', 92, 12, 34, '劳动合同', '高中', '电子工程', '哈尔滨理工大学', '2018-01-01', NULL, '00000024', 3.5, NULL, NULL, '2018-01-01', '2021-07-14', NULL);
INSERT INTO `employee` VALUES (2659, '姚森3', '男', '1991-02-05', '610122199102058952', '已婚', 1, '河南', 3, 'yaosen@qq.com', '14785559936', '河南洛阳人民大道58号', 92, 15, 34, '劳动合同', '初中', '室内装修设计', '西北大学', '2017-01-02', NULL, '00000025', 7, NULL, NULL, '2017-01-02', '2024-01-17', NULL);
INSERT INTO `employee` VALUES (2660, '云星3', '女', '1993-01-05', '610122199301054789', '已婚', 1, '陕西西安', 1, 'yunxing@qq.com', '15644442252', '陕西西安新城区', 92, 16, 34, '劳务合同', '硕士', '通信工程', '西安电子科技学校', '2018-01-01', NULL, '00000026', 5.25, NULL, NULL, '2018-01-01', '2023-04-13', NULL);
INSERT INTO `employee` VALUES (2661, '贾旭明3', '男', '1993-11-11', '610122199311111234', '已婚', 1, '广东广州', 4, 'jiaxuming@qq.com', '15644441234', '广东省广州市天河区冼村路', 78, 15, 33, '劳务合同', '初中', '通信工程', '西北大学', '2018-01-01', NULL, '00000027', 5.25, NULL, NULL, '2018-01-01', '2023-04-13', NULL);
INSERT INTO `employee` VALUES (2662, '张黎明3', '男', '1991-02-01', '610144199102014569', '已婚', 1, '广东', 6, 'zhangliming@qq.com', '18979994478', '广东珠海', 91, 15, 33, '劳动合同', '高中', '考古', '清华大学', '2018-01-01', NULL, '00000028', 7, NULL, NULL, '2018-01-01', '2025-01-30', NULL);
INSERT INTO `employee` VALUES (2663, '薛磊3', '男', '1992-07-01', '610144199207017895', '已婚', 1, '陕西西安', 13, 'xuelei@qq.com', '15648887741', '西安市雁塔区', 92, 14, 34, '劳动合同', '初中', '无', '华胥中学', '2018-01-01', NULL, '00000029', 6, NULL, NULL, '2018-01-01', '2024-01-17', NULL);
INSERT INTO `employee` VALUES (2664, '陈静4', '女', '1989-02-01', '421288198902011234', '已婚', 1, '海南', 1, 'chenjing@qq.com', '18795556693', '海南省海口市美兰区', 82, 12, 30, '劳动合同', '高中', '市场营销', '武汉大学', '2015-06-09', NULL, '00000032', 3, NULL, NULL, '2015-06-09', '2018-06-08', NULL);
INSERT INTO `employee` VALUES (2665, '赵琳浩4', '男', '1993-03-04', '610122199303041456', '未婚', 1, '陕西', 3, 'zhao@qq.com', '15698887795', '陕西省西安市莲湖区', 91, 12, 33, '劳动合同', '博士', '电子工程', '哈尔滨理工大学', '2018-01-01', NULL, '00000033', 3.5, NULL, NULL, '2018-01-01', '2021-07-14', NULL);
INSERT INTO `employee` VALUES (2666, '鹿存亮4', '男', '1990-01-03', '610122199001031456', '已婚', 1, '陕西', 3, 'zhao@qq.com', '15612347795', '陕西省西安市莲湖区', 92, 12, 34, '劳动合同', '高中', '电子工程', '哈尔滨理工大学', '2018-01-01', NULL, '00000034', 3.5, NULL, NULL, '2018-01-01', '2021-07-14', NULL);
INSERT INTO `employee` VALUES (2667, '姚森4', '男', '1991-02-05', '610122199102058952', '已婚', 1, '河南', 3, 'yaosen@qq.com', '14785559936', '河南洛阳人民大道58号', 92, 15, 34, '劳动合同', '初中', '室内装修设计', '西北大学', '2017-01-02', NULL, '00000035', 7, NULL, NULL, '2017-01-02', '2024-01-17', NULL);
INSERT INTO `employee` VALUES (2668, '云星4', '女', '1993-01-05', '610122199301054789', '已婚', 1, '陕西西安', 1, 'yunxing@qq.com', '15644442252', '陕西西安新城区', 92, 16, 34, '劳务合同', '硕士', '通信工程', '西安电子科技学校', '2018-01-01', NULL, '00000036', 5.25, NULL, NULL, '2018-01-01', '2023-04-13', NULL);
INSERT INTO `employee` VALUES (2669, '贾旭明4', '男', '1993-11-11', '610122199311111234', '已婚', 1, '广东广州', 4, 'jiaxuming@qq.com', '15644441234', '广东省广州市天河区冼村路', 78, 15, 33, '劳务合同', '初中', '通信工程', '西北大学', '2018-01-01', NULL, '00000037', 5.25, NULL, NULL, '2018-01-01', '2023-04-13', NULL);
INSERT INTO `employee` VALUES (2670, '谢工', '女', '1970-01-01', '618177197001011234', '离异', 1, '江苏', 1, '584991843@qq.com', '18558887788', '北京', 91, 12, 29, '劳动合同', '本科', '计算机软件', '南华大学', '2018-01-01', NULL, '00000038', 5, '2019-01-01', NULL, '2018-01-01', '2023-01-01', NULL);
INSERT INTO `employee` VALUES (2671, '林昭亮', '男', '1990-01-01', '610122199809091234', '已婚', 1, '广东', 13, '584991843@qq.com', '16767776654', '广东深圳', 91, 15, 33, '劳动合同', '大专', '计算机软件', '广东职业技术学院', '2018-01-01', NULL, '00000039', 5, '2018-04-01', NULL, '2018-01-01', '2023-01-01', NULL);
INSERT INTO `employee` VALUES (2672, '林伯渠', '男', '2018-01-01', '610122199909099999', '未婚', 1, '1', 1, '584991843@qq.com', '1', '1', 8, 9, 29, '劳动合同', '大专', '1', '1', '2018-01-31', NULL, '00000046', 0, '2018-01-31', NULL, '2018-01-31', '2018-01-31', NULL);
INSERT INTO `employee` VALUES (2673, '陈静', '女', '1989-02-01', '421288198902011234', '已婚', 1, '海南', 1, 'chenjing@qq.com', '18795556693', '海南省海口市美兰区', 8, 12, 30, '劳动合同', '高中', '市场营销', '武汉大学', '2015-06-09', NULL, '00000002', 3, NULL, NULL, '2015-06-09', '2018-06-08', NULL);
INSERT INTO `employee` VALUES (2674, '赵琳浩', '男', '1993-03-04', '610122199303041456', '未婚', 1, '陕西', 3, 'zhao@qq.com', '15698887795', '陕西省西安市莲湖区', 91, 12, 33, '劳动合同', '博士', '电子工程', '哈尔滨理工大学', '2018-01-01', NULL, '00000003', 3.5, NULL, NULL, '2018-01-01', '2021-07-14', NULL);
INSERT INTO `employee` VALUES (2675, '鹿存亮', '男', '1990-01-03', '610122199001031456', '已婚', 1, '陕西', 3, 'zhao@qq.com', '15612347795', '陕西省西安市莲湖区', 92, 12, 34, '劳动合同', '高中', '电子工程', '哈尔滨理工大学', '2018-01-01', NULL, '00000004', 3.5, NULL, NULL, '2018-01-01', '2021-07-14', NULL);
INSERT INTO `employee` VALUES (2676, '姚森', '男', '1991-02-05', '610122199102058952', '已婚', 1, '河南', 3, 'yaosen@qq.com', '14785559936', '河南洛阳人民大道58号', 92, 15, 34, '劳动合同', '硕士', '室内装修设计', '西北大学', '2017-01-02', NULL, '00000005', 7, NULL, NULL, '2017-01-02', '2024-01-17', NULL);
INSERT INTO `employee` VALUES (2677, '云星', '女', '1993-01-05', '610122199301054789', '已婚', 1, '陕西西安', 1, 'yunxing@qq.com', '15644442252', '陕西西安新城区', 92, 16, 34, '劳务合同', '硕士', '通信工程', '西安电子科技学校', '2018-01-01', NULL, '00000006', 5.25, NULL, NULL, '2018-01-01', '2023-04-13', NULL);
INSERT INTO `employee` VALUES (2678, '贾旭明', '男', '1993-11-11', '610122199311111234', '已婚', 1, '广东广州', 4, 'jiaxuming@qq.com', '15644441234', '广东省广州市天河区冼村路', 78, 15, 33, '劳务合同', '初中', '通信工程', '西北大学', '2018-01-01', NULL, '00000007', 5.25, NULL, NULL, '2018-01-01', '2023-04-13', NULL);
INSERT INTO `employee` VALUES (2679, '张黎明', '男', '1991-02-01', '610144199102014569', '已婚', 1, '广东', 6, 'zhangliming@qq.com', '18979994478', '广东珠海', 91, 15, 33, '劳动合同', '高中', '考古', '清华大学', '2018-01-01', NULL, '00000008', 7, NULL, NULL, '2018-01-01', '2025-01-30', NULL);
INSERT INTO `employee` VALUES (2680, '薛磊', '男', '1992-07-01', '610144199207017895', '已婚', 1, '陕西西安', 13, 'xuelei@qq.com', '15648887741', '西安市雁塔区', 92, 14, 34, '劳动合同', '初中', '无', '华胥中学', '2018-01-01', NULL, '00000009', 6, NULL, NULL, '2018-01-01', '2024-01-17', NULL);
INSERT INTO `employee` VALUES (2681, '张洁', '女', '1990-10-09', '420177199010093652', '未婚', 1, '海南', 5, 'zhangjie@qq.com', '13695557742', '海口市美兰区', 92, 16, 34, '劳动合同', '高中', '无', '海南侨中', '2018-01-01', NULL, '00000010', 1, NULL, NULL, '2018-01-01', '2019-01-01', NULL);
INSERT INTO `employee` VALUES (2682, '陈静2', '女', '1989-02-01', '421288198902011234', '已婚', 1, '海南', 1, 'chenjing@qq.com', '18795556693', '海南省海口市美兰区', 82, 12, 30, '劳动合同', '高中', '市场营销', '武汉大学', '2015-06-09', NULL, '00000012', 3, NULL, NULL, '2015-06-09', '2018-06-08', NULL);
INSERT INTO `employee` VALUES (2683, '赵琳浩2', '男', '1993-03-04', '610122199303041456', '未婚', 1, '陕西', 3, 'zhao@qq.com', '15698887795', '陕西省西安市莲湖区', 91, 12, 33, '劳动合同', '博士', '电子工程', '哈尔滨理工大学', '2018-01-01', NULL, '00000013', 3.5, NULL, NULL, '2018-01-01', '2021-07-14', NULL);
INSERT INTO `employee` VALUES (2684, '鹿存亮2', '男', '1990-01-03', '610122199001031456', '已婚', 1, '陕西', 3, 'zhao@qq.com', '15612347795', '陕西省西安市莲湖区', 92, 12, 34, '劳动合同', '高中', '电子工程', '哈尔滨理工大学', '2018-01-01', NULL, '00000014', 3.5, NULL, NULL, '2018-01-01', '2021-07-14', NULL);
INSERT INTO `employee` VALUES (2685, '姚森2', '男', '1991-02-05', '610122199102058952', '已婚', 1, '河南', 3, 'yaosen@qq.com', '14785559936', '河南洛阳人民大道58号', 92, 15, 34, '劳动合同', '初中', '室内装修设计', '西北大学', '2017-01-02', NULL, '00000015', 7, NULL, NULL, '2017-01-02', '2024-01-17', NULL);
INSERT INTO `employee` VALUES (2686, '云星2', '女', '1993-01-05', '610122199301054789', '已婚', 1, '陕西西安', 1, 'yunxing@qq.com', '15644442252', '陕西西安新城区', 92, 16, 34, '劳务合同', '硕士', '通信工程', '西安电子科技学校', '2018-01-01', NULL, '00000016', 5.25, NULL, NULL, '2018-01-01', '2023-04-13', NULL);
INSERT INTO `employee` VALUES (2687, '贾旭明2', '男', '1993-11-11', '610122199311111234', '已婚', 1, '广东广州', 4, 'jiaxuming@qq.com', '15644441234', '广东省广州市天河区冼村路', 78, 15, 33, '劳务合同', '初中', '通信工程', '西北大学', '2018-01-01', NULL, '00000017', 5.25, NULL, NULL, '2018-01-01', '2023-04-13', NULL);
INSERT INTO `employee` VALUES (2688, '王一亭', '男', '1991-02-01', '610144199102014569', '已婚', 1, '广东', 6, 'zhangliming@qq.com', '18979994478', '广东珠海', 91, 15, 33, '劳动合同', '高中', '考古', '清华大学', '2018-01-01', NULL, '00000018', 7, NULL, NULL, '2018-01-01', '2025-01-30', NULL);
INSERT INTO `employee` VALUES (2689, '薛磊2', '男', '1992-07-01', '610144199207017895', '已婚', 1, '陕西西安', 13, 'xuelei@qq.com', '15648887741', '西安市雁塔区', 92, 14, 34, '劳动合同', '初中', '无', '华胥中学', '2018-01-01', NULL, '00000019', 1, NULL, NULL, '2018-01-01', '2019-01-01', NULL);
INSERT INTO `employee` VALUES (2690, '张洁2', '女', '1990-10-09', '420177199010093652', '未婚', 1, '海南', 5, 'zhangjie@qq.com', '13695557742', '海口市美兰区', 92, 16, 34, '劳动合同', '高中', '无', '海南侨中', '2018-01-01', NULL, '00000020', 1, NULL, NULL, '2018-01-01', '2019-01-01', NULL);
INSERT INTO `employee` VALUES (2691, '陈静3', '女', '1989-02-01', '421288198902011234', '已婚', 1, '海南', 1, 'chenjing@qq.com', '18795556693', '海南省海口市美兰区', 82, 12, 30, '劳动合同', '高中', '市场营销', '武汉大学', '2015-06-09', NULL, '00000022', 3, NULL, NULL, '2015-06-09', '2018-06-08', NULL);
INSERT INTO `employee` VALUES (2692, '鹿存亮3', '男', '1990-01-03', '610122199001031456', '已婚', 1, '陕西', 3, 'zhao@qq.com', '15612347795', '陕西省西安市莲湖区', 92, 12, 34, '劳动合同', '高中', '电子工程', '哈尔滨理工大学', '2018-01-01', NULL, '00000024', 3.5, NULL, NULL, '2018-01-01', '2021-07-14', NULL);
INSERT INTO `employee` VALUES (2693, '姚森3', '男', '1991-02-05', '610122199102058952', '已婚', 1, '河南', 3, 'yaosen@qq.com', '14785559936', '河南洛阳人民大道58号', 92, 15, 34, '劳动合同', '初中', '室内装修设计', '西北大学', '2017-01-02', NULL, '00000025', 7, NULL, NULL, '2017-01-02', '2024-01-17', NULL);
INSERT INTO `employee` VALUES (2694, '云星3', '女', '1993-01-05', '610122199301054789', '已婚', 1, '陕西西安', 1, 'yunxing@qq.com', '15644442252', '陕西西安新城区', 92, 16, 34, '劳务合同', '硕士', '通信工程', '西安电子科技学校', '2018-01-01', NULL, '00000026', 5.25, NULL, NULL, '2018-01-01', '2023-04-13', NULL);
INSERT INTO `employee` VALUES (2695, '贾旭明3', '男', '1993-11-11', '610122199311111234', '已婚', 1, '广东广州', 4, 'jiaxuming@qq.com', '15644441234', '广东省广州市天河区冼村路', 78, 15, 33, '劳务合同', '初中', '通信工程', '西北大学', '2018-01-01', NULL, '00000027', 5.25, NULL, NULL, '2018-01-01', '2023-04-13', NULL);
INSERT INTO `employee` VALUES (2696, '张黎明3', '男', '1991-02-01', '610144199102014569', '已婚', 1, '广东', 6, 'zhangliming@qq.com', '18979994478', '广东珠海', 91, 15, 33, '劳动合同', '高中', '考古', '清华大学', '2018-01-01', NULL, '00000028', 7, NULL, NULL, '2018-01-01', '2025-01-30', NULL);
INSERT INTO `employee` VALUES (2697, '薛磊3', '男', '1992-07-01', '610144199207017895', '已婚', 1, '陕西西安', 13, 'xuelei@qq.com', '15648887741', '西安市雁塔区', 92, 14, 34, '劳动合同', '初中', '无', '华胥中学', '2018-01-01', NULL, '00000029', 6, NULL, NULL, '2018-01-01', '2024-01-17', NULL);
INSERT INTO `employee` VALUES (2698, '陈静4', '女', '1989-02-01', '421288198902011234', '已婚', 1, '海南', 1, 'chenjing@qq.com', '18795556693', '海南省海口市美兰区', 82, 12, 30, '劳动合同', '高中', '市场营销', '武汉大学', '2015-06-09', NULL, '00000032', 3, NULL, NULL, '2015-06-09', '2018-06-08', NULL);
INSERT INTO `employee` VALUES (2699, '赵琳浩4', '男', '1993-03-04', '610122199303041456', '未婚', 1, '陕西', 3, 'zhao@qq.com', '15698887795', '陕西省西安市莲湖区', 91, 12, 33, '劳动合同', '博士', '电子工程', '哈尔滨理工大学', '2018-01-01', NULL, '00000033', 3.5, NULL, NULL, '2018-01-01', '2021-07-14', NULL);
INSERT INTO `employee` VALUES (2700, '鹿存亮4', '男', '1990-01-03', '610122199001031456', '已婚', 1, '陕西', 3, 'zhao@qq.com', '15612347795', '陕西省西安市莲湖区', 92, 12, 34, '劳动合同', '高中', '电子工程', '哈尔滨理工大学', '2018-01-01', NULL, '00000034', 3.5, NULL, NULL, '2018-01-01', '2021-07-14', NULL);
INSERT INTO `employee` VALUES (2701, '姚森4', '男', '1991-02-05', '610122199102058952', '已婚', 1, '河南', 3, 'yaosen@qq.com', '14785559936', '河南洛阳人民大道58号', 92, 15, 34, '劳动合同', '初中', '室内装修设计', '西北大学', '2017-01-02', NULL, '00000035', 7, NULL, NULL, '2017-01-02', '2024-01-17', NULL);
INSERT INTO `employee` VALUES (2702, '云星4', '女', '1993-01-05', '610122199301054789', '已婚', 1, '陕西西安', 1, 'yunxing@qq.com', '15644442252', '陕西西安新城区', 92, 16, 34, '劳务合同', '硕士', '通信工程', '西安电子科技学校', '2018-01-01', NULL, '00000036', 5.25, NULL, NULL, '2018-01-01', '2023-04-13', NULL);
INSERT INTO `employee` VALUES (2703, '贾旭明4', '男', '1993-11-11', '610122199311111234', '已婚', 1, '广东广州', 4, 'jiaxuming@qq.com', '15644441234', '广东省广州市天河区冼村路', 78, 15, 33, '劳务合同', '初中', '通信工程', '西北大学', '2018-01-01', NULL, '00000037', 5.25, NULL, NULL, '2018-01-01', '2023-04-13', NULL);
INSERT INTO `employee` VALUES (2704, '张黎明2', '男', '1991-02-01', '610144199102014569', '已婚', 1, '广东', 6, 'zhangliming@qq.com', '18979994478', '广东珠海', 91, 15, 33, '劳动合同', '高中', '考古', '清华大学', '2018-01-01', NULL, '00000038', 7, NULL, NULL, '2018-01-01', '2025-01-30', NULL);
INSERT INTO `employee` VALUES (2705, '薛磊4', '男', '1992-07-01', '610144199207017895', '已婚', 1, '陕西西安', 13, 'xuelei@qq.com', '15648887741', '西安市雁塔区', 92, 14, 34, '劳动合同', '初中', '无', '华胥中学', '2018-01-01', NULL, '00000039', 6, NULL, NULL, '2018-01-01', '2024-01-17', NULL);
INSERT INTO `employee` VALUES (2707, '陈静5', '女', '1989-02-01', '421288198902011234', '已婚', 1, '海南', 1, 'chenjing@qq.com', '18795556693', '海南省海口市美兰区', 82, 12, 30, '劳动合同', '高中', '市场营销', '武汉大学', '2015-06-09', NULL, '00000042', 3, NULL, NULL, '2015-06-09', '2018-06-08', NULL);
INSERT INTO `employee` VALUES (2708, '赵琳浩5', '男', '1993-03-04', '610122199303041456', '未婚', 1, '陕西', 3, 'zhao@qq.com', '15698887795', '陕西省西安市莲湖区', 91, 12, 33, '劳动合同', '博士', '电子工程', '哈尔滨理工大学', '2018-01-01', NULL, '00000043', 3.5, NULL, NULL, '2018-01-01', '2021-07-14', NULL);
INSERT INTO `employee` VALUES (2709, '鹿存亮5', '男', '1990-01-03', '610122199001031456', '已婚', 1, '陕西', 3, 'zhao@qq.com', '15612347795', '陕西省西安市莲湖区', 92, 12, 34, '劳动合同', '高中', '电子工程', '哈尔滨理工大学', '2018-01-01', NULL, '00000044', 3.5, NULL, NULL, '2018-01-01', '2021-07-14', NULL);
INSERT INTO `employee` VALUES (2710, '姚森5', '男', '1991-02-05', '610122199102058952', '已婚', 1, '河南', 3, 'yaosen@qq.com', '14785559936', '河南洛阳人民大道58号', 92, 15, 34, '劳动合同', '初中', '室内装修设计', '西北大学', '2017-01-02', NULL, '00000045', 7, NULL, NULL, '2017-01-02', '2024-01-17', NULL);
INSERT INTO `employee` VALUES (2711, '云星5', '女', '1993-01-05', '610122199301054789', '已婚', 1, '陕西西安', 1, 'yunxing@qq.com', '15644442252', '陕西西安新城区', 92, 16, 34, '劳务合同', '硕士', '通信工程', '西安电子科技学校', '2018-01-01', NULL, '00000046', 5.25, NULL, NULL, '2018-01-01', '2023-04-13', NULL);
INSERT INTO `employee` VALUES (2712, '贾旭明5', '男', '1993-11-11', '610122199311111234', '已婚', 1, '广东广州', 4, 'jiaxuming@qq.com', '15644441234', '广东省广州市天河区冼村路', 78, 15, 33, '劳务合同', '初中', '通信工程', '西北大学', '2018-01-01', NULL, '00000047', 5.25, NULL, NULL, '2018-01-01', '2023-04-13', NULL);
INSERT INTO `employee` VALUES (2713, '张黎明5', '男', '1991-02-01', '610144199102014569', '已婚', 1, '广东', 6, 'zhangliming@qq.com', '18979994478', '广东珠海', 91, 15, 33, '劳动合同', '高中', '考古', '清华大学', '2018-01-01', NULL, '00000048', 7, NULL, NULL, '2018-01-01', '2025-01-30', NULL);
INSERT INTO `employee` VALUES (2714, '薛磊5', '男', '1992-07-01', '610144199207017895', '已婚', 1, '陕西西安', 13, 'xuelei@qq.com', '15648887741', '西安市雁塔区', 92, 14, 34, '劳动合同', '初中', '无', '华胥中学', '2018-01-01', NULL, '00000049', 6, NULL, NULL, '2018-01-01', '2024-01-17', NULL);
INSERT INTO `employee` VALUES (2716, '陈静6', '女', '1989-02-01', '421288198902011234', '已婚', 1, '海南', 1, 'chenjing@qq.com', '18795556693', '海南省海口市美兰区', 82, 12, 30, '劳动合同', '高中', '市场营销', '武汉大学', '2015-06-09', NULL, '00000052', 3, NULL, NULL, '2015-06-09', '2018-06-08', NULL);
INSERT INTO `employee` VALUES (2717, '赵琳浩6', '男', '1993-03-04', '610122199303041456', '未婚', 1, '陕西', 3, 'zhao@qq.com', '15698887795', '陕西省西安市莲湖区', 91, 12, 33, '劳动合同', '博士', '电子工程', '哈尔滨理工大学', '2018-01-01', NULL, '00000053', 3.5, NULL, NULL, '2018-01-01', '2021-07-14', NULL);
INSERT INTO `employee` VALUES (2718, '鹿存亮6', '男', '1990-01-03', '610122199001031456', '已婚', 1, '陕西', 3, 'zhao@qq.com', '15612347795', '陕西省西安市莲湖区', 92, 12, 34, '劳动合同', '高中', '电子工程', '哈尔滨理工大学', '2018-01-01', NULL, '00000054', 3.5, NULL, NULL, '2018-01-01', '2021-07-14', NULL);
INSERT INTO `employee` VALUES (2719, '姚森6', '男', '1991-02-05', '610122199102058952', '已婚', 1, '河南', 3, 'yaosen@qq.com', '14785559936', '河南洛阳人民大道58号', 92, 15, 34, '劳动合同', '初中', '室内装修设计', '西北大学', '2017-01-02', NULL, '00000055', 7, NULL, NULL, '2017-01-02', '2024-01-17', NULL);
INSERT INTO `employee` VALUES (2720, '云星6', '女', '1993-01-05', '610122199301054789', '已婚', 1, '陕西西安', 1, 'yunxing@qq.com', '15644442252', '陕西西安新城区', 92, 16, 34, '劳务合同', '硕士', '通信工程', '西安电子科技学校', '2018-01-01', NULL, '00000056', 5.25, NULL, NULL, '2018-01-01', '2023-04-13', NULL);
INSERT INTO `employee` VALUES (2721, '陈静', '女', '1989-02-01', '421288198902011234', '已婚', 1, '海南', 1, 'chenjing@qq.com', '18795556693', '海南省海口市美兰区', 82, 12, 30, '劳动合同', '高中', '市场营销', '武汉大学', '2015-06-09', NULL, '00000002', 3, NULL, NULL, '2015-06-09', '2018-06-08', NULL);
INSERT INTO `employee` VALUES (2722, '赵琳浩', '男', '1993-03-04', '610122199303041456', '未婚', 1, '陕西', 3, 'zhao@qq.com', '15698887795', '陕西省西安市莲湖区', 91, 12, 33, '劳动合同', '博士', '电子工程', '哈尔滨理工大学', '2018-01-01', NULL, '00000003', 3.5, NULL, NULL, '2018-01-01', '2021-07-14', NULL);
INSERT INTO `employee` VALUES (2723, '鹿存亮', '男', '1990-01-03', '610122199001031456', '已婚', 1, '陕西', 3, 'zhao@qq.com', '15612347795', '陕西省西安市莲湖区', 92, 12, 34, '劳动合同', '高中', '电子工程', '哈尔滨理工大学', '2018-01-01', NULL, '00000004', 3.5, NULL, NULL, '2018-01-01', '2021-07-14', NULL);
INSERT INTO `employee` VALUES (2724, '姚森', '男', '1991-02-05', '610122199102058952', '已婚', 1, '河南', 3, 'yaosen@qq.com', '14785559936', '河南洛阳人民大道58号', 92, 15, 34, '劳动合同', '初中', '室内装修设计', '西北大学', '2017-01-02', NULL, '00000005', 7, NULL, NULL, '2017-01-02', '2024-01-17', NULL);
INSERT INTO `employee` VALUES (2725, '贾旭明', '男', '1993-11-11', '610122199311111234', '已婚', 1, '广东广州', 4, 'jiaxuming@qq.com', '15644441234', '广东省广州市天河区冼村路', 78, 15, 33, '劳务合同', '初中', '通信工程', '西北大学', '2018-01-01', NULL, '00000007', 5.25, NULL, NULL, '2018-01-01', '2023-04-13', NULL);
INSERT INTO `employee` VALUES (2726, '张黎明', '男', '1991-02-01', '610144199102014569', '已婚', 1, '广东', 6, 'zhangliming@qq.com', '18979994478', '广东珠海', 91, 15, 33, '劳动合同', '高中', '考古', '清华大学', '2018-01-01', NULL, '00000008', 7, NULL, NULL, '2018-01-01', '2025-01-30', NULL);
INSERT INTO `employee` VALUES (2727, '薛磊', '男', '1992-07-01', '610144199207017895', '已婚', 1, '陕西西安', 13, 'xuelei@qq.com', '15648887741', '西安市雁塔区', 92, 14, 34, '劳动合同', '初中', '无', '华胥中学', '2018-01-01', NULL, '00000009', 6, NULL, NULL, '2018-01-01', '2024-01-17', NULL);
INSERT INTO `employee` VALUES (2729, '陈静2', '女', '1989-02-01', '421288198902011234', '已婚', 1, '海南', 1, 'chenjing@qq.com', '18795556693', '海南省海口市美兰区', 82, 12, 30, '劳动合同', '高中', '市场营销', '武汉大学', '2015-06-09', NULL, '00000012', 3, NULL, NULL, '2015-06-09', '2018-06-08', NULL);
INSERT INTO `employee` VALUES (2730, '赵琳浩2', '男', '1993-03-04', '610122199303041456', '未婚', 1, '陕西', 3, 'zhao@qq.com', '15698887795', '陕西省西安市莲湖区', 91, 12, 33, '劳动合同', '博士', '电子工程', '哈尔滨理工大学', '2018-01-01', NULL, '00000013', 3.5, NULL, NULL, '2018-01-01', '2021-07-14', NULL);
INSERT INTO `employee` VALUES (2731, '鹿存亮2', '男', '1990-01-03', '610122199001031456', '已婚', 1, '陕西', 3, 'zhao@qq.com', '15612347795', '陕西省西安市莲湖区', 92, 12, 34, '劳动合同', '高中', '电子工程', '哈尔滨理工大学', '2018-01-01', NULL, '00000014', 3.5, NULL, NULL, '2018-01-01', '2021-07-14', NULL);
INSERT INTO `employee` VALUES (2732, '姚森2', '男', '1991-02-05', '610122199102058952', '已婚', 1, '河南', 3, 'yaosen@qq.com', '14785559936', '河南洛阳人民大道58号', 92, 15, 34, '劳动合同', '初中', '室内装修设计', '西北大学', '2017-01-02', NULL, '00000015', 7, NULL, NULL, '2017-01-02', '2024-01-17', NULL);
INSERT INTO `employee` VALUES (2733, '云星2', '女', '1993-01-05', '610122199301054789', '已婚', 1, '陕西西安', 1, 'yunxing@qq.com', '15644442252', '陕西西安新城区', 92, 16, 34, '劳务合同', '硕士', '通信工程', '西安电子科技学校', '2018-01-01', NULL, '00000016', 5.25, NULL, NULL, '2018-01-01', '2023-04-13', NULL);
INSERT INTO `employee` VALUES (2734, '贾旭明2', '男', '1993-11-11', '610122199311111234', '已婚', 1, '广东广州', 4, 'jiaxuming@qq.com', '15644441234', '广东省广州市天河区冼村路', 78, 15, 33, '劳务合同', '初中', '通信工程', '西北大学', '2018-01-01', NULL, '00000017', 5.25, NULL, NULL, '2018-01-01', '2023-04-13', NULL);
INSERT INTO `employee` VALUES (2735, '王一亭', '男', '1991-02-01', '610144199102014569', '已婚', 1, '广东', 6, 'zhangliming@qq.com', '18979994478', '广东珠海', 91, 15, 33, '劳动合同', '高中', '考古', '清华大学', '2018-01-01', NULL, '00000018', 7, NULL, NULL, '2018-01-01', '2025-01-30', NULL);
INSERT INTO `employee` VALUES (2736, '薛磊2', '男', '1992-07-01', '610144199207017895', '已婚', 1, '陕西西安', 13, 'xuelei@qq.com', '15648887741', '西安市雁塔区', 92, 14, 34, '劳动合同', '初中', '无', '华胥中学', '2018-01-01', NULL, '00000019', 1, NULL, NULL, '2018-01-01', '2019-01-01', NULL);
INSERT INTO `employee` VALUES (2738, '陈静3', '女', '1989-02-01', '421288198902011234', '已婚', 1, '海南', 1, 'chenjing@qq.com', '18795556693', '海南省海口市美兰区', 82, 12, 30, '劳动合同', '高中', '市场营销', '武汉大学', '2015-06-09', NULL, '00000022', 3, NULL, NULL, '2015-06-09', '2018-06-08', NULL);
INSERT INTO `employee` VALUES (2739, '鹿存亮3', '男', '1990-01-03', '610122199001031456', '已婚', 1, '陕西', 3, 'zhao@qq.com', '15612347795', '陕西省西安市莲湖区', 92, 12, 34, '劳动合同', '高中', '电子工程', '哈尔滨理工大学', '2018-01-01', NULL, '00000024', 3.5, NULL, NULL, '2018-01-01', '2021-07-14', NULL);
INSERT INTO `employee` VALUES (2740, '姚森3', '男', '1991-02-05', '610122199102058952', '已婚', 1, '河南', 3, 'yaosen@qq.com', '14785559936', '河南洛阳人民大道58号', 92, 15, 34, '劳动合同', '初中', '室内装修设计', '西北大学', '2017-01-02', NULL, '00000025', 7, NULL, NULL, '2017-01-02', '2024-01-17', NULL);
INSERT INTO `employee` VALUES (2741, '云星3', '女', '1993-01-05', '610122199301054789', '已婚', 1, '陕西西安', 1, 'yunxing@qq.com', '15644442252', '陕西西安新城区', 92, 16, 34, '劳务合同', '硕士', '通信工程', '西安电子科技学校', '2018-01-01', NULL, '00000026', 5.25, NULL, NULL, '2018-01-01', '2023-04-13', NULL);
INSERT INTO `employee` VALUES (2742, '贾旭明3', '男', '1993-11-11', '610122199311111234', '已婚', 1, '广东广州', 4, 'jiaxuming@qq.com', '15644441234', '广东省广州市天河区冼村路', 78, 15, 33, '劳务合同', '初中', '通信工程', '西北大学', '2018-01-01', NULL, '00000027', 5.25, NULL, NULL, '2018-01-01', '2023-04-13', NULL);
INSERT INTO `employee` VALUES (2743, '张黎明3', '男', '1991-02-01', '610144199102014569', '已婚', 1, '广东', 6, 'zhangliming@qq.com', '18979994478', '广东珠海', 91, 15, 33, '劳动合同', '高中', '考古', '清华大学', '2018-01-01', NULL, '00000028', 7, NULL, NULL, '2018-01-01', '2025-01-30', NULL);
INSERT INTO `employee` VALUES (2744, '薛磊3', '男', '1992-07-01', '610144199207017895', '已婚', 1, '陕西西安', 13, 'xuelei@qq.com', '15648887741', '西安市雁塔区', 92, 14, 34, '劳动合同', '初中', '无', '华胥中学', '2018-01-01', NULL, '00000029', 6, NULL, NULL, '2018-01-01', '2024-01-17', NULL);
INSERT INTO `employee` VALUES (2745, '陈静4', '女', '1989-02-01', '421288198902011234', '已婚', 1, '海南', 1, 'chenjing@qq.com', '18795556693', '海南省海口市美兰区', 82, 12, 30, '劳动合同', '高中', '市场营销', '武汉大学', '2015-06-09', NULL, '00000032', 3, NULL, NULL, '2015-06-09', '2018-06-08', NULL);
INSERT INTO `employee` VALUES (2746, '赵琳浩4', '男', '1993-03-04', '610122199303041456', '未婚', 1, '陕西', 3, 'zhao@qq.com', '15698887795', '陕西省西安市莲湖区', 91, 12, 33, '劳动合同', '博士', '电子工程', '哈尔滨理工大学', '2018-01-01', NULL, '00000033', 3.5, NULL, NULL, '2018-01-01', '2021-07-14', NULL);
INSERT INTO `employee` VALUES (2747, '鹿存亮4', '男', '1990-01-03', '610122199001031456', '已婚', 1, '陕西', 3, 'zhao@qq.com', '15612347795', '陕西省西安市莲湖区', 92, 12, 34, '劳动合同', '高中', '电子工程', '哈尔滨理工大学', '2018-01-01', NULL, '00000034', 3.5, NULL, NULL, '2018-01-01', '2021-07-14', NULL);
INSERT INTO `employee` VALUES (2748, '姚森4', '男', '1991-02-05', '610122199102058952', '已婚', 1, '河南', 3, 'yaosen@qq.com', '14785559936', '河南洛阳人民大道58号', 92, 15, 34, '劳动合同', '初中', '室内装修设计', '西北大学', '2017-01-02', NULL, '00000035', 7, NULL, NULL, '2017-01-02', '2024-01-17', NULL);
INSERT INTO `employee` VALUES (2749, '云星4', '女', '1993-01-05', '610122199301054789', '已婚', 1, '陕西西安', 1, 'yunxing@qq.com', '15644442252', '陕西西安新城区', 92, 16, 34, '劳务合同', '硕士', '通信工程', '西安电子科技学校', '2018-01-01', NULL, '00000036', 5.25, NULL, NULL, '2018-01-01', '2023-04-13', NULL);
INSERT INTO `employee` VALUES (2750, '贾旭明4', '男', '1993-11-11', '610122199311111234', '已婚', 1, '广东广州', 4, 'jiaxuming@qq.com', '15644441234', '广东省广州市天河区冼村路', 78, 15, 33, '劳务合同', '初中', '通信工程', '西北大学', '2018-01-01', NULL, '00000037', 5.25, NULL, NULL, '2018-01-01', '2023-04-13', NULL);
INSERT INTO `employee` VALUES (2751, '谢工', '女', '1970-01-01', '618177197001011234', '离异', 1, '江苏', 1, '584991843@qq.com', '18558887788', '北京', 91, 12, 29, '劳动合同', '本科', '计算机软件', '南华大学', '2018-01-01', NULL, '00000038', 5, NULL, NULL, '2018-01-01', '2023-01-01', NULL);
INSERT INTO `employee` VALUES (2752, '林昭亮', '男', '1990-01-01', '610122199809091234', '已婚', 1, '广东', 13, '584991843@qq.com', '16767776654', '广东深圳', 91, 15, 33, '劳动合同', '大专', '计算机软件', '广东职业技术学院', '2018-01-01', NULL, '00000039', 5, NULL, NULL, '2018-01-01', '2023-01-01', NULL);
INSERT INTO `employee` VALUES (2753, '林伯渠', '男', '2018-01-01', '610122199909099999', '未婚', 1, '1', 1, '584991843@qq.com', '1', '1', 8, 9, 29, '劳动合同', '大专', '1', '1', '2018-01-31', NULL, '00000046', 0, NULL, NULL, '2018-01-31', '2018-01-31', NULL);
INSERT INTO `employee` VALUES (2754, '陈静', '女', '1989-02-01', '421288198902011234', '已婚', 1, '海南', 1, 'chenjing@qq.com', '18795556693', '海南省海口市美兰区', 91, 12, 29, '劳动合同', '高中', '市场营销', '武汉大学', '2015-06-09', NULL, '00000002', 3, '2015-09-10', NULL, '2015-06-09', '2018-06-08', NULL);
INSERT INTO `employee` VALUES (2755, '赵琳浩', '男', '1993-03-04', '610122199303041456', '未婚', 1, '陕西', 3, 'zhao@qq.com', '15698887795', '陕西省西安市莲湖区', 91, 12, 33, '劳动合同', '博士', '电子工程', '哈尔滨理工大学', '2018-01-01', NULL, '00000003', 3.5, '2018-04-01', NULL, '2018-01-01', '2021-07-14', NULL);
INSERT INTO `employee` VALUES (2756, '鹿存亮', '男', '1990-01-03', '610122199001031456', '已婚', 1, '陕西', 3, 'zhao@qq.com', '15612347795', '陕西省西安市莲湖区', 92, 12, 34, '劳动合同', '高中', '电子工程', '哈尔滨理工大学', '2018-01-01', NULL, '00000004', 3.5, '2018-04-01', NULL, '2018-01-01', '2021-07-14', NULL);
INSERT INTO `employee` VALUES (2757, '姚森', '男', '1991-02-05', '610122199102058952', '已婚', 1, '河南', 3, 'yaosen@qq.com', '14785559936', '河南洛阳人民大道58号', 92, 15, 34, '劳动合同', '硕士', '室内装修设计', '西北大学', '2017-01-02', NULL, '00000005', 7, '2017-04-02', NULL, '2017-01-02', '2024-01-17', NULL);
INSERT INTO `employee` VALUES (2758, '云星', '女', '1993-01-05', '610122199301054789', '已婚', 1, '陕西西安', 1, 'yunxing@qq.com', '15644442252', '陕西西安新城区', 92, 16, 34, '劳务合同', '硕士', '通信工程', '西安电子科技学校', '2018-01-01', NULL, '00000006', 5.25, '2018-04-01', NULL, '2018-01-01', '2023-04-13', NULL);
INSERT INTO `employee` VALUES (2759, '贾旭明', '男', '1993-11-11', '610122199311111234', '已婚', 1, '广东广州', 4, 'jiaxuming@qq.com', '15644441234', '广东省广州市天河区冼村路', 78, 15, 33, '劳务合同', '初中', '通信工程', '西北大学', '2018-01-01', NULL, '00000007', 5.25, '2018-04-01', NULL, '2018-01-01', '2023-04-13', NULL);
INSERT INTO `employee` VALUES (2760, '张黎明', '男', '1991-02-01', '610144199102014569', '已婚', 1, '广东', 6, 'zhangliming@qq.com', '18979994478', '广东珠海', 91, 15, 33, '劳动合同', '高中', '考古', '清华大学', '2018-01-01', NULL, '00000008', 7, '2018-04-01', NULL, '2018-01-01', '2025-01-30', NULL);
INSERT INTO `employee` VALUES (2761, '薛磊', '男', '1992-07-01', '610144199207017895', '已婚', 1, '陕西西安', 13, 'xuelei@qq.com', '15648887741', '西安市雁塔区', 92, 14, 34, '劳动合同', '初中', '无', '华胥中学', '2018-01-01', NULL, '00000009', 6, '2018-04-01', NULL, '2018-01-01', '2024-01-17', NULL);
INSERT INTO `employee` VALUES (2763, '陈静2', '女', '1989-02-01', '421288198902011234', '已婚', 1, '海南', 1, 'chenjing@qq.com', '18795556693', '海南省海口市美兰区', 82, 12, 30, '劳动合同', '高中', '市场营销', '武汉大学', '2015-06-09', NULL, '00000012', 3, '2015-09-10', NULL, '2015-06-09', '2018-06-08', NULL);
INSERT INTO `employee` VALUES (2764, '赵琳浩2', '男', '1993-03-04', '610122199303041456', '未婚', 1, '陕西', 3, 'zhao@qq.com', '15698887795', '陕西省西安市莲湖区', 91, 12, 33, '劳动合同', '博士', '电子工程', '哈尔滨理工大学', '2018-01-01', NULL, '00000013', 3.5, '2018-04-01', NULL, '2018-01-01', '2021-07-14', NULL);
INSERT INTO `employee` VALUES (2765, '鹿存亮2', '男', '1990-01-03', '610122199001031456', '已婚', 1, '陕西', 3, 'zhao@qq.com', '15612347795', '陕西省西安市莲湖区', 92, 12, 34, '劳动合同', '高中', '电子工程', '哈尔滨理工大学', '2018-01-01', NULL, '00000014', 3.5, '2018-04-01', NULL, '2018-01-01', '2021-07-14', NULL);
INSERT INTO `employee` VALUES (2766, '姚森2', '男', '1991-02-05', '610122199102058952', '已婚', 1, '河南', 3, 'yaosen@qq.com', '14785559936', '河南洛阳人民大道58号', 92, 15, 34, '劳动合同', '初中', '室内装修设计', '西北大学', '2017-01-02', NULL, '00000015', 7, '2017-04-02', NULL, '2017-01-02', '2024-01-17', NULL);
INSERT INTO `employee` VALUES (2767, '云星2', '女', '1993-01-05', '610122199301054789', '已婚', 1, '陕西西安', 1, 'yunxing@qq.com', '15644442252', '陕西西安新城区', 92, 16, 34, '劳务合同', '硕士', '通信工程', '西安电子科技学校', '2018-01-01', NULL, '00000016', 5.25, '2018-04-01', NULL, '2018-01-01', '2023-04-13', NULL);
INSERT INTO `employee` VALUES (2768, '贾旭明2', '男', '1993-11-11', '610122199311111234', '已婚', 1, '广东广州', 4, 'jiaxuming@qq.com', '15644441234', '广东省广州市天河区冼村路', 78, 15, 33, '劳务合同', '初中', '通信工程', '西北大学', '2018-01-01', NULL, '00000017', 5.25, '2018-04-01', NULL, '2018-01-01', '2023-04-13', NULL);
INSERT INTO `employee` VALUES (2769, '王一亭', '男', '1991-02-01', '610144199102014569', '已婚', 1, '广东', 6, 'zhangliming@qq.com', '18979994478', '广东珠海', 91, 15, 33, '劳动合同', '高中', '考古', '清华大学', '2018-01-01', NULL, '00000018', 7, '2018-04-01', NULL, '2018-01-01', '2025-01-30', NULL);
INSERT INTO `employee` VALUES (2770, '薛磊2', '男', '1992-07-01', '610144199207017895', '已婚', 1, '陕西西安', 13, 'xuelei@qq.com', '15648887741', '西安市雁塔区', 92, 14, 34, '劳动合同', '初中', '无', '华胥中学', '2018-01-01', NULL, '00000019', 1, '2018-04-01', NULL, '2018-01-01', '2019-01-01', NULL);
INSERT INTO `employee` VALUES (2772, '陈静3', '女', '1989-02-01', '421288198902011234', '已婚', 1, '海南', 1, 'chenjing@qq.com', '18795556693', '海南省海口市美兰区', 82, 12, 30, '劳动合同', '高中', '市场营销', '武汉大学', '2015-06-09', NULL, '00000022', 3, '2015-09-10', NULL, '2015-06-09', '2018-06-08', NULL);
INSERT INTO `employee` VALUES (2773, '鹿存亮3', '男', '1990-01-03', '610122199001031456', '已婚', 1, '陕西', 3, 'zhao@qq.com', '15612347795', '陕西省西安市莲湖区', 92, 12, 34, '劳动合同', '高中', '电子工程', '哈尔滨理工大学', '2018-01-01', NULL, '00000024', 3.5, '2018-04-01', NULL, '2018-01-01', '2021-07-14', NULL);
INSERT INTO `employee` VALUES (2774, '姚森3', '男', '1991-02-05', '610122199102058952', '已婚', 1, '河南', 3, 'yaosen@qq.com', '14785559936', '河南洛阳人民大道58号', 92, 15, 34, '劳动合同', '初中', '室内装修设计', '西北大学', '2017-01-02', NULL, '00000025', 7, '2017-04-02', NULL, '2017-01-02', '2024-01-17', NULL);
INSERT INTO `employee` VALUES (2775, '云星3', '女', '1993-01-05', '610122199301054789', '已婚', 1, '陕西西安', 1, 'yunxing@qq.com', '15644442252', '陕西西安新城区', 92, 16, 34, '劳务合同', '硕士', '通信工程', '西安电子科技学校', '2018-01-01', NULL, '00000026', 5.25, '2018-04-01', NULL, '2018-01-01', '2023-04-13', NULL);
INSERT INTO `employee` VALUES (2776, '贾旭明3', '男', '1993-11-11', '610122199311111234', '已婚', 1, '广东广州', 4, 'jiaxuming@qq.com', '15644441234', '广东省广州市天河区冼村路', 78, 15, 33, '劳务合同', '初中', '通信工程', '西北大学', '2018-01-01', NULL, '00000027', 5.25, '2018-04-01', NULL, '2018-01-01', '2023-04-13', NULL);
INSERT INTO `employee` VALUES (2777, '张黎明3', '男', '1991-02-01', '610144199102014569', '已婚', 1, '广东', 6, 'zhangliming@qq.com', '18979994478', '广东珠海', 91, 15, 33, '劳动合同', '高中', '考古', '清华大学', '2018-01-01', NULL, '00000028', 7, '2018-04-01', NULL, '2018-01-01', '2025-01-30', NULL);
INSERT INTO `employee` VALUES (2778, '薛磊3', '男', '1992-07-01', '610144199207017895', '已婚', 1, '陕西西安', 13, 'xuelei@qq.com', '15648887741', '西安市雁塔区', 92, 14, 34, '劳动合同', '初中', '无', '华胥中学', '2018-01-01', NULL, '00000029', 6, '2018-04-01', NULL, '2018-01-01', '2024-01-17', NULL);
INSERT INTO `employee` VALUES (2779, '陈静4', '女', '1989-02-01', '421288198902011234', '已婚', 1, '海南', 1, 'chenjing@qq.com', '18795556693', '海南省海口市美兰区', 82, 12, 30, '劳动合同', '高中', '市场营销', '武汉大学', '2015-06-09', NULL, '00000032', 3, '2015-09-10', NULL, '2015-06-09', '2018-06-08', NULL);
INSERT INTO `employee` VALUES (2780, '赵琳浩4', '男', '1993-03-04', '610122199303041456', '未婚', 1, '陕西', 3, 'zhao@qq.com', '15698887795', '陕西省西安市莲湖区', 91, 12, 33, '劳动合同', '博士', '电子工程', '哈尔滨理工大学', '2018-01-01', NULL, '00000033', 3.5, '2018-04-01', NULL, '2018-01-01', '2021-07-14', NULL);
INSERT INTO `employee` VALUES (2781, '鹿存亮4', '男', '1990-01-03', '610122199001031456', '已婚', 1, '陕西', 3, 'zhao@qq.com', '15612347795', '陕西省西安市莲湖区', 92, 12, 34, '劳动合同', '高中', '电子工程', '哈尔滨理工大学', '2018-01-01', NULL, '00000034', 3.5, '2018-04-01', NULL, '2018-01-01', '2021-07-14', NULL);
INSERT INTO `employee` VALUES (2782, '姚森4', '男', '1991-02-05', '610122199102058952', '已婚', 1, '河南', 3, 'yaosen@qq.com', '14785559936', '河南洛阳人民大道58号', 92, 15, 34, '劳动合同', '初中', '室内装修设计', '西北大学', '2017-01-02', NULL, '00000035', 7, '2017-04-02', NULL, '2017-01-02', '2024-01-17', NULL);
INSERT INTO `employee` VALUES (2783, '云星4', '女', '1993-01-05', '610122199301054789', '已婚', 1, '陕西西安', 1, 'yunxing@qq.com', '15644442252', '陕西西安新城区', 92, 16, 34, '劳务合同', '硕士', '通信工程', '西安电子科技学校', '2018-01-01', NULL, '00000036', 5.25, '2018-04-01', NULL, '2018-01-01', '2023-04-13', NULL);
INSERT INTO `employee` VALUES (2784, '贾旭明4', '男', '1993-11-11', '610122199311111234', '已婚', 1, '广东广州', 4, 'jiaxuming@qq.com', '15644441234', '广东省广州市天河区冼村路', 78, 15, 33, '劳务合同', '初中', '通信工程', '西北大学', '2018-01-01', NULL, '00000037', 5.25, '2018-04-01', NULL, '2018-01-01', '2023-04-13', NULL);
INSERT INTO `employee` VALUES (2785, '张黎明2', '男', '1991-02-01', '610144199102014569', '已婚', 1, '广东', 6, 'zhangliming@qq.com', '18979994478', '广东珠海', 91, 15, 33, '劳动合同', '高中', '考古', '清华大学', '2018-01-01', NULL, '00000038', 7, '2018-04-01', NULL, '2018-01-01', '2025-01-30', NULL);
INSERT INTO `employee` VALUES (2786, '薛磊4', '男', '1992-07-01', '610144199207017895', '已婚', 1, '陕西西安', 13, 'xuelei@qq.com', '15648887741', '西安市雁塔区', 92, 14, 34, '劳动合同', '初中', '无', '华胥中学', '2018-01-01', NULL, '00000039', 6, '2018-04-01', NULL, '2018-01-01', '2024-01-17', NULL);
INSERT INTO `employee` VALUES (2788, '陈静5', '女', '1989-02-01', '421288198902011234', '已婚', 1, '海南', 1, 'chenjing@qq.com', '18795556693', '海南省海口市美兰区', 82, 12, 30, '劳动合同', '高中', '市场营销', '武汉大学', '2015-06-09', NULL, '00000042', 3, '2015-09-10', NULL, '2015-06-09', '2018-06-08', NULL);
INSERT INTO `employee` VALUES (2789, '赵琳浩5', '男', '1993-03-04', '610122199303041456', '未婚', 1, '陕西', 3, 'zhao@qq.com', '15698887795', '陕西省西安市莲湖区', 91, 12, 33, '劳动合同', '博士', '电子工程', '哈尔滨理工大学', '2018-01-01', NULL, '00000043', 3.5, '2018-04-01', NULL, '2018-01-01', '2021-07-14', NULL);
INSERT INTO `employee` VALUES (2790, '鹿存亮5', '男', '1990-01-03', '610122199001031456', '已婚', 1, '陕西', 3, 'zhao@qq.com', '15612347795', '陕西省西安市莲湖区', 92, 12, 34, '劳动合同', '高中', '电子工程', '哈尔滨理工大学', '2018-01-01', NULL, '00000044', 3.5, '2018-04-01', NULL, '2018-01-01', '2021-07-14', NULL);
INSERT INTO `employee` VALUES (2791, '姚森5', '男', '1991-02-05', '610122199102058952', '已婚', 1, '河南', 3, 'yaosen@qq.com', '14785559936', '河南洛阳人民大道58号', 92, 15, 34, '劳动合同', '初中', '室内装修设计', '西北大学', '2017-01-02', NULL, '00000045', 7, '2017-04-02', NULL, '2017-01-02', '2024-01-17', NULL);
INSERT INTO `employee` VALUES (2792, '云星5', '女', '1993-01-05', '610122199301054789', '已婚', 1, '陕西西安', 1, 'yunxing@qq.com', '15644442252', '陕西西安新城区', 92, 16, 34, '劳务合同', '硕士', '通信工程', '西安电子科技学校', '2018-01-01', NULL, '00000046', 5.25, '2018-04-01', NULL, '2018-01-01', '2023-04-13', NULL);
INSERT INTO `employee` VALUES (2793, '贾旭明5', '男', '1993-11-11', '610122199311111234', '已婚', 1, '广东广州', 4, 'jiaxuming@qq.com', '15644441234', '广东省广州市天河区冼村路', 78, 15, 33, '劳务合同', '初中', '通信工程', '西北大学', '2018-01-01', NULL, '00000047', 5.25, '2018-04-01', NULL, '2018-01-01', '2023-04-13', NULL);
INSERT INTO `employee` VALUES (2794, '张黎明5', '男', '1991-02-01', '610144199102014569', '已婚', 1, '广东', 6, 'zhangliming@qq.com', '18979994478', '广东珠海', 91, 15, 33, '劳动合同', '高中', '考古', '清华大学', '2018-01-01', NULL, '00000048', 7, '2018-04-01', NULL, '2018-01-01', '2025-01-30', NULL);
INSERT INTO `employee` VALUES (2795, '薛磊5', '男', '1992-07-01', '610144199207017895', '已婚', 1, '陕西西安', 13, 'xuelei@qq.com', '15648887741', '西安市雁塔区', 92, 14, 34, '劳动合同', '初中', '无', '华胥中学', '2018-01-01', NULL, '00000049', 6, '2018-04-01', NULL, '2018-01-01', '2024-01-17', NULL);
INSERT INTO `employee` VALUES (2797, '陈静6', '女', '1989-02-01', '421288198902011234', '已婚', 1, '海南', 1, 'chenjing@qq.com', '18795556693', '海南省海口市美兰区', 82, 12, 30, '劳动合同', '高中', '市场营销', '武汉大学', '2015-06-09', NULL, '00000052', 3, '2015-09-10', NULL, '2015-06-09', '2018-06-08', NULL);
INSERT INTO `employee` VALUES (2798, '赵琳浩6', '男', '1993-03-04', '610122199303041456', '未婚', 1, '陕西', 3, 'zhao@qq.com', '15698887795', '陕西省西安市莲湖区', 91, 12, 33, '劳动合同', '博士', '电子工程', '哈尔滨理工大学', '2018-01-01', NULL, '00000053', 3.5, '2018-04-01', NULL, '2018-01-01', '2021-07-14', NULL);
INSERT INTO `employee` VALUES (2799, '鹿存亮6', '男', '1990-01-03', '610122199001031456', '已婚', 1, '陕西', 3, 'zhao@qq.com', '15612347795', '陕西省西安市莲湖区', 92, 12, 34, '劳动合同', '高中', '电子工程', '哈尔滨理工大学', '2018-01-01', NULL, '00000054', 3.5, '2018-04-01', NULL, '2018-01-01', '2021-07-14', NULL);
INSERT INTO `employee` VALUES (2800, '姚森6', '男', '1991-02-05', '610122199102058952', '已婚', 1, '河南', 3, 'yaosen@qq.com', '14785559936', '河南洛阳人民大道58号', 92, 15, 34, '劳动合同', '初中', '室内装修设计', '西北大学', '2017-01-02', NULL, '00000055', 7, '2017-04-02', NULL, '2017-01-02', '2024-01-17', NULL);
INSERT INTO `employee` VALUES (2801, '云星6', '女', '1993-01-05', '610122199301054789', '已婚', 1, '陕西西安', 1, 'yunxing@qq.com', '15644442252', '陕西西安新城区', 92, 16, 34, '劳务合同', '硕士', '通信工程', '西安电子科技学校', '2018-01-01', NULL, '00000056', 5.25, '2018-04-01', NULL, '2018-01-01', '2023-04-13', NULL);
INSERT INTO `employee` VALUES (2802, '陈静', '女', '1989-02-01', '421288198902011234', '已婚', 1, '海南', 1, 'chenjing@qq.com', '18795556693', '海南省海口市美兰区', 82, 12, 30, '劳动合同', '高中', '市场营销', '武汉大学', '2015-06-09', NULL, '00000002', 3, NULL, NULL, '2015-06-09', '2018-06-08', NULL);
INSERT INTO `employee` VALUES (2803, '赵琳浩', '男', '1993-03-04', '610122199303041456', '未婚', 1, '陕西', 3, 'zhao@qq.com', '15698887795', '陕西省西安市莲湖区', 91, 12, 33, '劳动合同', '博士', '电子工程', '哈尔滨理工大学', '2018-01-01', NULL, '00000003', 3.5, NULL, NULL, '2018-01-01', '2021-07-14', NULL);
INSERT INTO `employee` VALUES (2804, '鹿存亮', '男', '1990-01-03', '610122199001031456', '已婚', 1, '陕西', 3, 'zhao@qq.com', '15612347795', '陕西省西安市莲湖区', 92, 12, 34, '劳动合同', '高中', '电子工程', '哈尔滨理工大学', '2018-01-01', NULL, '00000004', 3.5, NULL, NULL, '2018-01-01', '2021-07-14', NULL);
INSERT INTO `employee` VALUES (2805, '姚森', '男', '1991-02-05', '610122199102058952', '已婚', 1, '河南', 3, 'yaosen@qq.com', '14785559936', '河南洛阳人民大道58号', 92, 15, 34, '劳动合同', '初中', '室内装修设计', '西北大学', '2017-01-02', NULL, '00000005', 7, NULL, NULL, '2017-01-02', '2024-01-17', NULL);
INSERT INTO `employee` VALUES (2806, '贾旭明', '男', '1993-11-11', '610122199311111234', '已婚', 1, '广东广州', 4, 'jiaxuming@qq.com', '15644441234', '广东省广州市天河区冼村路', 78, 15, 33, '劳务合同', '初中', '通信工程', '西北大学', '2018-01-01', NULL, '00000007', 5.25, NULL, NULL, '2018-01-01', '2023-04-13', NULL);
INSERT INTO `employee` VALUES (2807, '张黎明', '男', '1991-02-01', '610144199102014569', '已婚', 1, '广东', 6, 'zhangliming@qq.com', '18979994478', '广东珠海', 91, 15, 33, '劳动合同', '高中', '考古', '清华大学', '2018-01-01', NULL, '00000008', 7, NULL, NULL, '2018-01-01', '2025-01-30', NULL);
INSERT INTO `employee` VALUES (2808, '薛磊', '男', '1992-07-01', '610144199207017895', '已婚', 1, '陕西西安', 13, 'xuelei@qq.com', '15648887741', '西安市雁塔区', 92, 14, 34, '劳动合同', '初中', '无', '华胥中学', '2018-01-01', NULL, '00000009', 6, NULL, NULL, '2018-01-01', '2024-01-17', NULL);
INSERT INTO `employee` VALUES (2810, '陈静2', '女', '1989-02-01', '421288198902011234', '已婚', 1, '海南', 1, 'chenjing@qq.com', '18795556693', '海南省海口市美兰区', 82, 12, 30, '劳动合同', '高中', '市场营销', '武汉大学', '2015-06-09', NULL, '00000012', 3, NULL, NULL, '2015-06-09', '2018-06-08', NULL);
INSERT INTO `employee` VALUES (2811, '赵琳浩2', '男', '1993-03-04', '610122199303041456', '未婚', 1, '陕西', 3, 'zhao@qq.com', '15698887795', '陕西省西安市莲湖区', 91, 12, 33, '劳动合同', '博士', '电子工程', '哈尔滨理工大学', '2018-01-01', NULL, '00000013', 3.5, NULL, NULL, '2018-01-01', '2021-07-14', NULL);
INSERT INTO `employee` VALUES (2812, '鹿存亮2', '男', '1990-01-03', '610122199001031456', '已婚', 1, '陕西', 3, 'zhao@qq.com', '15612347795', '陕西省西安市莲湖区', 92, 12, 34, '劳动合同', '高中', '电子工程', '哈尔滨理工大学', '2018-01-01', NULL, '00000014', 3.5, NULL, NULL, '2018-01-01', '2021-07-14', NULL);
INSERT INTO `employee` VALUES (2813, '姚森2', '男', '1991-02-05', '610122199102058952', '已婚', 1, '河南', 3, 'yaosen@qq.com', '14785559936', '河南洛阳人民大道58号', 92, 15, 34, '劳动合同', '初中', '室内装修设计', '西北大学', '2017-01-02', NULL, '00000015', 7, NULL, NULL, '2017-01-02', '2024-01-17', NULL);
INSERT INTO `employee` VALUES (2814, '云星2', '女', '1993-01-05', '610122199301054789', '已婚', 1, '陕西西安', 1, 'yunxing@qq.com', '15644442252', '陕西西安新城区', 92, 16, 34, '劳务合同', '硕士', '通信工程', '西安电子科技学校', '2018-01-01', NULL, '00000016', 5.25, NULL, NULL, '2018-01-01', '2023-04-13', NULL);
INSERT INTO `employee` VALUES (2815, '贾旭明2', '男', '1993-11-11', '610122199311111234', '已婚', 1, '广东广州', 4, 'jiaxuming@qq.com', '15644441234', '广东省广州市天河区冼村路', 78, 15, 33, '劳务合同', '初中', '通信工程', '西北大学', '2018-01-01', NULL, '00000017', 5.25, NULL, NULL, '2018-01-01', '2023-04-13', NULL);
INSERT INTO `employee` VALUES (2816, '王一亭', '男', '1991-02-01', '610144199102014569', '已婚', 1, '广东', 6, 'zhangliming@qq.com', '18979994478', '广东珠海', 91, 15, 33, '劳动合同', '高中', '考古', '清华大学', '2018-01-01', NULL, '00000018', 7, NULL, NULL, '2018-01-01', '2025-01-30', NULL);
INSERT INTO `employee` VALUES (2817, '薛磊2', '男', '1992-07-01', '610144199207017895', '已婚', 1, '陕西西安', 13, 'xuelei@qq.com', '15648887741', '西安市雁塔区', 92, 14, 34, '劳动合同', '初中', '无', '华胥中学', '2018-01-01', NULL, '00000019', 1, NULL, NULL, '2018-01-01', '2019-01-01', NULL);
INSERT INTO `employee` VALUES (2819, '陈静3', '女', '1989-02-01', '421288198902011234', '已婚', 1, '海南', 1, 'chenjing@qq.com', '18795556693', '海南省海口市美兰区', 82, 12, 30, '劳动合同', '高中', '市场营销', '武汉大学', '2015-06-09', NULL, '00000022', 3, NULL, NULL, '2015-06-09', '2018-06-08', NULL);
INSERT INTO `employee` VALUES (2820, '鹿存亮3', '男', '1990-01-03', '610122199001031456', '已婚', 1, '陕西', 3, 'zhao@qq.com', '15612347795', '陕西省西安市莲湖区', 92, 12, 34, '劳动合同', '高中', '电子工程', '哈尔滨理工大学', '2018-01-01', NULL, '00000024', 3.5, NULL, NULL, '2018-01-01', '2021-07-14', NULL);
INSERT INTO `employee` VALUES (2821, '姚森3', '男', '1991-02-05', '610122199102058952', '已婚', 1, '河南', 3, 'yaosen@qq.com', '14785559936', '河南洛阳人民大道58号', 92, 15, 34, '劳动合同', '初中', '室内装修设计', '西北大学', '2017-01-02', NULL, '00000025', 7, NULL, NULL, '2017-01-02', '2024-01-17', NULL);
INSERT INTO `employee` VALUES (2822, '云星3', '女', '1993-01-05', '610122199301054789', '已婚', 1, '陕西西安', 1, 'yunxing@qq.com', '15644442252', '陕西西安新城区', 92, 16, 34, '劳务合同', '硕士', '通信工程', '西安电子科技学校', '2018-01-01', NULL, '00000026', 5.25, NULL, NULL, '2018-01-01', '2023-04-13', NULL);
INSERT INTO `employee` VALUES (2823, '贾旭明3', '男', '1993-11-11', '610122199311111234', '已婚', 1, '广东广州', 4, 'jiaxuming@qq.com', '15644441234', '广东省广州市天河区冼村路', 78, 15, 33, '劳务合同', '初中', '通信工程', '西北大学', '2018-01-01', NULL, '00000027', 5.25, NULL, NULL, '2018-01-01', '2023-04-13', NULL);
INSERT INTO `employee` VALUES (2824, '张黎明3', '男', '1991-02-01', '610144199102014569', '已婚', 1, '广东', 6, 'zhangliming@qq.com', '18979994478', '广东珠海', 91, 15, 33, '劳动合同', '高中', '考古', '清华大学', '2018-01-01', NULL, '00000028', 7, NULL, NULL, '2018-01-01', '2025-01-30', NULL);
INSERT INTO `employee` VALUES (2825, '薛磊3', '男', '1992-07-01', '610144199207017895', '已婚', 1, '陕西西安', 13, 'xuelei@qq.com', '15648887741', '西安市雁塔区', 92, 14, 34, '劳动合同', '初中', '无', '华胥中学', '2018-01-01', NULL, '00000029', 6, NULL, NULL, '2018-01-01', '2024-01-17', NULL);
INSERT INTO `employee` VALUES (2826, '陈静4', '女', '1989-02-01', '421288198902011234', '已婚', 1, '海南', 1, 'chenjing@qq.com', '18795556693', '海南省海口市美兰区', 82, 12, 30, '劳动合同', '高中', '市场营销', '武汉大学', '2015-06-09', NULL, '00000032', 3, NULL, NULL, '2015-06-09', '2018-06-08', NULL);
INSERT INTO `employee` VALUES (2827, '赵琳浩4', '男', '1993-03-04', '610122199303041456', '未婚', 1, '陕西', 3, 'zhao@qq.com', '15698887795', '陕西省西安市莲湖区', 91, 12, 33, '劳动合同', '博士', '电子工程', '哈尔滨理工大学', '2018-01-01', NULL, '00000033', 3.5, NULL, NULL, '2018-01-01', '2021-07-14', NULL);
INSERT INTO `employee` VALUES (2828, '鹿存亮4', '男', '1990-01-03', '610122199001031456', '已婚', 1, '陕西', 3, 'zhao@qq.com', '15612347795', '陕西省西安市莲湖区', 92, 12, 34, '劳动合同', '高中', '电子工程', '哈尔滨理工大学', '2018-01-01', NULL, '00000034', 3.5, NULL, NULL, '2018-01-01', '2021-07-14', NULL);
INSERT INTO `employee` VALUES (2829, '姚森4', '男', '1991-02-05', '610122199102058952', '已婚', 1, '河南', 3, 'yaosen@qq.com', '14785559936', '河南洛阳人民大道58号', 92, 15, 34, '劳动合同', '初中', '室内装修设计', '西北大学', '2017-01-02', NULL, '00000035', 7, NULL, NULL, '2017-01-02', '2024-01-17', NULL);
INSERT INTO `employee` VALUES (2830, '云星4', '女', '1993-01-05', '610122199301054789', '已婚', 1, '陕西西安', 1, 'yunxing@qq.com', '15644442252', '陕西西安新城区', 92, 16, 34, '劳务合同', '硕士', '通信工程', '西安电子科技学校', '2018-01-01', NULL, '00000036', 5.25, NULL, NULL, '2018-01-01', '2023-04-13', NULL);
INSERT INTO `employee` VALUES (2831, '贾旭明4', '男', '1993-11-11', '610122199311111234', '已婚', 1, '广东广州', 4, 'jiaxuming@qq.com', '15644441234', '广东省广州市天河区冼村路', 78, 15, 33, '劳务合同', '初中', '通信工程', '西北大学', '2018-01-01', NULL, '00000037', 5.25, NULL, NULL, '2018-01-01', '2023-04-13', NULL);
INSERT INTO `employee` VALUES (2832, '谢工', '女', '1970-01-01', '618177197001011234', '离异', 1, '江苏', 1, '584991843@qq.com', '18558887788', '北京', 91, 12, 29, '劳动合同', '本科', '计算机软件', '南华大学', '2018-01-01', NULL, '00000038', 5, '2019-01-01', NULL, '2018-01-01', '2023-01-01', NULL);
INSERT INTO `employee` VALUES (2833, '林昭亮', '男', '1990-01-01', '610122199809091234', '已婚', 1, '广东', 13, '584991843@qq.com', '16767776654', '广东深圳', 91, 15, 33, '劳动合同', '大专', '计算机软件', '广东职业技术学院', '2018-01-01', NULL, '00000039', 5, '2018-04-01', NULL, '2018-01-01', '2023-01-01', NULL);
INSERT INTO `employee` VALUES (2835, '陈静', '女', '1989-02-01', '421288198902011234', '已婚', 1, '海南', 1, 'chenjing@qq.com', '18795556693', '海南省海口市美兰区', 8, 12, 30, '劳动合同', '高中', '市场营销', '武汉大学', '2015-06-09', NULL, '00000002', 3, NULL, NULL, '2015-06-09', '2018-06-08', NULL);
INSERT INTO `employee` VALUES (2836, '赵琳浩', '男', '1993-03-04', '610122199303041456', '未婚', 1, '陕西', 3, 'zhao@qq.com', '15698887795', '陕西省西安市莲湖区', 91, 12, 33, '劳动合同', '博士', '电子工程', '哈尔滨理工大学', '2018-01-01', NULL, '00000003', 3.5, NULL, NULL, '2018-01-01', '2021-07-14', NULL);
INSERT INTO `employee` VALUES (2837, '鹿存亮', '男', '1990-01-03', '610122199001031456', '已婚', 1, '陕西', 3, 'zhao@qq.com', '15612347795', '陕西省西安市莲湖区', 92, 12, 34, '劳动合同', '高中', '电子工程', '哈尔滨理工大学', '2018-01-01', NULL, '00000004', 3.5, NULL, NULL, '2018-01-01', '2021-07-14', NULL);
INSERT INTO `employee` VALUES (2838, '姚森', '男', '1991-02-05', '610122199102058952', '已婚', 1, '河南', 3, 'yaosen@qq.com', '14785559936', '河南洛阳人民大道58号', 92, 15, 34, '劳动合同', '硕士', '室内装修设计', '西北大学', '2017-01-02', NULL, '00000005', 7, NULL, NULL, '2017-01-02', '2024-01-17', NULL);
INSERT INTO `employee` VALUES (2839, '云星', '女', '1993-01-05', '610122199301054789', '已婚', 1, '陕西西安', 1, 'yunxing@qq.com', '15644442252', '陕西西安新城区', 92, 16, 34, '劳务合同', '硕士', '通信工程', '西安电子科技学校', '2018-01-01', NULL, '00000006', 5.25, NULL, NULL, '2018-01-01', '2023-04-13', NULL);
INSERT INTO `employee` VALUES (2840, '贾旭明', '男', '1993-11-11', '610122199311111234', '已婚', 1, '广东广州', 4, 'jiaxuming@qq.com', '15644441234', '广东省广州市天河区冼村路', 78, 15, 33, '劳务合同', '初中', '通信工程', '西北大学', '2018-01-01', NULL, '00000007', 5.25, NULL, NULL, '2018-01-01', '2023-04-13', NULL);
INSERT INTO `employee` VALUES (2841, '张黎明', '男', '1991-02-01', '610144199102014569', '已婚', 1, '广东', 6, 'zhangliming@qq.com', '18979994478', '广东珠海', 91, 15, 33, '劳动合同', '高中', '考古', '清华大学', '2018-01-01', NULL, '00000008', 7, NULL, NULL, '2018-01-01', '2025-01-30', NULL);
INSERT INTO `employee` VALUES (2842, '薛磊', '男', '1992-07-01', '610144199207017895', '已婚', 1, '陕西西安', 13, 'xuelei@qq.com', '15648887741', '西安市雁塔区', 92, 14, 34, '劳动合同', '初中', '无', '华胥中学', '2018-01-01', NULL, '00000009', 6, NULL, NULL, '2018-01-01', '2024-01-17', NULL);
INSERT INTO `employee` VALUES (2843, '张洁', '女', '1990-10-09', '420177199010093652', '未婚', 1, '海南', 5, 'zhangjie@qq.com', '13695557742', '海口市美兰区', 92, 16, 34, '劳动合同', '高中', '无', '海南侨中', '2018-01-01', NULL, '00000010', 1, NULL, NULL, '2018-01-01', '2019-01-01', NULL);
INSERT INTO `employee` VALUES (2844, '陈静2', '女', '1989-02-01', '421288198902011234', '已婚', 1, '海南', 1, 'chenjing@qq.com', '18795556693', '海南省海口市美兰区', 82, 12, 30, '劳动合同', '高中', '市场营销', '武汉大学', '2015-06-09', NULL, '00000012', 3, NULL, NULL, '2015-06-09', '2018-06-08', NULL);
INSERT INTO `employee` VALUES (2845, '赵琳浩2', '男', '1993-03-04', '610122199303041456', '未婚', 1, '陕西', 3, 'zhao@qq.com', '15698887795', '陕西省西安市莲湖区', 91, 12, 33, '劳动合同', '博士', '电子工程', '哈尔滨理工大学', '2018-01-01', NULL, '00000013', 3.5, NULL, NULL, '2018-01-01', '2021-07-14', NULL);
INSERT INTO `employee` VALUES (2846, '鹿存亮2', '男', '1990-01-03', '610122199001031456', '已婚', 1, '陕西', 3, 'zhao@qq.com', '15612347795', '陕西省西安市莲湖区', 92, 12, 34, '劳动合同', '高中', '电子工程', '哈尔滨理工大学', '2018-01-01', NULL, '00000014', 3.5, NULL, NULL, '2018-01-01', '2021-07-14', NULL);
INSERT INTO `employee` VALUES (2847, '姚森2', '男', '1991-02-05', '610122199102058952', '已婚', 1, '河南', 3, 'yaosen@qq.com', '14785559936', '河南洛阳人民大道58号', 92, 15, 34, '劳动合同', '初中', '室内装修设计', '西北大学', '2017-01-02', NULL, '00000015', 7, NULL, NULL, '2017-01-02', '2024-01-17', NULL);
INSERT INTO `employee` VALUES (2848, '云星2', '女', '1993-01-05', '610122199301054789', '已婚', 1, '陕西西安', 1, 'yunxing@qq.com', '15644442252', '陕西西安新城区', 92, 16, 34, '劳务合同', '硕士', '通信工程', '西安电子科技学校', '2018-01-01', NULL, '00000016', 5.25, NULL, NULL, '2018-01-01', '2023-04-13', NULL);
INSERT INTO `employee` VALUES (2849, '贾旭明2', '男', '1993-11-11', '610122199311111234', '已婚', 1, '广东广州', 4, 'jiaxuming@qq.com', '15644441234', '广东省广州市天河区冼村路', 78, 15, 33, '劳务合同', '初中', '通信工程', '西北大学', '2018-01-01', NULL, '00000017', 5.25, NULL, NULL, '2018-01-01', '2023-04-13', NULL);
INSERT INTO `employee` VALUES (2850, '王一亭', '男', '1991-02-01', '610144199102014569', '已婚', 1, '广东', 6, 'zhangliming@qq.com', '18979994478', '广东珠海', 91, 15, 33, '劳动合同', '高中', '考古', '清华大学', '2018-01-01', NULL, '00000018', 7, NULL, NULL, '2018-01-01', '2025-01-30', NULL);
INSERT INTO `employee` VALUES (2851, '薛磊2', '男', '1992-07-01', '610144199207017895', '已婚', 1, '陕西西安', 13, 'xuelei@qq.com', '15648887741', '西安市雁塔区', 92, 14, 34, '劳动合同', '初中', '无', '华胥中学', '2018-01-01', NULL, '00000019', 1, NULL, NULL, '2018-01-01', '2019-01-01', NULL);
INSERT INTO `employee` VALUES (2852, '张洁2', '女', '1990-10-09', '420177199010093652', '未婚', 1, '海南', 5, 'zhangjie@qq.com', '13695557742', '海口市美兰区', 92, 16, 34, '劳动合同', '高中', '无', '海南侨中', '2018-01-01', NULL, '00000020', 1, NULL, NULL, '2018-01-01', '2019-01-01', NULL);
INSERT INTO `employee` VALUES (2853, '陈静3', '女', '1989-02-01', '421288198902011234', '已婚', 1, '海南', 1, 'chenjing@qq.com', '18795556693', '海南省海口市美兰区', 82, 12, 30, '劳动合同', '高中', '市场营销', '武汉大学', '2015-06-09', NULL, '00000022', 3, NULL, NULL, '2015-06-09', '2018-06-08', NULL);
INSERT INTO `employee` VALUES (2854, '鹿存亮3', '男', '1990-01-03', '610122199001031456', '已婚', 1, '陕西', 3, 'zhao@qq.com', '15612347795', '陕西省西安市莲湖区', 92, 12, 34, '劳动合同', '高中', '电子工程', '哈尔滨理工大学', '2018-01-01', NULL, '00000024', 3.5, NULL, NULL, '2018-01-01', '2021-07-14', NULL);
INSERT INTO `employee` VALUES (2855, '姚森3', '男', '1991-02-05', '610122199102058952', '已婚', 1, '河南', 3, 'yaosen@qq.com', '14785559936', '河南洛阳人民大道58号', 92, 15, 34, '劳动合同', '初中', '室内装修设计', '西北大学', '2017-01-02', NULL, '00000025', 7, NULL, NULL, '2017-01-02', '2024-01-17', NULL);
INSERT INTO `employee` VALUES (2856, '云星3', '女', '1993-01-05', '610122199301054789', '已婚', 1, '陕西西安', 1, 'yunxing@qq.com', '15644442252', '陕西西安新城区', 92, 16, 34, '劳务合同', '硕士', '通信工程', '西安电子科技学校', '2018-01-01', NULL, '00000026', 5.25, NULL, NULL, '2018-01-01', '2023-04-13', NULL);
INSERT INTO `employee` VALUES (2857, '贾旭明3', '男', '1993-11-11', '610122199311111234', '已婚', 1, '广东广州', 4, 'jiaxuming@qq.com', '15644441234', '广东省广州市天河区冼村路', 78, 15, 33, '劳务合同', '初中', '通信工程', '西北大学', '2018-01-01', NULL, '00000027', 5.25, NULL, NULL, '2018-01-01', '2023-04-13', NULL);
INSERT INTO `employee` VALUES (2858, '张黎明3', '男', '1991-02-01', '610144199102014569', '已婚', 1, '广东', 6, 'zhangliming@qq.com', '18979994478', '广东珠海', 91, 15, 33, '劳动合同', '高中', '考古', '清华大学', '2018-01-01', NULL, '00000028', 7, NULL, NULL, '2018-01-01', '2025-01-30', NULL);
INSERT INTO `employee` VALUES (2859, '薛磊3', '男', '1992-07-01', '610144199207017895', '已婚', 1, '陕西西安', 13, 'xuelei@qq.com', '15648887741', '西安市雁塔区', 92, 14, 34, '劳动合同', '初中', '无', '华胥中学', '2018-01-01', NULL, '00000029', 6, NULL, NULL, '2018-01-01', '2024-01-17', NULL);
INSERT INTO `employee` VALUES (2860, '陈静4', '女', '1989-02-01', '421288198902011234', '已婚', 1, '海南', 1, 'chenjing@qq.com', '18795556693', '海南省海口市美兰区', 82, 12, 30, '劳动合同', '高中', '市场营销', '武汉大学', '2015-06-09', NULL, '00000032', 3, NULL, NULL, '2015-06-09', '2018-06-08', NULL);
INSERT INTO `employee` VALUES (2861, '赵琳浩4', '男', '1993-03-04', '610122199303041456', '未婚', 1, '陕西', 3, 'zhao@qq.com', '15698887795', '陕西省西安市莲湖区', 91, 12, 33, '劳动合同', '博士', '电子工程', '哈尔滨理工大学', '2018-01-01', NULL, '00000033', 3.5, NULL, NULL, '2018-01-01', '2021-07-14', NULL);
INSERT INTO `employee` VALUES (2862, '鹿存亮4', '男', '1990-01-03', '610122199001031456', '已婚', 1, '陕西', 3, 'zhao@qq.com', '15612347795', '陕西省西安市莲湖区', 92, 12, 34, '劳动合同', '高中', '电子工程', '哈尔滨理工大学', '2018-01-01', NULL, '00000034', 3.5, NULL, NULL, '2018-01-01', '2021-07-14', NULL);
INSERT INTO `employee` VALUES (2863, '姚森4', '男', '1991-02-05', '610122199102058952', '已婚', 1, '河南', 3, 'yaosen@qq.com', '14785559936', '河南洛阳人民大道58号', 92, 15, 34, '劳动合同', '初中', '室内装修设计', '西北大学', '2017-01-02', NULL, '00000035', 7, NULL, NULL, '2017-01-02', '2024-01-17', NULL);
INSERT INTO `employee` VALUES (2864, '云星4', '女', '1993-01-05', '610122199301054789', '已婚', 1, '陕西西安', 1, 'yunxing@qq.com', '15644442252', '陕西西安新城区', 92, 16, 34, '劳务合同', '硕士', '通信工程', '西安电子科技学校', '2018-01-01', NULL, '00000036', 5.25, NULL, NULL, '2018-01-01', '2023-04-13', NULL);
INSERT INTO `employee` VALUES (2865, '贾旭明4', '男', '1993-11-11', '610122199311111234', '已婚', 1, '广东广州', 4, 'jiaxuming@qq.com', '15644441234', '广东省广州市天河区冼村路', 78, 15, 33, '劳务合同', '初中', '通信工程', '西北大学', '2018-01-01', NULL, '00000037', 5.25, NULL, NULL, '2018-01-01', '2023-04-13', NULL);
INSERT INTO `employee` VALUES (2866, '张黎明2', '男', '1991-02-01', '610144199102014569', '已婚', 1, '广东', 6, 'zhangliming@qq.com', '18979994478', '广东珠海', 91, 15, 33, '劳动合同', '高中', '考古', '清华大学', '2018-01-01', NULL, '00000038', 7, NULL, NULL, '2018-01-01', '2025-01-30', NULL);
INSERT INTO `employee` VALUES (2867, '薛磊4', '男', '1992-07-01', '610144199207017895', '已婚', 1, '陕西西安', 13, 'xuelei@qq.com', '15648887741', '西安市雁塔区', 92, 14, 34, '劳动合同', '初中', '无', '华胥中学', '2018-01-01', NULL, '00000039', 6, NULL, NULL, '2018-01-01', '2024-01-17', NULL);
INSERT INTO `employee` VALUES (2868, '张洁4', '女', '1990-10-09', '420177199010093652', '未婚', 1, '海南', 5, 'zhangjie@qq.com', '13695557742', '海口市美兰区', 92, 16, 34, '劳动合同', '高中', '无', '海南侨中', '2018-01-01', NULL, '00000040', 1, NULL, NULL, '2018-01-01', '2019-01-01', NULL);
INSERT INTO `employee` VALUES (2869, '陈静5', '女', '1989-02-01', '421288198902011234', '已婚', 1, '海南', 1, 'chenjing@qq.com', '18795556693', '海南省海口市美兰区', 82, 12, 30, '劳动合同', '高中', '市场营销', '武汉大学', '2015-06-09', NULL, '00000042', 3, NULL, NULL, '2015-06-09', '2018-06-08', NULL);
INSERT INTO `employee` VALUES (2870, '赵琳浩5', '男', '1993-03-04', '610122199303041456', '未婚', 1, '陕西', 3, 'zhao@qq.com', '15698887795', '陕西省西安市莲湖区', 91, 12, 33, '劳动合同', '博士', '电子工程', '哈尔滨理工大学', '2018-01-01', NULL, '00000043', 3.5, NULL, NULL, '2018-01-01', '2021-07-14', NULL);
INSERT INTO `employee` VALUES (2871, '鹿存亮5', '男', '1990-01-03', '610122199001031456', '已婚', 1, '陕西', 3, 'zhao@qq.com', '15612347795', '陕西省西安市莲湖区', 92, 12, 34, '劳动合同', '高中', '电子工程', '哈尔滨理工大学', '2018-01-01', NULL, '00000044', 3.5, NULL, NULL, '2018-01-01', '2021-07-14', NULL);
INSERT INTO `employee` VALUES (2872, '姚森5', '男', '1991-02-05', '610122199102058952', '已婚', 1, '河南', 3, 'yaosen@qq.com', '14785559936', '河南洛阳人民大道58号', 92, 15, 34, '劳动合同', '初中', '室内装修设计', '西北大学', '2017-01-02', NULL, '00000045', 7, NULL, NULL, '2017-01-02', '2024-01-17', NULL);
INSERT INTO `employee` VALUES (2873, '云星5', '女', '1993-01-05', '610122199301054789', '已婚', 1, '陕西西安', 1, 'yunxing@qq.com', '15644442252', '陕西西安新城区', 92, 16, 34, '劳务合同', '硕士', '通信工程', '西安电子科技学校', '2018-01-01', NULL, '00000046', 5.25, NULL, NULL, '2018-01-01', '2023-04-13', NULL);
INSERT INTO `employee` VALUES (2874, '贾旭明5', '男', '1993-11-11', '610122199311111234', '已婚', 1, '广东广州', 4, 'jiaxuming@qq.com', '15644441234', '广东省广州市天河区冼村路', 78, 15, 33, '劳务合同', '初中', '通信工程', '西北大学', '2018-01-01', NULL, '00000047', 5.25, NULL, NULL, '2018-01-01', '2023-04-13', NULL);
INSERT INTO `employee` VALUES (2875, '张黎明5', '男', '1991-02-01', '610144199102014569', '已婚', 1, '广东', 6, 'zhangliming@qq.com', '18979994478', '广东珠海', 91, 15, 33, '劳动合同', '高中', '考古', '清华大学', '2018-01-01', NULL, '00000048', 7, NULL, NULL, '2018-01-01', '2025-01-30', NULL);
INSERT INTO `employee` VALUES (2876, '薛磊5', '男', '1992-07-01', '610144199207017895', '已婚', 1, '陕西西安', 13, 'xuelei@qq.com', '15648887741', '西安市雁塔区', 92, 14, 34, '劳动合同', '初中', '无', '华胥中学', '2018-01-01', NULL, '00000049', 6, NULL, NULL, '2018-01-01', '2024-01-17', NULL);
INSERT INTO `employee` VALUES (2877, '张洁5', '女', '1990-10-09', '420177199010093652', '未婚', 1, '海南', 5, 'zhangjie@qq.com', '13695557742', '海口市美兰区', 92, 16, 34, '劳动合同', '高中', '无', '海南侨中', '2018-01-01', NULL, '00000050', 1, NULL, NULL, '2018-01-01', '2019-01-01', NULL);
INSERT INTO `employee` VALUES (2878, '陈静6', '女', '1989-02-01', '421288198902011234', '已婚', 1, '海南', 1, 'chenjing@qq.com', '18795556693', '海南省海口市美兰区', 82, 12, 30, '劳动合同', '高中', '市场营销', '武汉大学', '2015-06-09', NULL, '00000052', 3, NULL, NULL, '2015-06-09', '2018-06-08', NULL);
INSERT INTO `employee` VALUES (2879, '赵琳浩6', '男', '1993-03-04', '610122199303041456', '未婚', 1, '陕西', 3, 'zhao@qq.com', '15698887795', '陕西省西安市莲湖区', 91, 12, 33, '劳动合同', '博士', '电子工程', '哈尔滨理工大学', '2018-01-01', NULL, '00000053', 3.5, NULL, NULL, '2018-01-01', '2021-07-14', NULL);
INSERT INTO `employee` VALUES (2880, '鹿存亮6', '男', '1990-01-03', '610122199001031456', '已婚', 1, '陕西', 3, 'zhao@qq.com', '15612347795', '陕西省西安市莲湖区', 92, 12, 34, '劳动合同', '高中', '电子工程', '哈尔滨理工大学', '2018-01-01', NULL, '00000054', 3.5, NULL, NULL, '2018-01-01', '2021-07-14', NULL);
INSERT INTO `employee` VALUES (2881, '姚森6', '男', '1991-02-05', '610122199102058952', '已婚', 1, '河南', 3, 'yaosen@qq.com', '14785559936', '河南洛阳人民大道58号', 92, 15, 34, '劳动合同', '初中', '室内装修设计', '西北大学', '2017-01-02', NULL, '00000055', 7, NULL, NULL, '2017-01-02', '2024-01-17', NULL);
INSERT INTO `employee` VALUES (2882, '云星6', '女', '1993-01-05', '610122199301054789', '已婚', 1, '陕西西安', 1, 'yunxing@qq.com', '15644442252', '陕西西安新城区', 92, 16, 34, '劳务合同', '硕士', '通信工程', '西安电子科技学校', '2018-01-01', NULL, '00000056', 5.25, NULL, NULL, '2018-01-01', '2023-04-13', NULL);
INSERT INTO `employee` VALUES (2883, '陈静', '女', '1989-02-01', '421288198902011234', '已婚', 1, '海南', 1, 'chenjing@qq.com', '18795556693', '海南省海口市美兰区', 82, 12, 30, '劳动合同', '高中', '市场营销', '武汉大学', '2015-06-09', NULL, '00000002', 3, NULL, NULL, '2015-06-09', '2018-06-08', NULL);
INSERT INTO `employee` VALUES (2884, '赵琳浩', '男', '1993-03-04', '610122199303041456', '未婚', 1, '陕西', 3, 'zhao@qq.com', '15698887795', '陕西省西安市莲湖区', 91, 12, 33, '劳动合同', '博士', '电子工程', '哈尔滨理工大学', '2018-01-01', NULL, '00000003', 3.5, NULL, NULL, '2018-01-01', '2021-07-14', NULL);
INSERT INTO `employee` VALUES (2885, '鹿存亮', '男', '1990-01-03', '610122199001031456', '已婚', 1, '陕西', 3, 'zhao@qq.com', '15612347795', '陕西省西安市莲湖区', 92, 12, 34, '劳动合同', '高中', '电子工程', '哈尔滨理工大学', '2018-01-01', NULL, '00000004', 3.5, NULL, NULL, '2018-01-01', '2021-07-14', NULL);
INSERT INTO `employee` VALUES (2886, '姚森', '男', '1991-02-05', '610122199102058952', '已婚', 1, '河南', 3, 'yaosen@qq.com', '14785559936', '河南洛阳人民大道58号', 92, 15, 34, '劳动合同', '初中', '室内装修设计', '西北大学', '2017-01-02', NULL, '00000005', 7, NULL, NULL, '2017-01-02', '2024-01-17', NULL);
INSERT INTO `employee` VALUES (2887, '贾旭明', '男', '1993-11-11', '610122199311111234', '已婚', 1, '广东广州', 4, 'jiaxuming@qq.com', '15644441234', '广东省广州市天河区冼村路', 78, 15, 33, '劳务合同', '初中', '通信工程', '西北大学', '2018-01-01', NULL, '00000007', 5.25, NULL, NULL, '2018-01-01', '2023-04-13', NULL);
INSERT INTO `employee` VALUES (2888, '张黎明', '男', '1991-02-01', '610144199102014569', '已婚', 1, '广东', 6, 'zhangliming@qq.com', '18979994478', '广东珠海', 91, 15, 33, '劳动合同', '高中', '考古', '清华大学', '2018-01-01', NULL, '00000008', 7, NULL, NULL, '2018-01-01', '2025-01-30', NULL);
INSERT INTO `employee` VALUES (2889, '薛磊', '男', '1992-07-01', '610144199207017895', '已婚', 1, '陕西西安', 13, 'xuelei@qq.com', '15648887741', '西安市雁塔区', 92, 14, 34, '劳动合同', '初中', '无', '华胥中学', '2018-01-01', NULL, '00000009', 6, NULL, NULL, '2018-01-01', '2024-01-17', NULL);
INSERT INTO `employee` VALUES (2890, '张洁', '女', '1990-10-09', '420177199010093652', '未婚', 1, '海南', 5, 'zhangjie@qq.com', '13695557742', '海口市美兰区', 92, 16, 34, '劳动合同', '高中', '无', '海南侨中', '2018-01-01', NULL, '00000010', 1, NULL, NULL, '2018-01-01', '2019-01-01', NULL);
INSERT INTO `employee` VALUES (2891, '陈静2', '女', '1989-02-01', '421288198902011234', '已婚', 1, '海南', 1, 'chenjing@qq.com', '18795556693', '海南省海口市美兰区', 82, 12, 30, '劳动合同', '高中', '市场营销', '武汉大学', '2015-06-09', NULL, '00000012', 3, NULL, NULL, '2015-06-09', '2018-06-08', NULL);
INSERT INTO `employee` VALUES (2892, '赵琳浩2', '男', '1993-03-04', '610122199303041456', '未婚', 1, '陕西', 3, 'zhao@qq.com', '15698887795', '陕西省西安市莲湖区', 91, 12, 33, '劳动合同', '博士', '电子工程', '哈尔滨理工大学', '2018-01-01', NULL, '00000013', 3.5, NULL, NULL, '2018-01-01', '2021-07-14', NULL);
INSERT INTO `employee` VALUES (2893, '鹿存亮2', '男', '1990-01-03', '610122199001031456', '已婚', 1, '陕西', 3, 'zhao@qq.com', '15612347795', '陕西省西安市莲湖区', 92, 12, 34, '劳动合同', '高中', '电子工程', '哈尔滨理工大学', '2018-01-01', NULL, '00000014', 3.5, NULL, NULL, '2018-01-01', '2021-07-14', NULL);
INSERT INTO `employee` VALUES (2894, '姚森2', '男', '1991-02-05', '610122199102058952', '已婚', 1, '河南', 3, 'yaosen@qq.com', '14785559936', '河南洛阳人民大道58号', 92, 15, 34, '劳动合同', '初中', '室内装修设计', '西北大学', '2017-01-02', NULL, '00000015', 7, NULL, NULL, '2017-01-02', '2024-01-17', NULL);
INSERT INTO `employee` VALUES (2895, '云星2', '女', '1993-01-05', '610122199301054789', '已婚', 1, '陕西西安', 1, 'yunxing@qq.com', '15644442252', '陕西西安新城区', 92, 16, 34, '劳务合同', '硕士', '通信工程', '西安电子科技学校', '2018-01-01', NULL, '00000016', 5.25, NULL, NULL, '2018-01-01', '2023-04-13', NULL);
INSERT INTO `employee` VALUES (2896, '贾旭明2', '男', '1993-11-11', '610122199311111234', '已婚', 1, '广东广州', 4, 'jiaxuming@qq.com', '15644441234', '广东省广州市天河区冼村路', 78, 15, 33, '劳务合同', '初中', '通信工程', '西北大学', '2018-01-01', NULL, '00000017', 5.25, NULL, NULL, '2018-01-01', '2023-04-13', NULL);
INSERT INTO `employee` VALUES (2897, '王一亭', '男', '1991-02-01', '610144199102014569', '已婚', 1, '广东', 6, 'zhangliming@qq.com', '18979994478', '广东珠海', 91, 15, 33, '劳动合同', '高中', '考古', '清华大学', '2018-01-01', NULL, '00000018', 7, NULL, NULL, '2018-01-01', '2025-01-30', NULL);
INSERT INTO `employee` VALUES (2898, '薛磊2', '男', '1992-07-01', '610144199207017895', '已婚', 1, '陕西西安', 13, 'xuelei@qq.com', '15648887741', '西安市雁塔区', 92, 14, 34, '劳动合同', '初中', '无', '华胥中学', '2018-01-01', NULL, '00000019', 1, NULL, NULL, '2018-01-01', '2019-01-01', NULL);
INSERT INTO `employee` VALUES (2900, '陈静3', '女', '1989-02-01', '421288198902011234', '已婚', 1, '海南', 1, 'chenjing@qq.com', '18795556693', '海南省海口市美兰区', 82, 12, 30, '劳动合同', '高中', '市场营销', '武汉大学', '2015-06-09', NULL, '00000022', 3, NULL, NULL, '2015-06-09', '2018-06-08', NULL);
INSERT INTO `employee` VALUES (2901, '鹿存亮3', '男', '1990-01-03', '610122199001031456', '已婚', 1, '陕西', 3, 'zhao@qq.com', '15612347795', '陕西省西安市莲湖区', 92, 12, 34, '劳动合同', '高中', '电子工程', '哈尔滨理工大学', '2018-01-01', NULL, '00000024', 3.5, NULL, NULL, '2018-01-01', '2021-07-14', NULL);
INSERT INTO `employee` VALUES (2902, '姚森3', '男', '1991-02-05', '610122199102058952', '已婚', 1, '河南', 3, 'yaosen@qq.com', '14785559936', '河南洛阳人民大道58号', 92, 15, 34, '劳动合同', '初中', '室内装修设计', '西北大学', '2017-01-02', NULL, '00000025', 7, NULL, NULL, '2017-01-02', '2024-01-17', NULL);
INSERT INTO `employee` VALUES (2904, '贾旭明3', '男', '1993-11-11', '610122199311111234', '已婚', 1, '广东广州', 4, 'jiaxuming@qq.com', '15644441234', '广东省广州市天河区冼村路', 78, 15, 33, '劳务合同', '初中', '通信工程', '西北大学', '2018-01-01', NULL, '00000027', 5.25, NULL, NULL, '2018-01-01', '2023-04-13', NULL);
INSERT INTO `employee` VALUES (2905, '张黎明3', '男', '1991-02-01', '610144199102014569', '已婚', 1, '广东', 6, 'zhangliming@qq.com', '18979994478', '广东珠海', 91, 15, 33, '劳动合同', '高中', '考古', '清华大学', '2018-01-01', NULL, '00000028', 7, NULL, NULL, '2018-01-01', '2025-01-30', NULL);
INSERT INTO `employee` VALUES (2906, '薛磊3', '男', '1992-07-01', '610144199207017895', '已婚', 1, '陕西西安', 13, 'xuelei@qq.com', '15648887741', '西安市雁塔区', 92, 14, 34, '劳动合同', '初中', '无', '华胥中学', '2018-01-01', NULL, '00000029', 6, NULL, NULL, '2018-01-01', '2024-01-17', NULL);
INSERT INTO `employee` VALUES (2907, '陈静4', '女', '1989-02-01', '421288198902011234', '已婚', 1, '海南', 1, 'chenjing@qq.com', '18795556693', '海南省海口市美兰区', 82, 12, 30, '劳动合同', '高中', '市场营销', '武汉大学', '2015-06-09', NULL, '00000032', 3, NULL, NULL, '2015-06-09', '2018-06-08', NULL);
INSERT INTO `employee` VALUES (2908, '赵琳浩4', '男', '1993-03-04', '610122199303041456', '未婚', 1, '陕西', 3, 'zhao@qq.com', '15698887795', '陕西省西安市莲湖区', 91, 12, 33, '劳动合同', '博士', '电子工程', '哈尔滨理工大学', '2018-01-01', NULL, '00000033', 3.5, NULL, NULL, '2018-01-01', '2021-07-14', NULL);
INSERT INTO `employee` VALUES (2909, '鹿存亮4', '男', '1990-01-03', '610122199001031456', '已婚', 1, '陕西', 3, 'zhao@qq.com', '15612347795', '陕西省西安市莲湖区', 92, 12, 34, '劳动合同', '高中', '电子工程', '哈尔滨理工大学', '2018-01-01', NULL, '00000034', 3.5, NULL, NULL, '2018-01-01', '2021-07-14', NULL);
INSERT INTO `employee` VALUES (2910, '姚森4', '男', '1991-02-05', '610122199102058952', '已婚', 1, '河南', 3, 'yaosen@qq.com', '14785559936', '河南洛阳人民大道58号', 92, 15, 34, '劳动合同', '初中', '室内装修设计', '西北大学', '2017-01-02', NULL, '00000035', 7, NULL, NULL, '2017-01-02', '2024-01-17', NULL);
INSERT INTO `employee` VALUES (2911, '贾旭明4', '男', '1993-11-11', '610122199311111234', '已婚', 1, '广东广州', 4, 'jiaxuming@qq.com', '15644441234', '广东省广州市天河区冼村路', 78, 15, 33, '劳务合同', '初中', '通信工程', '西北大学', '2018-01-01', NULL, '00000037', 5.25, NULL, NULL, '2018-01-01', '2023-04-13', NULL);
INSERT INTO `employee` VALUES (2912, '谢工', '女', '1970-01-01', '618177197001011234', '离异', 1, '江苏', 1, '584991843@qq.com', '18558887788', '北京', 91, 12, 29, '劳动合同', '本科', '计算机软件', '南华大学', '2018-01-01', NULL, '00000038', 5, NULL, NULL, '2018-01-01', '2023-01-01', NULL);
INSERT INTO `employee` VALUES (2913, '林昭亮', '男', '1990-01-01', '610122199809091234', '已婚', 1, '广东', 13, '584991843@qq.com', '16767776654', '广东深圳', 91, 15, 33, '劳动合同', '大专', '计算机软件', '广东职业技术学院', '2018-01-01', NULL, '00000039', 5, NULL, NULL, '2018-01-01', '2023-01-01', NULL);

-- ----------------------------
-- Table structure for employeeec
-- ----------------------------
DROP TABLE IF EXISTS `employeeec`;
CREATE TABLE `employeeec`  (
  `id` int(11) NOT NULL AUTO_INCREMENT,
  `eid` int(11) NULL DEFAULT NULL COMMENT '员工编号',
  `ecDate` date NULL DEFAULT NULL COMMENT '奖罚日期',
  `ecReason` varchar(255) CHARACTER SET utf8 COLLATE utf8_general_ci NULL DEFAULT NULL COMMENT '奖罚原因',
  `ecPoint` int(11) NULL DEFAULT NULL COMMENT '奖罚分',
  `ecType` int(11) NULL DEFAULT NULL COMMENT '奖罚类别，0：奖，1：罚',
  `remark` varchar(255) CHARACTER SET utf8 COLLATE utf8_general_ci NULL DEFAULT NULL COMMENT '备注',
  PRIMARY KEY (`id`) USING BTREE,
  INDEX `pid`(`eid`) USING BTREE,
  CONSTRAINT `employeeec_ibfk_1` FOREIGN KEY (`eid`) REFERENCES `employee` (`id`) ON DELETE RESTRICT ON UPDATE RESTRICT
) ENGINE = InnoDB AUTO_INCREMENT = 11 CHARACTER SET = utf8 COLLATE = utf8_general_ci ROW_FORMAT = Dynamic;

-- ----------------------------
-- Records of employeeec
-- ----------------------------
INSERT INTO `employeeec` VALUES (1, 1, '2021-02-28', '能力突出', 10, NULL, '小功');
INSERT INTO `employeeec` VALUES (2, 4, '2021-02-28', '工作努力', 5, NULL, '嘉奖');
INSERT INTO `employeeec` VALUES (5, 1, '2021-04-15', '123123', 20, NULL, '大功');
INSERT INTO `employeeec` VALUES (6, 1, '2021-04-15', '12312', 10, NULL, '小功');
INSERT INTO `employeeec` VALUES (9, 1, '2021-04-15', 'asdfasd', 20, NULL, '大功');
INSERT INTO `employeeec` VALUES (10, 1, '2021-04-15', '555', 20, NULL, '大功');

-- ----------------------------
-- Table structure for employeeremove
-- ----------------------------
DROP TABLE IF EXISTS `employeeremove`;
CREATE TABLE `employeeremove`  (
  `id` int(11) NOT NULL AUTO_INCREMENT,
  `eid` int(11) NULL DEFAULT NULL,
  `afterDepId` int(11) NULL DEFAULT NULL COMMENT '调动后部门',
  `afterJobId` int(11) NULL DEFAULT NULL COMMENT '调动后职位',
  `removeDate` date NULL DEFAULT NULL COMMENT '调动日期',
  `reason` varchar(255) CHARACTER SET utf8 COLLATE utf8_general_ci NULL DEFAULT NULL COMMENT '调动原因',
  `remark` varchar(255) CHARACTER SET utf8 COLLATE utf8_general_ci NULL DEFAULT NULL,
  PRIMARY KEY (`id`) USING BTREE,
  INDEX `pid`(`eid`) USING BTREE,
  CONSTRAINT `employeeremove_ibfk_1` FOREIGN KEY (`eid`) REFERENCES `employee` (`id`) ON DELETE RESTRICT ON UPDATE RESTRICT
) ENGINE = InnoDB AUTO_INCREMENT = 2 CHARACTER SET = utf8 COLLATE = utf8_general_ci ROW_FORMAT = Dynamic;

-- ----------------------------
-- Records of employeeremove
-- ----------------------------
INSERT INTO `employeeremove` VALUES (1, 1, 91, 16, '2021-02-28', '个人兴趣爱好，以给公司效率和效益的提高', NULL);

-- ----------------------------
-- Table structure for employeetrain
-- ----------------------------
DROP TABLE IF EXISTS `employeetrain`;
CREATE TABLE `employeetrain`  (
  `id` int(11) NOT NULL AUTO_INCREMENT,
  `eid` int(11) NULL DEFAULT NULL COMMENT '员工编号',
  `trainDate` date NULL DEFAULT NULL COMMENT '培训日期',
  `trainContent` varchar(255) CHARACTER SET utf8 COLLATE utf8_general_ci NULL DEFAULT NULL COMMENT '培训内容',
  `remark` varchar(255) CHARACTER SET utf8 COLLATE utf8_general_ci NULL DEFAULT NULL COMMENT '备注',
  PRIMARY KEY (`id`) USING BTREE,
  INDEX `pid`(`eid`) USING BTREE,
  CONSTRAINT `employeetrain_ibfk_1` FOREIGN KEY (`eid`) REFERENCES `employee` (`id`) ON DELETE RESTRICT ON UPDATE RESTRICT
) ENGINE = InnoDB AUTO_INCREMENT = 5 CHARACTER SET = utf8 COLLATE = utf8_general_ci ROW_FORMAT = Dynamic;

-- ----------------------------
-- Records of employeetrain
-- ----------------------------
INSERT INTO `employeetrain` VALUES (1, 1, '2021-02-28', '入职培训', '主要让员工了解公司历史、规章制度、组织架构等，目的是让员工更好地融入公司');
INSERT INTO `employeetrain` VALUES (2, 2, '2021-02-28', '岗位培训', '主要是让员工熟悉所在岗位的具体工作内容，需具备的技能');
INSERT INTO `employeetrain` VALUES (3, 3, '2021-02-26', '技能培训', '主要以提高员工工作技能，提高工作效率为目的');
INSERT INTO `employeetrain` VALUES (4, 4, '2021-02-28', '管理培训', '主要是面向企业准管理人才，管理层，高层的培训');

-- ----------------------------
-- Table structure for empsalary
-- ----------------------------
DROP TABLE IF EXISTS `empsalary`;
CREATE TABLE `empsalary`  (
  `id` int(11) NOT NULL AUTO_INCREMENT,
  `eid` int(11) NULL DEFAULT NULL,
  `sid` int(11) NULL DEFAULT NULL,
  PRIMARY KEY (`id`) USING BTREE,
  UNIQUE INDEX `eid`(`eid`) USING BTREE,
  INDEX `empsalary_ibfk_2`(`sid`) USING BTREE,
  CONSTRAINT `empsalary_ibfk_1` FOREIGN KEY (`eid`) REFERENCES `employee` (`id`) ON DELETE RESTRICT ON UPDATE RESTRICT,
  CONSTRAINT `empsalary_ibfk_2` FOREIGN KEY (`sid`) REFERENCES `salary` (`id`) ON DELETE RESTRICT ON UPDATE RESTRICT
) ENGINE = InnoDB AUTO_INCREMENT = 42 CHARACTER SET = utf8 COLLATE = utf8_general_ci ROW_FORMAT = Dynamic;

-- ----------------------------
-- Records of empsalary
-- ----------------------------
INSERT INTO `empsalary` VALUES (6, 4, 10);
INSERT INTO `empsalary` VALUES (10, 5, 10);
INSERT INTO `empsalary` VALUES (11, 6, 13);
INSERT INTO `empsalary` VALUES (12, 7, 13);
INSERT INTO `empsalary` VALUES (14, 8, 10);
INSERT INTO `empsalary` VALUES (15, 9, 10);
INSERT INTO `empsalary` VALUES (20, 10, 13);
INSERT INTO `empsalary` VALUES (22, 3, 13);
INSERT INTO `empsalary` VALUES (24, 2, 13);
INSERT INTO `empsalary` VALUES (26, 33, 10);
INSERT INTO `empsalary` VALUES (28, 34, 13);
INSERT INTO `empsalary` VALUES (29, 44, 10);
INSERT INTO `empsalary` VALUES (30, 45, 10);
INSERT INTO `empsalary` VALUES (31, 43, 10);
INSERT INTO `empsalary` VALUES (32, 47, 10);
INSERT INTO `empsalary` VALUES (33, 52, 13);
INSERT INTO `empsalary` VALUES (34, 53, 10);
INSERT INTO `empsalary` VALUES (35, 54, 10);
INSERT INTO `empsalary` VALUES (36, 56, 10);
INSERT INTO `empsalary` VALUES (39, 1, 9);
INSERT INTO `empsalary` VALUES (41, 50, 10);

-- ----------------------------
-- Table structure for flyway_schema_history
-- ----------------------------
DROP TABLE IF EXISTS `flyway_schema_history`;
CREATE TABLE `flyway_schema_history`  (
  `installed_rank` int(11) NOT NULL,
  `version` varchar(50) CHARACTER SET utf8 COLLATE utf8_general_ci NULL DEFAULT NULL,
  `description` varchar(200) CHARACTER SET utf8 COLLATE utf8_general_ci NOT NULL,
  `type` varchar(20) CHARACTER SET utf8 COLLATE utf8_general_ci NOT NULL,
  `script` varchar(1000) CHARACTER SET utf8 COLLATE utf8_general_ci NOT NULL,
  `checksum` int(11) NULL DEFAULT NULL,
  `installed_by` varchar(100) CHARACTER SET utf8 COLLATE utf8_general_ci NOT NULL,
  `installed_on` timestamp(0) NOT NULL DEFAULT CURRENT_TIMESTAMP(0),
  `execution_time` int(11) NOT NULL,
  `success` tinyint(1) NOT NULL,
  PRIMARY KEY (`installed_rank`) USING BTREE,
  INDEX `flyway_schema_history_s_idx`(`success`) USING BTREE
) ENGINE = InnoDB CHARACTER SET = utf8 COLLATE = utf8_general_ci ROW_FORMAT = Dynamic;

-- ----------------------------
-- Records of flyway_schema_history
-- ----------------------------
INSERT INTO `flyway_schema_history` VALUES (1, '1', 'hr', 'SQL', 'V1__vhr.sql', -1039138481, 'root', '2021-01-20 21:42:49', 841, 1);

-- ----------------------------
-- Table structure for hr
-- ----------------------------
DROP TABLE IF EXISTS `hr`;
CREATE TABLE `hr`  (
  `id` int(11) NOT NULL AUTO_INCREMENT COMMENT 'hrID',
  `name` varchar(32) CHARACTER SET utf8 COLLATE utf8_general_ci NULL DEFAULT NULL COMMENT '姓名',
  `phone` char(11) CHARACTER SET utf8 COLLATE utf8_general_ci NULL DEFAULT NULL COMMENT '手机号码',
  `telephone` varchar(16) CHARACTER SET utf8 COLLATE utf8_general_ci NULL DEFAULT NULL COMMENT '住宅电话',
  `address` varchar(64) CHARACTER SET utf8 COLLATE utf8_general_ci NULL DEFAULT NULL COMMENT '联系地址',
  `enabled` tinyint(1) NULL DEFAULT 1,
  `username` varchar(255) CHARACTER SET utf8 COLLATE utf8_general_ci NULL DEFAULT NULL COMMENT '用户名',
  `password` varchar(255) CHARACTER SET utf8 COLLATE utf8_general_ci NULL DEFAULT NULL COMMENT '密码',
  `userface` varchar(255) CHARACTER SET utf8 COLLATE utf8_general_ci NULL DEFAULT NULL,
  `remark` varchar(255) CHARACTER SET utf8 COLLATE utf8_general_ci NULL DEFAULT NULL,
  PRIMARY KEY (`id`) USING BTREE
) ENGINE = InnoDB AUTO_INCREMENT = 13 CHARACTER SET = utf8 COLLATE = utf8_general_ci ROW_FORMAT = Dynamic;

-- ----------------------------
-- Records of hr
-- ----------------------------
INSERT INTO `hr` VALUES (3, '系统管理员', '18568887789', '029-82881234', '中国四川', 1, 'admin', '$2a$10$ySG2lkvjFHY5O0./CPIE1OI8VJsuKYEzOYzqIa7AJR6sEgSzUFOAm', 'https://ss1.bdstatic.com/70cFuXSh_Q1YnxGkpoWK1HF6hhy/it/u=2624686808,3209745313&fm=26&gp=0.jpg', '不错哎');
INSERT INTO `hr` VALUES (5, '折木', '18568123489', '029-82123434', '日本东京', 1, 'zhemu', '$2a$10$oE39aG10kB/rFu2vQeCJTu/V/v4n6DRR0f8WyXRiAYvBpmadoOBE.', 'https://ss1.bdstatic.com/70cFvXSh_Q1YnxGkpoWK1HF6hhy/it/u=3908594471,3370290702&fm=26&gp=0.jpg', 'hahah');
INSERT INTO `hr` VALUES (10, '千反田', '18568123666', '029-82111555', '日本东京', 1, 'qianfantian', '$2a$10$oE39aG10kB/rFu2vQeCJTu/V/v4n6DRR0f8WyXRiAYvBpmadoOBE.', 'https://ss2.bdstatic.com/70cFvnSh_Q1YnxGkpoWK1HF6hhy/it/u=3670409843,2254684765&fm=26&gp=0.jpg', NULL);
INSERT INTO `hr` VALUES (11, '五条悟', '18568123377', '029-82111333', '日本大阪', 1, 'wutiaowu', '$2a$10$oE39aG10kB/rFu2vQeCJTu/V/v4n6DRR0f8WyXRiAYvBpmadoOBE.', 'https://ss1.bdstatic.com/70cFvXSh_Q1YnxGkpoWK1HF6hhy/it/u=3880555275,2871028730&fm=11&gp=0.jpg', NULL);
INSERT INTO `hr` VALUES (12, '鸣人', '18568128888', '029-82111222', '广州越秀', 1, 'mingren', '$2a$10$oE39aG10kB/rFu2vQeCJTu/V/v4n6DRR0f8WyXRiAYvBpmadoOBE.', 'http://n.sinaimg.cn/sinakd10118/281/w990h891/20200417/aad5-iskepxt0955790.jpg', NULL);

-- ----------------------------
-- Table structure for hr_role
-- ----------------------------
DROP TABLE IF EXISTS `hr_role`;
CREATE TABLE `hr_role`  (
  `id` int(11) NOT NULL AUTO_INCREMENT,
  `hrid` int(11) NULL DEFAULT NULL,
  `rid` int(11) NULL DEFAULT NULL,
  PRIMARY KEY (`id`) USING BTREE,
  INDEX `rid`(`rid`) USING BTREE,
  INDEX `hr_role_ibfk_1`(`hrid`) USING BTREE,
  CONSTRAINT `hr_role_ibfk_1` FOREIGN KEY (`hrid`) REFERENCES `hr` (`id`) ON DELETE CASCADE ON UPDATE RESTRICT,
  CONSTRAINT `hr_role_ibfk_2` FOREIGN KEY (`rid`) REFERENCES `role` (`id`) ON DELETE RESTRICT ON UPDATE RESTRICT
) ENGINE = InnoDB AUTO_INCREMENT = 96 CHARACTER SET = utf8 COLLATE = utf8_general_ci ROW_FORMAT = Dynamic;

-- ----------------------------
-- Records of hr_role
-- ----------------------------
INSERT INTO `hr_role` VALUES (43, 11, 3);
INSERT INTO `hr_role` VALUES (44, 11, 2);
INSERT INTO `hr_role` VALUES (45, 11, 4);
INSERT INTO `hr_role` VALUES (46, 11, 5);
INSERT INTO `hr_role` VALUES (48, 10, 3);
INSERT INTO `hr_role` VALUES (49, 10, 4);
INSERT INTO `hr_role` VALUES (78, 3, 6);
INSERT INTO `hr_role` VALUES (79, 3, 5);
INSERT INTO `hr_role` VALUES (82, 5, 1);
INSERT INTO `hr_role` VALUES (83, 5, 5);
INSERT INTO `hr_role` VALUES (94, 12, 3);
INSERT INTO `hr_role` VALUES (95, 12, 1);

-- ----------------------------
-- Table structure for joblevel
-- ----------------------------
DROP TABLE IF EXISTS `joblevel`;
CREATE TABLE `joblevel`  (
  `id` int(11) NOT NULL AUTO_INCREMENT,
  `name` varchar(32) CHARACTER SET utf8 COLLATE utf8_general_ci NULL DEFAULT NULL COMMENT '职称名称',
  `titleLevel` enum('正高级','副高级','中级','初级','员级') CHARACTER SET utf8 COLLATE utf8_general_ci NULL DEFAULT NULL,
  `createDate` timestamp(0) NULL DEFAULT CURRENT_TIMESTAMP(0),
  `enabled` tinyint(1) NULL DEFAULT 1,
  PRIMARY KEY (`id`) USING BTREE
) ENGINE = InnoDB AUTO_INCREMENT = 17 CHARACTER SET = utf8 COLLATE = utf8_general_ci ROW_FORMAT = Dynamic;

-- ----------------------------
-- Records of joblevel
-- ----------------------------
INSERT INTO `joblevel` VALUES (9, '教授', '正高级', '2018-01-11 00:00:00', 1);
INSERT INTO `joblevel` VALUES (10, '副教授', '副高级', '2018-01-11 21:19:20', 1);
INSERT INTO `joblevel` VALUES (12, '助教', '初级', '2018-01-11 21:35:39', 1);
INSERT INTO `joblevel` VALUES (13, '讲师', '中级', '2018-01-11 00:00:00', 0);
INSERT INTO `joblevel` VALUES (14, '初级工程师', '初级', '2018-01-14 00:00:00', 1);
INSERT INTO `joblevel` VALUES (15, '中级工程师', '中级', '2021-02-12 22:56:03', 1);
INSERT INTO `joblevel` VALUES (16, '高级工程师', '副高级', '2018-01-14 16:19:14', 1);

-- ----------------------------
-- Table structure for mail_send_log
-- ----------------------------
DROP TABLE IF EXISTS `mail_send_log`;
CREATE TABLE `mail_send_log`  (
  `msgId` varchar(255) CHARACTER SET utf8mb4 COLLATE utf8mb4_general_ci NULL DEFAULT NULL,
  `empId` int(11) NULL DEFAULT NULL,
  `status` int(11) NULL DEFAULT 0 COMMENT '0发送中，1发送成功，2发送失败',
  `routeKey` varchar(255) CHARACTER SET utf8mb4 COLLATE utf8mb4_general_ci NULL DEFAULT NULL,
  `exchange` varchar(255) CHARACTER SET utf8mb4 COLLATE utf8mb4_general_ci NULL DEFAULT NULL,
  `count` int(11) NULL DEFAULT 0 COMMENT '重试次数',
  `tryTime` datetime(0) NULL DEFAULT NULL COMMENT '第一次重试时间',
  `createTime` datetime(0) NULL DEFAULT NULL,
  `updateTime` datetime(0) NULL DEFAULT NULL
) ENGINE = InnoDB CHARACTER SET = utf8mb4 COLLATE = utf8mb4_general_ci ROW_FORMAT = Dynamic;

-- ----------------------------
-- Records of mail_send_log
-- ----------------------------

-- ----------------------------
-- Table structure for menu
-- ----------------------------
DROP TABLE IF EXISTS `menu`;
CREATE TABLE `menu`  (
  `id` int(11) NOT NULL AUTO_INCREMENT,
  `url` varchar(64) CHARACTER SET utf8 COLLATE utf8_general_ci NULL DEFAULT NULL,
  `path` varchar(64) CHARACTER SET utf8 COLLATE utf8_general_ci NULL DEFAULT NULL,
  `component` varchar(64) CHARACTER SET utf8 COLLATE utf8_general_ci NULL DEFAULT NULL,
  `name` varchar(64) CHARACTER SET utf8 COLLATE utf8_general_ci NULL DEFAULT NULL,
  `iconCls` varchar(64) CHARACTER SET utf8 COLLATE utf8_general_ci NULL DEFAULT NULL,
  `keepAlive` tinyint(1) NULL DEFAULT NULL,
  `requireAuth` tinyint(1) NULL DEFAULT NULL,
  `parentId` int(11) NULL DEFAULT NULL,
  `enabled` tinyint(1) NULL DEFAULT 1,
  PRIMARY KEY (`id`) USING BTREE,
  INDEX `parentId`(`parentId`) USING BTREE,
  CONSTRAINT `menu_ibfk_1` FOREIGN KEY (`parentId`) REFERENCES `menu` (`id`) ON DELETE RESTRICT ON UPDATE RESTRICT
) ENGINE = InnoDB AUTO_INCREMENT = 29 CHARACTER SET = utf8 COLLATE = utf8_general_ci ROW_FORMAT = Dynamic;

-- ----------------------------
-- Records of menu
-- ----------------------------
INSERT INTO `menu` VALUES (1, '/', '/', NULL, '所有', NULL, NULL, NULL, NULL, 1);
INSERT INTO `menu` VALUES (2, '/', '/home', 'Home', '员工资料', 'fa fa-user-circle-o', NULL, 1, 1, 1);
INSERT INTO `menu` VALUES (3, '/', '/home', 'Home', '人事管理', 'fa fa-address-card-o', NULL, 1, 1, 1);
INSERT INTO `menu` VALUES (4, '/', '/home', 'Home', '薪资管理', 'fa fa-money', NULL, 1, 1, 1);
INSERT INTO `menu` VALUES (5, '/', '/home', 'Home', '统计管理', 'fa fa-bar-chart', NULL, 1, 1, 1);
INSERT INTO `menu` VALUES (6, '/', '/home', 'Home', '系统管理', 'fa fa-windows', NULL, 1, 1, 1);
INSERT INTO `menu` VALUES (7, '/employee/basic/**', '/emp/basic', 'EmpBasic', '基本资料', NULL, NULL, 1, 2, 1);
INSERT INTO `menu` VALUES (8, '/employee/advanced/**', '/emp/adv', 'EmpAdv', '高级资料', NULL, NULL, 1, 2, 1);
INSERT INTO `menu` VALUES (9, '/personnel/emp/**', '/per/emp', 'PerEmp', '员工资料', NULL, NULL, 1, 3, 1);
INSERT INTO `menu` VALUES (10, '/personnel/ec/**', '/per/ec', 'PerEc', '员工奖惩', NULL, NULL, 1, 3, 1);
INSERT INTO `menu` VALUES (11, '/personnel/train/**', '/per/train', 'PerTrain', '员工培训', NULL, NULL, 1, 3, 1);
INSERT INTO `menu` VALUES (12, '/personnel/salary/**', '/per/salary', 'PerSalary', '员工调薪', NULL, NULL, 1, 3, 1);
INSERT INTO `menu` VALUES (13, '/personnel/remove/**', '/per/mv', 'PerMv', '员工调动', NULL, NULL, 1, 3, 1);
INSERT INTO `menu` VALUES (14, '/salary/sob/**', '/sal/sob', 'SalSob', '工资账套管理', NULL, NULL, 1, 4, 1);
INSERT INTO `menu` VALUES (15, '/salary/sobcfg/**', '/sal/sobcfg', 'SalSobCfg', '员工账套设置', NULL, NULL, 1, 4, 1);
INSERT INTO `menu` VALUES (16, '/salary/table/**', '/sal/table', 'SalTable', '工资表管理', NULL, NULL, 1, 4, 1);
INSERT INTO `menu` VALUES (17, '/salary/month/**', '/sal/month', 'SalMonth', '月末处理', NULL, NULL, 1, 4, 1);
INSERT INTO `menu` VALUES (18, '/salary/search/**', '/sal/search', 'SalSearch', '工资表查询', NULL, NULL, 1, 4, 1);
INSERT INTO `menu` VALUES (19, '/statistics/all/**', '/sta/all', 'StaAll', '综合信息统计', NULL, NULL, 1, 5, 1);
INSERT INTO `menu` VALUES (20, '/statistics/score/**', '/sta/score', 'StaScore', '员工积分统计', NULL, NULL, 1, 5, 1);
INSERT INTO `menu` VALUES (21, '/statistics/personnel/**', '/sta/pers', 'StaPers', '人事信息统计', NULL, NULL, 1, 5, 1);
INSERT INTO `menu` VALUES (22, '/statistics/recored/**', '/sta/record', 'StaRecord', '人事记录统计', NULL, NULL, 1, 5, 1);
INSERT INTO `menu` VALUES (23, '/system/basic/**', '/sys/basic', 'SysBasic', '基础信息设置', NULL, NULL, 1, 6, 1);
INSERT INTO `menu` VALUES (24, '/system/cfg/**', '/sys/cfg', 'SysCfg', '系统管理', NULL, NULL, 1, 6, 1);
INSERT INTO `menu` VALUES (25, '/system/log/**', '/sys/log', 'SysLog', '操作日志管理', NULL, NULL, 1, 6, 1);
INSERT INTO `menu` VALUES (26, '/system/hr/**', '/sys/hr', 'SysHr', '操作员管理', NULL, NULL, 1, 6, 1);
INSERT INTO `menu` VALUES (27, '/system/data/**', '/sys/data', 'SysData', '备份恢复数据库', NULL, NULL, 1, 6, 1);
INSERT INTO `menu` VALUES (28, '/system/init/**', '/sys/init', 'SysInit', '初始化数据库', NULL, NULL, 1, 6, 1);

-- ----------------------------
-- Table structure for menu_role
-- ----------------------------
DROP TABLE IF EXISTS `menu_role`;
CREATE TABLE `menu_role`  (
  `id` int(11) NOT NULL AUTO_INCREMENT,
  `mid` int(11) NULL DEFAULT NULL,
  `rid` int(11) NULL DEFAULT NULL,
  PRIMARY KEY (`id`) USING BTREE,
  INDEX `mid`(`mid`) USING BTREE,
  INDEX `rid`(`rid`) USING BTREE,
  CONSTRAINT `menu_role_ibfk_1` FOREIGN KEY (`mid`) REFERENCES `menu` (`id`) ON DELETE RESTRICT ON UPDATE RESTRICT,
  CONSTRAINT `menu_role_ibfk_2` FOREIGN KEY (`rid`) REFERENCES `role` (`id`) ON DELETE RESTRICT ON UPDATE RESTRICT
) ENGINE = InnoDB AUTO_INCREMENT = 709 CHARACTER SET = utf8 COLLATE = utf8_general_ci ROW_FORMAT = Dynamic;

-- ----------------------------
-- Records of menu_role
-- ----------------------------
INSERT INTO `menu_role` VALUES (250, 7, 2);
INSERT INTO `menu_role` VALUES (251, 8, 2);
INSERT INTO `menu_role` VALUES (252, 9, 2);
INSERT INTO `menu_role` VALUES (253, 10, 2);
INSERT INTO `menu_role` VALUES (254, 12, 2);
INSERT INTO `menu_role` VALUES (255, 13, 2);
INSERT INTO `menu_role` VALUES (280, 7, 14);
INSERT INTO `menu_role` VALUES (281, 8, 14);
INSERT INTO `menu_role` VALUES (282, 9, 14);
INSERT INTO `menu_role` VALUES (414, 2, 4);
INSERT INTO `menu_role` VALUES (415, 7, 4);
INSERT INTO `menu_role` VALUES (416, 8, 4);
INSERT INTO `menu_role` VALUES (417, 11, 4);
INSERT INTO `menu_role` VALUES (418, 4, 4);
INSERT INTO `menu_role` VALUES (419, 14, 4);
INSERT INTO `menu_role` VALUES (420, 15, 4);
INSERT INTO `menu_role` VALUES (421, 16, 4);
INSERT INTO `menu_role` VALUES (422, 17, 4);
INSERT INTO `menu_role` VALUES (423, 18, 4);
INSERT INTO `menu_role` VALUES (424, 5, 4);
INSERT INTO `menu_role` VALUES (425, 19, 4);
INSERT INTO `menu_role` VALUES (426, 20, 4);
INSERT INTO `menu_role` VALUES (427, 21, 4);
INSERT INTO `menu_role` VALUES (428, 22, 4);
INSERT INTO `menu_role` VALUES (429, 6, 4);
INSERT INTO `menu_role` VALUES (430, 23, 4);
INSERT INTO `menu_role` VALUES (431, 24, 4);
INSERT INTO `menu_role` VALUES (432, 25, 4);
INSERT INTO `menu_role` VALUES (433, 26, 4);
INSERT INTO `menu_role` VALUES (434, 27, 4);
INSERT INTO `menu_role` VALUES (435, 28, 4);
INSERT INTO `menu_role` VALUES (601, 2, 6);
INSERT INTO `menu_role` VALUES (602, 7, 6);
INSERT INTO `menu_role` VALUES (603, 8, 6);
INSERT INTO `menu_role` VALUES (604, 3, 6);
INSERT INTO `menu_role` VALUES (605, 9, 6);
INSERT INTO `menu_role` VALUES (606, 10, 6);
INSERT INTO `menu_role` VALUES (607, 11, 6);
INSERT INTO `menu_role` VALUES (608, 12, 6);
INSERT INTO `menu_role` VALUES (609, 13, 6);
INSERT INTO `menu_role` VALUES (610, 4, 6);
INSERT INTO `menu_role` VALUES (611, 14, 6);
INSERT INTO `menu_role` VALUES (612, 15, 6);
INSERT INTO `menu_role` VALUES (613, 16, 6);
INSERT INTO `menu_role` VALUES (614, 17, 6);
INSERT INTO `menu_role` VALUES (615, 18, 6);
INSERT INTO `menu_role` VALUES (616, 5, 6);
INSERT INTO `menu_role` VALUES (617, 19, 6);
INSERT INTO `menu_role` VALUES (618, 20, 6);
INSERT INTO `menu_role` VALUES (619, 21, 6);
INSERT INTO `menu_role` VALUES (620, 22, 6);
INSERT INTO `menu_role` VALUES (621, 6, 6);
INSERT INTO `menu_role` VALUES (622, 23, 6);
INSERT INTO `menu_role` VALUES (623, 24, 6);
INSERT INTO `menu_role` VALUES (624, 25, 6);
INSERT INTO `menu_role` VALUES (625, 26, 6);
INSERT INTO `menu_role` VALUES (626, 27, 6);
INSERT INTO `menu_role` VALUES (627, 28, 6);
INSERT INTO `menu_role` VALUES (631, 7, 5);
INSERT INTO `menu_role` VALUES (632, 8, 5);
INSERT INTO `menu_role` VALUES (633, 3, 5);
INSERT INTO `menu_role` VALUES (634, 9, 5);
INSERT INTO `menu_role` VALUES (635, 10, 5);
INSERT INTO `menu_role` VALUES (636, 11, 5);
INSERT INTO `menu_role` VALUES (637, 12, 5);
INSERT INTO `menu_role` VALUES (638, 13, 5);
INSERT INTO `menu_role` VALUES (644, 7, 3);
INSERT INTO `menu_role` VALUES (645, 8, 3);
INSERT INTO `menu_role` VALUES (646, 9, 3);
INSERT INTO `menu_role` VALUES (647, 27, 3);
INSERT INTO `menu_role` VALUES (648, 28, 3);
INSERT INTO `menu_role` VALUES (700, 7, 1);
INSERT INTO `menu_role` VALUES (701, 8, 1);
INSERT INTO `menu_role` VALUES (702, 3, 1);
INSERT INTO `menu_role` VALUES (703, 9, 1);
INSERT INTO `menu_role` VALUES (704, 10, 1);
INSERT INTO `menu_role` VALUES (705, 11, 1);
INSERT INTO `menu_role` VALUES (706, 12, 1);
INSERT INTO `menu_role` VALUES (707, 13, 1);
INSERT INTO `menu_role` VALUES (708, 23, 1);

-- ----------------------------
-- Table structure for msgcontent
-- ----------------------------
DROP TABLE IF EXISTS `msgcontent`;
CREATE TABLE `msgcontent`  (
  `id` int(11) NOT NULL AUTO_INCREMENT,
  `title` varchar(64) CHARACTER SET utf8 COLLATE utf8_general_ci NULL DEFAULT NULL,
  `message` varchar(255) CHARACTER SET utf8 COLLATE utf8_general_ci NULL DEFAULT NULL,
  `createDate` timestamp(0) NOT NULL DEFAULT CURRENT_TIMESTAMP(0),
  PRIMARY KEY (`id`) USING BTREE
) ENGINE = InnoDB AUTO_INCREMENT = 19 CHARACTER SET = utf8 COLLATE = utf8_general_ci ROW_FORMAT = Dynamic;

-- ----------------------------
-- Records of msgcontent
-- ----------------------------
INSERT INTO `msgcontent` VALUES (14, '2222222222', '11111111111111111', '2018-02-02 20:46:19');
INSERT INTO `msgcontent` VALUES (15, '22222222', '3333333333333333333333', '2018-02-02 21:45:57');
INSERT INTO `msgcontent` VALUES (16, '通知标题1', '通知内容1', '2018-02-03 11:41:39');
INSERT INTO `msgcontent` VALUES (17, '通知标题2', '通知内容2', '2018-02-03 11:52:37');
INSERT INTO `msgcontent` VALUES (18, '通知标题3', '通知内容3', '2018-02-03 12:19:41');

-- ----------------------------
-- Table structure for nation
-- ----------------------------
DROP TABLE IF EXISTS `nation`;
CREATE TABLE `nation`  (
  `id` int(11) NOT NULL AUTO_INCREMENT,
  `name` varchar(32) CHARACTER SET utf8 COLLATE utf8_general_ci NULL DEFAULT NULL,
  PRIMARY KEY (`id`) USING BTREE
) ENGINE = InnoDB AUTO_INCREMENT = 57 CHARACTER SET = utf8 COLLATE = utf8_general_ci ROW_FORMAT = Dynamic;

-- ----------------------------
-- Records of nation
-- ----------------------------
INSERT INTO `nation` VALUES (1, '汉族');
INSERT INTO `nation` VALUES (2, '蒙古族');
INSERT INTO `nation` VALUES (3, '回族');
INSERT INTO `nation` VALUES (4, '藏族');
INSERT INTO `nation` VALUES (5, '维吾尔族');
INSERT INTO `nation` VALUES (6, '苗族');
INSERT INTO `nation` VALUES (7, '彝族');
INSERT INTO `nation` VALUES (8, '壮族');
INSERT INTO `nation` VALUES (9, '布依族');
INSERT INTO `nation` VALUES (10, '朝鲜族');
INSERT INTO `nation` VALUES (11, '满族');
INSERT INTO `nation` VALUES (12, '侗族');
INSERT INTO `nation` VALUES (13, '瑶族');
INSERT INTO `nation` VALUES (14, '白族');
INSERT INTO `nation` VALUES (15, '土家族');
INSERT INTO `nation` VALUES (16, '哈尼族');
INSERT INTO `nation` VALUES (17, '哈萨克族');
INSERT INTO `nation` VALUES (18, '傣族');
INSERT INTO `nation` VALUES (19, '黎族');
INSERT INTO `nation` VALUES (20, '傈僳族');
INSERT INTO `nation` VALUES (21, '佤族');
INSERT INTO `nation` VALUES (22, '畲族');
INSERT INTO `nation` VALUES (23, '高山族');
INSERT INTO `nation` VALUES (24, '拉祜族');
INSERT INTO `nation` VALUES (25, '水族');
INSERT INTO `nation` VALUES (26, '东乡族');
INSERT INTO `nation` VALUES (27, '纳西族');
INSERT INTO `nation` VALUES (28, '景颇族');
INSERT INTO `nation` VALUES (29, '柯尔克孜族');
INSERT INTO `nation` VALUES (30, '土族');
INSERT INTO `nation` VALUES (31, '达斡尔族');
INSERT INTO `nation` VALUES (32, '仫佬族');
INSERT INTO `nation` VALUES (33, '羌族');
INSERT INTO `nation` VALUES (34, '布朗族');
INSERT INTO `nation` VALUES (35, '撒拉族');
INSERT INTO `nation` VALUES (36, '毛难族');
INSERT INTO `nation` VALUES (37, '仡佬族');
INSERT INTO `nation` VALUES (38, '锡伯族');
INSERT INTO `nation` VALUES (39, '阿昌族');
INSERT INTO `nation` VALUES (40, '普米族');
INSERT INTO `nation` VALUES (41, '塔吉克族');
INSERT INTO `nation` VALUES (42, '怒族');
INSERT INTO `nation` VALUES (43, '乌孜别克族');
INSERT INTO `nation` VALUES (44, '俄罗斯族');
INSERT INTO `nation` VALUES (45, '鄂温克族');
INSERT INTO `nation` VALUES (46, '崩龙族');
INSERT INTO `nation` VALUES (47, '保安族');
INSERT INTO `nation` VALUES (48, '裕固族');
INSERT INTO `nation` VALUES (49, '京族');
INSERT INTO `nation` VALUES (50, '塔塔尔族');
INSERT INTO `nation` VALUES (51, '独龙族');
INSERT INTO `nation` VALUES (52, '鄂伦春族');
INSERT INTO `nation` VALUES (53, '赫哲族');
INSERT INTO `nation` VALUES (54, '门巴族');
INSERT INTO `nation` VALUES (55, '珞巴族');
INSERT INTO `nation` VALUES (56, '基诺族');

-- ----------------------------
-- Table structure for oplog
-- ----------------------------
DROP TABLE IF EXISTS `oplog`;
CREATE TABLE `oplog`  (
  `id` int(11) NOT NULL AUTO_INCREMENT,
  `addDate` date NULL DEFAULT NULL COMMENT '添加日期',
  `event` varchar(255) CHARACTER SET utf8 COLLATE utf8_general_ci NULL DEFAULT NULL,
  `hrid` int(11) NULL DEFAULT NULL COMMENT '操作员ID',
  PRIMARY KEY (`id`) USING BTREE,
  INDEX `hrid`(`hrid`) USING BTREE,
  CONSTRAINT `oplog_ibfk_1` FOREIGN KEY (`hrid`) REFERENCES `hr` (`id`) ON DELETE RESTRICT ON UPDATE RESTRICT
) ENGINE = InnoDB AUTO_INCREMENT = 2 CHARACTER SET = utf8 COLLATE = utf8_general_ci ROW_FORMAT = Dynamic;

-- ----------------------------
-- Records of oplog
-- ----------------------------
INSERT INTO `oplog` VALUES (1, '2021-02-28', '添加新员工', 3);

-- ----------------------------
-- Table structure for politicsstatus
-- ----------------------------
DROP TABLE IF EXISTS `politicsstatus`;
CREATE TABLE `politicsstatus`  (
  `id` int(11) NOT NULL AUTO_INCREMENT,
  `name` varchar(32) CHARACTER SET utf8 COLLATE utf8_general_ci NULL DEFAULT NULL,
  PRIMARY KEY (`id`) USING BTREE
) ENGINE = InnoDB AUTO_INCREMENT = 14 CHARACTER SET = utf8 COLLATE = utf8_general_ci ROW_FORMAT = Dynamic;

-- ----------------------------
-- Records of politicsstatus
-- ----------------------------
INSERT INTO `politicsstatus` VALUES (1, '中共党员');
INSERT INTO `politicsstatus` VALUES (2, '中共预备党员');
INSERT INTO `politicsstatus` VALUES (3, '共青团员');
INSERT INTO `politicsstatus` VALUES (4, '民革党员');
INSERT INTO `politicsstatus` VALUES (5, '民盟盟员');
INSERT INTO `politicsstatus` VALUES (6, '民建会员');
INSERT INTO `politicsstatus` VALUES (7, '民进会员');
INSERT INTO `politicsstatus` VALUES (8, '农工党党员');
INSERT INTO `politicsstatus` VALUES (9, '致公党党员');
INSERT INTO `politicsstatus` VALUES (10, '九三学社社员');
INSERT INTO `politicsstatus` VALUES (11, '台盟盟员');
INSERT INTO `politicsstatus` VALUES (12, '无党派民主人士');
INSERT INTO `politicsstatus` VALUES (13, '普通良民');

-- ----------------------------
-- Table structure for position
-- ----------------------------
DROP TABLE IF EXISTS `position`;
CREATE TABLE `position`  (
  `id` int(11) NOT NULL AUTO_INCREMENT,
  `name` varchar(32) CHARACTER SET utf8 COLLATE utf8_general_ci NULL DEFAULT NULL COMMENT '职位',
  `createDate` timestamp(0) NULL DEFAULT CURRENT_TIMESTAMP(0),
  `enabled` tinyint(1) NULL DEFAULT 1,
  PRIMARY KEY (`id`) USING BTREE,
  UNIQUE INDEX `name`(`name`) USING BTREE
) ENGINE = InnoDB AUTO_INCREMENT = 56 CHARACTER SET = utf8 COLLATE = utf8_general_ci ROW_FORMAT = Dynamic;

-- ----------------------------
-- Records of position
-- ----------------------------
INSERT INTO `position` VALUES (29, '技术总监', '2018-01-11 21:13:42', 1);
INSERT INTO `position` VALUES (30, '运营总监', '2018-01-11 21:13:48', 1);
INSERT INTO `position` VALUES (31, '市场总监', '2018-01-11 00:00:00', 1);
INSERT INTO `position` VALUES (33, '研发工程师', '2018-01-14 00:00:00', 0);
INSERT INTO `position` VALUES (34, '运维工程师', '2018-01-14 16:11:41', 1);
INSERT INTO `position` VALUES (55, 'Java开发', '2021-02-09 09:21:03', 1);

-- ----------------------------
-- Table structure for role
-- ----------------------------
DROP TABLE IF EXISTS `role`;
CREATE TABLE `role`  (
  `id` int(11) NOT NULL AUTO_INCREMENT,
  `name` varchar(64) CHARACTER SET utf8 COLLATE utf8_general_ci NULL DEFAULT NULL,
  `nameZh` varchar(64) CHARACTER SET utf8 COLLATE utf8_general_ci NULL DEFAULT NULL COMMENT '角色名称',
  PRIMARY KEY (`id`) USING BTREE
) ENGINE = InnoDB AUTO_INCREMENT = 15 CHARACTER SET = utf8 COLLATE = utf8_general_ci ROW_FORMAT = Dynamic;

-- ----------------------------
-- Records of role
-- ----------------------------
INSERT INTO `role` VALUES (1, 'ROLE_manager', '部门经理');
INSERT INTO `role` VALUES (2, 'ROLE_personnel', '人事专员');
INSERT INTO `role` VALUES (3, 'ROLE_recruiter', '招聘主管');
INSERT INTO `role` VALUES (4, 'ROLE_train', '培训主管');
INSERT INTO `role` VALUES (5, 'ROLE_performance', '薪酬绩效主管');
INSERT INTO `role` VALUES (6, 'ROLE_admin', '系统管理员');
INSERT INTO `role` VALUES (13, 'ROLE_test2', '测试角色①');
INSERT INTO `role` VALUES (14, 'ROLE_test1', '测试编号②');

-- ----------------------------
-- Table structure for salary
-- ----------------------------
DROP TABLE IF EXISTS `salary`;
CREATE TABLE `salary`  (
  `id` int(11) NOT NULL AUTO_INCREMENT,
  `basicSalary` int(11) NULL DEFAULT NULL COMMENT '基本工资',
  `bonus` int(11) NULL DEFAULT NULL COMMENT '奖金',
  `lunchSalary` int(11) NULL DEFAULT NULL COMMENT '午餐补助',
  `trafficSalary` int(11) NULL DEFAULT NULL COMMENT '交通补助',
  `allSalary` int(11) NULL DEFAULT NULL COMMENT '应发工资',
  `pensionBase` int(11) NULL DEFAULT NULL COMMENT '养老金基数',
  `pensionPer` float NULL DEFAULT NULL COMMENT '养老金比率',
  `createDate` timestamp(0) NULL DEFAULT NULL COMMENT '启用时间',
  `medicalBase` int(11) NULL DEFAULT NULL COMMENT '医疗基数',
  `medicalPer` float NULL DEFAULT NULL COMMENT '医疗保险比率',
  `accumulationFundBase` int(11) NULL DEFAULT NULL COMMENT '公积金基数',
  `accumulationFundPer` float NULL DEFAULT NULL COMMENT '公积金比率',
  `name` varchar(32) CHARACTER SET utf8 COLLATE utf8_general_ci NULL DEFAULT NULL,
  PRIMARY KEY (`id`) USING BTREE
) ENGINE = InnoDB AUTO_INCREMENT = 14 CHARACTER SET = utf8 COLLATE = utf8_general_ci ROW_FORMAT = Dynamic;

-- ----------------------------
-- Records of salary
-- ----------------------------
INSERT INTO `salary` VALUES (9, 9000, 4000, 800, 500, 14300, 2000, 0.07, '2018-01-24 00:00:00', 2000, 0.07, 2000, 0.07, '市场部工资账套');
INSERT INTO `salary` VALUES (10, 2000, 2000, 400, 1000, 5400, 2000, 0.07, '2018-01-01 00:00:00', 2000, 0.07, 2000, 0.07, '人事部工资账套');
INSERT INTO `salary` VALUES (13, 0, 0, 0, 0, 0, 0, 0, '2021-02-03 16:00:00', 0, 0, 0, 0, '56565');

-- ----------------------------
-- Table structure for salary_month
-- ----------------------------
DROP TABLE IF EXISTS `salary_month`;
CREATE TABLE `salary_month`  (
  `id` int(11) NOT NULL AUTO_INCREMENT,
  `eid` int(11) NULL DEFAULT NULL,
  `salaryid` int(11) NULL DEFAULT NULL,
  `time` date NULL DEFAULT NULL,
  `remark` varchar(255) CHARACTER SET utf8 COLLATE utf8_general_ci NULL DEFAULT NULL,
  PRIMARY KEY (`id`) USING BTREE,
  INDEX `salary_month_ibfk_1`(`eid`) USING BTREE,
  INDEX `salary_month_ibfk_2`(`salaryid`) USING BTREE,
  CONSTRAINT `salary_month_ibfk_1` FOREIGN KEY (`eid`) REFERENCES `employee` (`id`) ON DELETE RESTRICT ON UPDATE RESTRICT,
  CONSTRAINT `salary_month_ibfk_2` FOREIGN KEY (`salaryid`) REFERENCES `salary` (`id`) ON DELETE RESTRICT ON UPDATE RESTRICT
) ENGINE = InnoDB AUTO_INCREMENT = 2 CHARACTER SET = utf8 COLLATE = utf8_general_ci ROW_FORMAT = Dynamic;

-- ----------------------------
-- Records of salary_month
-- ----------------------------
INSERT INTO `salary_month` VALUES (1, 1, 9, '2021-03-31', NULL);

-- ----------------------------
-- Table structure for sysmsg
-- ----------------------------
DROP TABLE IF EXISTS `sysmsg`;
CREATE TABLE `sysmsg`  (
  `id` int(11) NOT NULL AUTO_INCREMENT,
  `mid` int(11) NULL DEFAULT NULL COMMENT '消息id',
  `type` int(11) NULL DEFAULT 0 COMMENT '0表示群发消息',
  `hrid` int(11) NULL DEFAULT NULL COMMENT '这条消息是给谁的',
  `state` int(11) NULL DEFAULT 0 COMMENT '0 未读 1 已读',
  PRIMARY KEY (`id`) USING BTREE,
  INDEX `hrid`(`hrid`) USING BTREE,
  INDEX `sysmsg_ibfk_1`(`mid`) USING BTREE,
  CONSTRAINT `sysmsg_ibfk_1` FOREIGN KEY (`mid`) REFERENCES `msgcontent` (`id`) ON DELETE RESTRICT ON UPDATE RESTRICT,
  CONSTRAINT `sysmsg_ibfk_2` FOREIGN KEY (`hrid`) REFERENCES `hr` (`id`) ON DELETE RESTRICT ON UPDATE RESTRICT
) ENGINE = InnoDB AUTO_INCREMENT = 82 CHARACTER SET = utf8 COLLATE = utf8_general_ci ROW_FORMAT = Dynamic;

-- ----------------------------
-- Records of sysmsg
-- ----------------------------
INSERT INTO `sysmsg` VALUES (57, 14, 0, 3, 1);
INSERT INTO `sysmsg` VALUES (58, 14, 0, 5, 1);
INSERT INTO `sysmsg` VALUES (59, 14, 0, 10, 1);
INSERT INTO `sysmsg` VALUES (60, 14, 0, 11, 0);
INSERT INTO `sysmsg` VALUES (61, 14, 0, 12, 0);
INSERT INTO `sysmsg` VALUES (62, 15, 0, 3, 1);
INSERT INTO `sysmsg` VALUES (63, 15, 0, 5, 1);
INSERT INTO `sysmsg` VALUES (64, 15, 0, 10, 1);
INSERT INTO `sysmsg` VALUES (65, 15, 0, 11, 0);
INSERT INTO `sysmsg` VALUES (66, 15, 0, 12, 0);
INSERT INTO `sysmsg` VALUES (67, 16, 0, 3, 1);
INSERT INTO `sysmsg` VALUES (68, 16, 0, 5, 1);
INSERT INTO `sysmsg` VALUES (69, 16, 0, 10, 1);
INSERT INTO `sysmsg` VALUES (70, 16, 0, 11, 0);
INSERT INTO `sysmsg` VALUES (71, 16, 0, 12, 0);
INSERT INTO `sysmsg` VALUES (72, 17, 0, 3, 1);
INSERT INTO `sysmsg` VALUES (73, 17, 0, 5, 1);
INSERT INTO `sysmsg` VALUES (74, 17, 0, 10, 1);
INSERT INTO `sysmsg` VALUES (75, 17, 0, 11, 0);
INSERT INTO `sysmsg` VALUES (76, 17, 0, 12, 0);
INSERT INTO `sysmsg` VALUES (77, 18, 0, 3, 1);
INSERT INTO `sysmsg` VALUES (78, 18, 0, 5, 0);
INSERT INTO `sysmsg` VALUES (79, 18, 0, 10, 0);
INSERT INTO `sysmsg` VALUES (80, 18, 0, 11, 0);
INSERT INTO `sysmsg` VALUES (81, 18, 0, 12, 0);

-- ----------------------------
-- Procedure structure for addDep
-- ----------------------------
DROP PROCEDURE IF EXISTS `addDep`;
delimiter ;;
CREATE PROCEDURE `addDep`(in depName varchar(32),in parentId int,in enabled boolean,out result int,out result2 int)
begin
  declare did int;
  declare pDepPath varchar(64);
  insert into department set name=depName,parentId=parentId,enabled=enabled;
  select row_count() into result;
  select last_insert_id() into did;
  set result2=did;
  select depPath into pDepPath from department where id=parentId;
  update department set depPath=concat(pDepPath,'.',did) where id=did;
  update department set isParent=true where id=parentId;
end
;;
delimiter ;

-- ----------------------------
-- Procedure structure for addEmpWithSal
-- ----------------------------
DROP PROCEDURE IF EXISTS `addEmpWithSal`;
delimiter ;;
CREATE PROCEDURE `addEmpWithSal`(in empid int,in salid int)
BEGIN
		declare iSalive int;
		select count(*) into iSalive from empsalary where eid=empid;
		if iSalive=0 then 
		insert into empsalary(eid,sid) values(empid,salid);
		else 
		update empsalary  set sid = salid  where eid = empid;
		end if;
END
;;
delimiter ;

-- ----------------------------
-- Procedure structure for deleteDep
-- ----------------------------
DROP PROCEDURE IF EXISTS `deleteDep`;
delimiter ;;
CREATE PROCEDURE `deleteDep`(in did int,out result int)
begin
  declare ecount int;
  declare pid int;
  declare pcount int;
  declare a int;
  select count(*) into a from department where id=did and isParent=false;
  if a=0 then set result=-2;
  else
  select count(*) into ecount from employee where departmentId=did;
  if ecount>0 then set result=-1;
  else
  select parentId into pid from department where id=did;
  delete from department where id=did and isParent=false;
  select row_count() into result;
  select count(*) into pcount from department where parentId=pid;
  if pcount=0 then update department set isParent=false where id=pid;
  end if;
  end if;
  end if;
end
;;
delimiter ;

SET FOREIGN_KEY_CHECKS = 1;
